date,series_id,value
2010-08-02,OIL_BRENT,81.93
2010-08-03,OIL_BRENT,83.6
2010-08-04,OIL_BRENT,83.76
2010-08-05,OIL_BRENT,82.9
2010-08-06,OIL_BRENT,81.28
2010-08-09,OIL_BRENT,81.54
2010-08-10,OIL_BRENT,79.89
2010-08-11,OIL_BRENT,77.83
2010-08-12,OIL_BRENT,76.63
2010-08-13,OIL_BRENT,75.14
2010-08-16,OIL_BRENT,74.56
2010-08-17,OIL_BRENT,76.74
2010-08-18,OIL_BRENT,75.1
2010-08-19,OIL_BRENT,74.84
2010-08-20,OIL_BRENT,73.48
2010-08-23,OIL_BRENT,73.08
2010-08-24,OIL_BRENT,70.61
2010-08-25,OIL_BRENT,70.74
2010-08-26,OIL_BRENT,74.5
2010-08-27,OIL_BRENT,75.16
2010-08-30,OIL_BRENT,76.05
2010-08-31,OIL_BRENT,75.51
2010-09-01,OIL_BRENT,75.53
2010-09-02,OIL_BRENT,74.93
2010-09-03,OIL_BRENT,75.03
2010-09-07,OIL_BRENT,75.78
2010-09-08,OIL_BRENT,77.48
2010-09-09,OIL_BRENT,77.87
2010-09-10,OIL_BRENT,77.54
2010-09-13,OIL_BRENT,78.52
2010-09-14,OIL_BRENT,78.89
2010-09-15,OIL_BRENT,78.46
2010-09-16,OIL_BRENT,78.89
2010-09-17,OIL_BRENT,77.43
2010-09-20,OIL_BRENT,79.42
2010-09-21,OIL_BRENT,78.76
2010-09-22,OIL_BRENT,77.29
2010-09-23,OIL_BRENT,77.69
2010-09-24,OIL_BRENT,78.73
2010-09-27,OIL_BRENT,77.71
2010-09-28,OIL_BRENT,79.14
2010-09-29,OIL_BRENT,78.79
2010-09-30,OIL_BRENT,80.77
2010-10-01,OIL_BRENT,82.69
2010-10-04,OIL_BRENT,83.42
2010-10-05,OIL_BRENT,83.35
2010-10-06,OIL_BRENT,85.01
2010-10-07,OIL_BRENT,83.67
2010-10-08,OIL_BRENT,83.88
2010-10-11,OIL_BRENT,83.08
2010-10-12,OIL_BRENT,82.99
2010-10-13,OIL_BRENT,84.01
2010-10-14,OIL_BRENT,83.55
2010-10-15,OIL_BRENT,81.94
2010-10-18,OIL_BRENT,82.3
2010-10-19,OIL_BRENT,81.12
2010-10-20,OIL_BRENT,81.68
2010-10-21,OIL_BRENT,81.28
2010-10-22,OIL_BRENT,80.75
2010-10-25,OIL_BRENT,81.91
2010-10-26,OIL_BRENT,82.62
2010-10-27,OIL_BRENT,81.27
2010-10-28,OIL_BRENT,82.97
2010-10-29,OIL_BRENT,82.47
2010-11-01,OIL_BRENT,84.06
2010-11-02,OIL_BRENT,84.71
2010-11-03,OIL_BRENT,85.33
2010-11-04,OIL_BRENT,86.83
2010-11-05,OIL_BRENT,87.05
2010-11-08,OIL_BRENT,87.15
2010-11-09,OIL_BRENT,87.93
2010-11-10,OIL_BRENT,87.92
2010-11-11,OIL_BRENT,88.08
2010-11-12,OIL_BRENT,86.07
2010-11-15,OIL_BRENT,85.49
2010-11-16,OIL_BRENT,83.98
2010-11-17,OIL_BRENT,83.36
2010-11-18,OIL_BRENT,83.7
2010-11-19,OIL_BRENT,83.17
2010-11-22,OIL_BRENT,82.34
2010-11-23,OIL_BRENT,82.37
2010-11-24,OIL_BRENT,84.53
2010-11-26,OIL_BRENT,84.78
2010-11-29,OIL_BRENT,85.9
2010-11-30,OIL_BRENT,86.02
2010-12-01,OIL_BRENT,88.56
2010-12-02,OIL_BRENT,89.37
2010-12-03,OIL_BRENT,90.65
2010-12-06,OIL_BRENT,91.25
2010-12-07,OIL_BRENT,90.78
2010-12-08,OIL_BRENT,89.74
2010-12-09,OIL_BRENT,89.93
2010-12-10,OIL_BRENT,89.54
2010-12-13,OIL_BRENT,90.4
2010-12-14,OIL_BRENT,90.63
2010-12-15,OIL_BRENT,91.33
2010-12-16,OIL_BRENT,91.09
2010-12-17,OIL_BRENT,91.11
2010-12-20,OIL_BRENT,91.31
2010-12-21,OIL_BRENT,93.11
2010-12-22,OIL_BRENT,93.55
2010-12-23,OIL_BRENT,93.63
2010-12-27,OIL_BRENT,93.08
2010-12-28,OIL_BRENT,93.52
2010-12-29,OIL_BRENT,93.52
2010-12-30,OIL_BRENT,92.5
2010-12-31,OIL_BRENT,93.23
2011-01-03,OIL_BRENT,95.82
2011-01-04,OIL_BRENT,93.52
2011-01-05,OIL_BRENT,95.07
2011-01-06,OIL_BRENT,94.95
2011-01-07,OIL_BRENT,94.25
2011-01-10,OIL_BRENT,95.05
2011-01-11,OIL_BRENT,96.8
2011-01-12,OIL_BRENT,97.86
2011-01-13,OIL_BRENT,97.86
2011-01-14,OIL_BRENT,97.86
2011-01-18,OIL_BRENT,97.83
2011-01-19,OIL_BRENT,98.42
2011-01-20,OIL_BRENT,96.27
2011-01-21,OIL_BRENT,96.84
2011-01-24,OIL_BRENT,96.76
2011-01-25,OIL_BRENT,96.76
2011-01-26,OIL_BRENT,96.04
2011-01-27,OIL_BRENT,96.48
2011-01-28,OIL_BRENT,97.06
2011-01-31,OIL_BRENT,98.97
2011-02-01,OIL_BRENT,100.4
2011-02-02,OIL_BRENT,101.3
2011-02-03,OIL_BRENT,101.69
2011-02-04,OIL_BRENT,99.43
2011-02-07,OIL_BRENT,99.44
2011-02-08,OIL_BRENT,99.25
2011-02-09,OIL_BRENT,100.16
2011-02-10,OIL_BRENT,100.74
2011-02-11,OIL_BRENT,99.93
2011-02-14,OIL_BRENT,103.12
2011-02-15,OIL_BRENT,102.48
2011-02-16,OIL_BRENT,102.78
2011-02-17,OIL_BRENT,103.45
2011-02-18,OIL_BRENT,102.2
2011-02-22,OIL_BRENT,106.82
2011-02-23,OIL_BRENT,109.77
2011-02-24,OIL_BRENT,113.91
2011-02-25,OIL_BRENT,111.47
2011-02-28,OIL_BRENT,112.27
2011-03-01,OIL_BRENT,113.34
2011-03-02,OIL_BRENT,116.89
2011-03-03,OIL_BRENT,114.42
2011-03-04,OIL_BRENT,115.71
2011-03-07,OIL_BRENT,116.58
2011-03-08,OIL_BRENT,112.32
2011-03-09,OIL_BRENT,115.19
2011-03-10,OIL_BRENT,114.07
2011-03-11,OIL_BRENT,114.07
2011-03-14,OIL_BRENT,112.95
2011-03-15,OIL_BRENT,111.11
2011-03-16,OIL_BRENT,110.96
2011-03-17,OIL_BRENT,114.18
2011-03-18,OIL_BRENT,114.13
2011-03-21,OIL_BRENT,114.92
2011-03-22,OIL_BRENT,115.63
2011-03-23,OIL_BRENT,115.65
2011-03-24,OIL_BRENT,115.41
2011-03-25,OIL_BRENT,115.45
2011-03-28,OIL_BRENT,115.95
2011-03-29,OIL_BRENT,115.58
2011-03-30,OIL_BRENT,115.35
2011-03-31,OIL_BRENT,116.94
2011-04-01,OIL_BRENT,118.63
2011-04-04,OIL_BRENT,120.07
2011-04-05,OIL_BRENT,122.87
2011-04-06,OIL_BRENT,123.01
2011-04-07,OIL_BRENT,122.9
2011-04-08,OIL_BRENT,126.3
2011-04-11,OIL_BRENT,126.46
2011-04-12,OIL_BRENT,121.33
2011-04-13,OIL_BRENT,122.7
2011-04-14,OIL_BRENT,122.74
2011-04-15,OIL_BRENT,124.63
2011-04-18,OIL_BRENT,121.69
2011-04-19,OIL_BRENT,121.35
2011-04-20,OIL_BRENT,124.26
2011-04-21,OIL_BRENT,123.64
2011-04-26,OIL_BRENT,124.55
2011-04-27,OIL_BRENT,124.94
2011-04-28,OIL_BRENT,126.59
2011-05-02,OIL_BRENT,126.64
2011-05-03,OIL_BRENT,124.01
2011-05-04,OIL_BRENT,121.55
2011-05-05,OIL_BRENT,111.93
2011-05-06,OIL_BRENT,113.69
2011-05-09,OIL_BRENT,113.21
2011-05-10,OIL_BRENT,117.82
2011-05-11,OIL_BRENT,115.66
2011-05-12,OIL_BRENT,112.87
2011-05-13,OIL_BRENT,113.08
2011-05-16,OIL_BRENT,113.72
2011-05-17,OIL_BRENT,109.39
2011-05-18,OIL_BRENT,112.54
2011-05-19,OIL_BRENT,113.2
2011-05-20,OIL_BRENT,111.25
2011-05-23,OIL_BRENT,110.13
2011-05-24,OIL_BRENT,112.52
2011-05-25,OIL_BRENT,114.47
2011-05-26,OIL_BRENT,115.06
2011-05-27,OIL_BRENT,114.85
2011-05-31,OIL_BRENT,117.18
2011-06-01,OIL_BRENT,116.15
2011-06-02,OIL_BRENT,114.3
2011-06-03,OIL_BRENT,115.09
2011-06-06,OIL_BRENT,115.4
2011-06-07,OIL_BRENT,116.14
2011-06-08,OIL_BRENT,118.43
2011-06-09,OIL_BRENT,119.95
2011-06-10,OIL_BRENT,118.71
2011-06-13,OIL_BRENT,120.49
2011-06-14,OIL_BRENT,120.35
2011-06-15,OIL_BRENT,114.67
2011-06-16,OIL_BRENT,114.69
2011-06-17,OIL_BRENT,113.74
2011-06-20,OIL_BRENT,112.21
2011-06-21,OIL_BRENT,112.02
2011-06-22,OIL_BRENT,113.59
2011-06-23,OIL_BRENT,108.27
2011-06-24,OIL_BRENT,104.79
2011-06-27,OIL_BRENT,104.57
2011-06-28,OIL_BRENT,107.57
2011-06-29,OIL_BRENT,111.49
2011-06-30,OIL_BRENT,111.71
2011-07-01,OIL_BRENT,109.82
2011-07-05,OIL_BRENT,113.21
2011-07-06,OIL_BRENT,113.55
2011-07-07,OIL_BRENT,117.4
2011-07-08,OIL_BRENT,117.4
2011-07-11,OIL_BRENT,117.35
2011-07-12,OIL_BRENT,117.36
2011-07-13,OIL_BRENT,118.46
2011-07-14,OIL_BRENT,117.38
2011-07-15,OIL_BRENT,118.06
2011-07-18,OIL_BRENT,117.05
2011-07-19,OIL_BRENT,118.18
2011-07-20,OIL_BRENT,118.52
2011-07-21,OIL_BRENT,118.25
2011-07-22,OIL_BRENT,118.99
2011-07-25,OIL_BRENT,118.27
2011-07-26,OIL_BRENT,118.14
2011-07-27,OIL_BRENT,117.99
2011-07-28,OIL_BRENT,118.16
2011-07-29,OIL_BRENT,115.93
2011-08-01,OIL_BRENT,116.37
2011-08-02,OIL_BRENT,116.02
2011-08-03,OIL_BRENT,113.74
2011-08-04,OIL_BRENT,110.22
2011-08-05,OIL_BRENT,106.92
2011-08-08,OIL_BRENT,103.06
2011-08-09,OIL_BRENT,103.63
2011-08-10,OIL_BRENT,103.84
2011-08-11,OIL_BRENT,107.82
2011-08-12,OIL_BRENT,108.17
2011-08-15,OIL_BRENT,108.89
2011-08-16,OIL_BRENT,109.69
2011-08-17,OIL_BRENT,111.37
2011-08-18,OIL_BRENT,108.36
2011-08-19,OIL_BRENT,109.37
2011-08-22,OIL_BRENT,108.83
2011-08-23,OIL_BRENT,110.35
2011-08-24,OIL_BRENT,111.91
2011-08-25,OIL_BRENT,111.91
2011-08-26,OIL_BRENT,112.29
2011-08-30,OIL_BRENT,115.59
2011-08-31,OIL_BRENT,116.48
2011-09-01,OIL_BRENT,116.43
2011-09-02,OIL_BRENT,115.92
2011-09-06,OIL_BRENT,113.29
2011-09-07,OIL_BRENT,117.5
2011-09-08,OIL_BRENT,117.99
2011-09-09,OIL_BRENT,115.1
2011-09-12,OIL_BRENT,114.75
2011-09-13,OIL_BRENT,114.08
2011-09-14,OIL_BRENT,113.1
2011-09-15,OIL_BRENT,116.71
2011-09-16,OIL_BRENT,116.26
2011-09-19,OIL_BRENT,112.89
2011-09-20,OIL_BRENT,114.39
2011-09-21,OIL_BRENT,114.26
2011-09-22,OIL_BRENT,109.21
2011-09-23,OIL_BRENT,109.17
2011-09-26,OIL_BRENT,107.9
2011-09-27,OIL_BRENT,109.54
2011-09-28,OIL_BRENT,108.52
2011-09-29,OIL_BRENT,107.08
2011-09-30,OIL_BRENT,105.42
2011-10-03,OIL_BRENT,103.61
2011-10-04,OIL_BRENT,101.84
2011-10-05,OIL_BRENT,103.77
2011-10-06,OIL_BRENT,104.38
2011-10-07,OIL_BRENT,106.56
2011-10-10,OIL_BRENT,109.49
2011-10-11,OIL_BRENT,109.22
2011-10-12,OIL_BRENT,112.44
2011-10-13,OIL_BRENT,112.45
2011-10-14,OIL_BRENT,114.33
2011-10-17,OIL_BRENT,112.92
2011-10-18,OIL_BRENT,112.08
2011-10-19,OIL_BRENT,111.76
2011-10-20,OIL_BRENT,109.0
2011-10-21,OIL_BRENT,111.6
2011-10-24,OIL_BRENT,111.67
2011-10-25,OIL_BRENT,112.11
2011-10-26,OIL_BRENT,110.43
2011-10-27,OIL_BRENT,112.45
2011-10-28,OIL_BRENT,110.01
2011-10-31,OIL_BRENT,108.43
2011-11-01,OIL_BRENT,106.97
2011-11-02,OIL_BRENT,110.82
2011-11-03,OIL_BRENT,110.76
2011-11-04,OIL_BRENT,112.22
2011-11-07,OIL_BRENT,114.75
2011-11-08,OIL_BRENT,115.61
2011-11-09,OIL_BRENT,115.29
2011-11-10,OIL_BRENT,113.32
2011-11-11,OIL_BRENT,114.43
2011-11-14,OIL_BRENT,112.57
2011-11-15,OIL_BRENT,111.9
2011-11-16,OIL_BRENT,111.91
2011-11-17,OIL_BRENT,109.25
2011-11-18,OIL_BRENT,107.82
2011-11-21,OIL_BRENT,105.98
2011-11-22,OIL_BRENT,107.77
2011-11-23,OIL_BRENT,106.83
2011-11-25,OIL_BRENT,106.08
2011-11-28,OIL_BRENT,109.38
2011-11-29,OIL_BRENT,111.25
2011-11-30,OIL_BRENT,111.22
2011-12-01,OIL_BRENT,108.83
2011-12-02,OIL_BRENT,109.59
2011-12-05,OIL_BRENT,110.18
2011-12-06,OIL_BRENT,110.16
2011-12-07,OIL_BRENT,110.07
2011-12-08,OIL_BRENT,108.23
2011-12-09,OIL_BRENT,107.91
2011-12-12,OIL_BRENT,107.82
2011-12-13,OIL_BRENT,109.25
2011-12-14,OIL_BRENT,105.72
2011-12-15,OIL_BRENT,104.52
2011-12-16,OIL_BRENT,104.0
2011-12-19,OIL_BRENT,104.55
2011-12-20,OIL_BRENT,107.8
2011-12-21,OIL_BRENT,108.0
2011-12-22,OIL_BRENT,108.98
2011-12-23,OIL_BRENT,109.28
2011-12-28,OIL_BRENT,107.54
2011-12-29,OIL_BRENT,106.89
2011-12-30,OIL_BRENT,108.09
2012-01-03,OIL_BRENT,111.12
2012-01-04,OIL_BRENT,113.37
2012-01-05,OIL_BRENT,113.59
2012-01-06,OIL_BRENT,111.96
2012-01-09,OIL_BRENT,111.07
2012-01-10,OIL_BRENT,113.3
2012-01-11,OIL_BRENT,111.66
2012-01-12,OIL_BRENT,112.97
2012-01-13,OIL_BRENT,109.88
2012-01-17,OIL_BRENT,110.55
2012-01-18,OIL_BRENT,109.81
2012-01-19,OIL_BRENT,109.54
2012-01-20,OIL_BRENT,108.5
2012-01-23,OIL_BRENT,109.46
2012-01-24,OIL_BRENT,108.38
2012-01-25,OIL_BRENT,108.48
2012-01-26,OIL_BRENT,109.08
2012-01-27,OIL_BRENT,110.5
2012-01-30,OIL_BRENT,110.24
2012-01-31,OIL_BRENT,110.26
2012-02-01,OIL_BRENT,111.96
2012-02-02,OIL_BRENT,110.96
2012-02-03,OIL_BRENT,112.56
2012-02-06,OIL_BRENT,115.47
2012-02-07,OIL_BRENT,116.86
2012-02-08,OIL_BRENT,117.18
2012-02-09,OIL_BRENT,118.4
2012-02-10,OIL_BRENT,118.13
2012-02-13,OIL_BRENT,118.73
2012-02-14,OIL_BRENT,118.3
2012-02-15,OIL_BRENT,120.25
2012-02-16,OIL_BRENT,121.0
2012-02-17,OIL_BRENT,120.69
2012-02-21,OIL_BRENT,120.85
2012-02-22,OIL_BRENT,123.07
2012-02-23,OIL_BRENT,124.53
2012-02-24,OIL_BRENT,124.89
2012-02-27,OIL_BRENT,126.46
2012-02-28,OIL_BRENT,124.02
2012-02-29,OIL_BRENT,122.23
2012-03-01,OIL_BRENT,125.76
2012-03-02,OIL_BRENT,125.93
2012-03-05,OIL_BRENT,126.68
2012-03-06,OIL_BRENT,125.03
2012-03-07,OIL_BRENT,125.37
2012-03-08,OIL_BRENT,127.96
2012-03-09,OIL_BRENT,128.08
2012-03-12,OIL_BRENT,127.27
2012-03-13,OIL_BRENT,128.14
2012-03-14,OIL_BRENT,126.98
2012-03-15,OIL_BRENT,123.63
2012-03-16,OIL_BRENT,125.09
2012-03-19,OIL_BRENT,125.76
2012-03-20,OIL_BRENT,124.38
2012-03-21,OIL_BRENT,123.89
2012-03-22,OIL_BRENT,122.49
2012-03-23,OIL_BRENT,125.21
2012-03-26,OIL_BRENT,125.85
2012-03-27,OIL_BRENT,125.25
2012-03-28,OIL_BRENT,124.41
2012-03-29,OIL_BRENT,123.23
2012-03-30,OIL_BRENT,123.41
2012-04-02,OIL_BRENT,124.44
2012-04-04,OIL_BRENT,123.04
2012-04-05,OIL_BRENT,123.58
2012-04-10,OIL_BRENT,121.89
2012-04-11,OIL_BRENT,120.41
2012-04-12,OIL_BRENT,120.57
2012-04-13,OIL_BRENT,120.62
2012-04-16,OIL_BRENT,118.23
2012-04-17,OIL_BRENT,117.41
2012-04-18,OIL_BRENT,115.18
2012-04-19,OIL_BRENT,117.0
2012-04-20,OIL_BRENT,118.08
2012-04-23,OIL_BRENT,116.66
2012-04-24,OIL_BRENT,117.74
2012-04-25,OIL_BRENT,117.45
2012-04-26,OIL_BRENT,119.33
2012-04-27,OIL_BRENT,119.3
2012-04-30,OIL_BRENT,118.66
2012-05-01,OIL_BRENT,119.57
2012-05-02,OIL_BRENT,117.57
2012-05-03,OIL_BRENT,115.91
2012-05-04,OIL_BRENT,111.66
2012-05-08,OIL_BRENT,110.48
2012-05-09,OIL_BRENT,111.89
2012-05-10,OIL_BRENT,112.24
2012-05-11,OIL_BRENT,112.5
2012-05-14,OIL_BRENT,110.79
2012-05-15,OIL_BRENT,111.4
2012-05-16,OIL_BRENT,109.8
2012-05-17,OIL_BRENT,109.31
2012-05-18,OIL_BRENT,108.03
2012-05-21,OIL_BRENT,109.02
2012-05-22,OIL_BRENT,109.76
2012-05-23,OIL_BRENT,106.88
2012-05-24,OIL_BRENT,107.2
2012-05-25,OIL_BRENT,107.86
2012-05-29,OIL_BRENT,107.55
2012-05-30,OIL_BRENT,103.85
2012-05-31,OIL_BRENT,103.86
2012-06-01,OIL_BRENT,98.63
2012-06-04,OIL_BRENT,97.74
2012-06-05,OIL_BRENT,98.65
2012-06-06,OIL_BRENT,101.14
2012-06-07,OIL_BRENT,100.05
2012-06-08,OIL_BRENT,97.57
2012-06-11,OIL_BRENT,98.6
2012-06-12,OIL_BRENT,96.59
2012-06-13,OIL_BRENT,97.29
2012-06-14,OIL_BRENT,96.46
2012-06-15,OIL_BRENT,97.13
2012-06-18,OIL_BRENT,95.21
2012-06-19,OIL_BRENT,95.14
2012-06-20,OIL_BRENT,93.5
2012-06-21,OIL_BRENT,89.22
2012-06-22,OIL_BRENT,89.22
2012-06-25,OIL_BRENT,88.69
2012-06-26,OIL_BRENT,90.19
2012-06-27,OIL_BRENT,92.06
2012-06-28,OIL_BRENT,91.02
2012-06-29,OIL_BRENT,94.17
2012-07-02,OIL_BRENT,95.28
2012-07-03,OIL_BRENT,99.89
2012-07-05,OIL_BRENT,101.54
2012-07-06,OIL_BRENT,98.5
2012-07-09,OIL_BRENT,99.94
2012-07-10,OIL_BRENT,99.15
2012-07-11,OIL_BRENT,99.23
2012-07-12,OIL_BRENT,99.18
2012-07-13,OIL_BRENT,101.91
2012-07-16,OIL_BRENT,102.1
2012-07-17,OIL_BRENT,104.21
2012-07-18,OIL_BRENT,105.92
2012-07-19,OIL_BRENT,107.79
2012-07-20,OIL_BRENT,106.98
2012-07-23,OIL_BRENT,103.91
2012-07-24,OIL_BRENT,103.57
2012-07-25,OIL_BRENT,102.35
2012-07-26,OIL_BRENT,104.77
2012-07-27,OIL_BRENT,106.3
2012-07-30,OIL_BRENT,106.54
2012-07-31,OIL_BRENT,105.93
2012-08-01,OIL_BRENT,106.78
2012-08-02,OIL_BRENT,107.55
2012-08-03,OIL_BRENT,109.57
2012-08-06,OIL_BRENT,110.01
2012-08-07,OIL_BRENT,112.39
2012-08-08,OIL_BRENT,113.42
2012-08-09,OIL_BRENT,113.52
2012-08-10,OIL_BRENT,113.13
2012-08-13,OIL_BRENT,114.48
2012-08-14,OIL_BRENT,113.9
2012-08-15,OIL_BRENT,115.51
2012-08-16,OIL_BRENT,116.12
2012-08-17,OIL_BRENT,115.2
2012-08-20,OIL_BRENT,115.5
2012-08-21,OIL_BRENT,116.03
2012-08-22,OIL_BRENT,115.77
2012-08-23,OIL_BRENT,117.45
2012-08-24,OIL_BRENT,115.76
2012-08-27,OIL_BRENT,113.74
2012-08-28,OIL_BRENT,112.62
2012-08-29,OIL_BRENT,112.53
2012-08-30,OIL_BRENT,112.28
2012-08-31,OIL_BRENT,113.93
2012-09-04,OIL_BRENT,114.98
2012-09-05,OIL_BRENT,113.32
2012-09-06,OIL_BRENT,114.5
2012-09-07,OIL_BRENT,113.64
2012-09-10,OIL_BRENT,113.84
2012-09-11,OIL_BRENT,114.86
2012-09-12,OIL_BRENT,114.86
2012-09-13,OIL_BRENT,116.0
2012-09-14,OIL_BRENT,117.48
2012-09-17,OIL_BRENT,116.7
2012-09-18,OIL_BRENT,113.29
2012-09-19,OIL_BRENT,108.49
2012-09-20,OIL_BRENT,109.41
2012-09-21,OIL_BRENT,111.27
2012-09-24,OIL_BRENT,109.2
2012-09-25,OIL_BRENT,110.77
2012-09-26,OIL_BRENT,108.99
2012-09-27,OIL_BRENT,111.45
2012-09-28,OIL_BRENT,111.36
2012-10-01,OIL_BRENT,112.58
2012-10-02,OIL_BRENT,112.49
2012-10-03,OIL_BRENT,109.32
2012-10-04,OIL_BRENT,110.48
2012-10-05,OIL_BRENT,112.17
2012-10-08,OIL_BRENT,112.6
2012-10-09,OIL_BRENT,114.32
2012-10-10,OIL_BRENT,116.11
2012-10-11,OIL_BRENT,116.18
2012-10-12,OIL_BRENT,115.17
2012-10-15,OIL_BRENT,115.0
2012-10-16,OIL_BRENT,115.0
2012-10-17,OIL_BRENT,113.49
2012-10-18,OIL_BRENT,112.58
2012-10-19,OIL_BRENT,111.89
2012-10-22,OIL_BRENT,109.62
2012-10-23,OIL_BRENT,107.53
2012-10-24,OIL_BRENT,107.66
2012-10-25,OIL_BRENT,107.64
2012-10-26,OIL_BRENT,108.9
2012-10-29,OIL_BRENT,109.33
2012-10-30,OIL_BRENT,109.4
2012-10-31,OIL_BRENT,109.89
2012-11-01,OIL_BRENT,108.84
2012-11-02,OIL_BRENT,106.79
2012-11-05,OIL_BRENT,105.59
2012-11-06,OIL_BRENT,109.27
2012-11-07,OIL_BRENT,108.21
2012-11-08,OIL_BRENT,107.23
2012-11-09,OIL_BRENT,108.61
2012-11-12,OIL_BRENT,110.23
2012-11-13,OIL_BRENT,108.82
2012-11-14,OIL_BRENT,109.66
2012-11-15,OIL_BRENT,110.07
2012-11-16,OIL_BRENT,106.81
2012-11-19,OIL_BRENT,110.06
2012-11-20,OIL_BRENT,110.01
2012-11-21,OIL_BRENT,110.81
2012-11-23,OIL_BRENT,110.14
2012-11-26,OIL_BRENT,110.18
2012-11-27,OIL_BRENT,109.33
2012-11-28,OIL_BRENT,108.26
2012-11-29,OIL_BRENT,110.47
2012-11-30,OIL_BRENT,110.84
2012-12-03,OIL_BRENT,111.27
2012-12-04,OIL_BRENT,109.99
2012-12-05,OIL_BRENT,108.96
2012-12-06,OIL_BRENT,108.01
2012-12-07,OIL_BRENT,107.16
2012-12-10,OIL_BRENT,108.25
2012-12-11,OIL_BRENT,107.6
2012-12-12,OIL_BRENT,110.17
2012-12-13,OIL_BRENT,110.18
2012-12-14,OIL_BRENT,109.28
2012-12-17,OIL_BRENT,109.35
2012-12-18,OIL_BRENT,109.96
2012-12-19,OIL_BRENT,109.95
2012-12-20,OIL_BRENT,110.57
2012-12-21,OIL_BRENT,109.13
2012-12-24,OIL_BRENT,108.44
2012-12-26,OIL_BRENT,110.72
2012-12-27,OIL_BRENT,110.04
2012-12-28,OIL_BRENT,110.05
2012-12-31,OIL_BRENT,110.8
2013-01-02,OIL_BRENT,112.98
2013-01-03,OIL_BRENT,113.03
2013-01-04,OIL_BRENT,112.58
2013-01-07,OIL_BRENT,112.49
2013-01-08,OIL_BRENT,113.03
2013-01-09,OIL_BRENT,113.07
2013-01-10,OIL_BRENT,112.97
2013-01-11,OIL_BRENT,110.3
2013-01-14,OIL_BRENT,111.32
2013-01-15,OIL_BRENT,111.72
2013-01-16,OIL_BRENT,110.97
2013-01-17,OIL_BRENT,111.01
2013-01-18,OIL_BRENT,111.71
2013-01-22,OIL_BRENT,112.72
2013-01-23,OIL_BRENT,113.68
2013-01-24,OIL_BRENT,114.59
2013-01-25,OIL_BRENT,113.88
2013-01-28,OIL_BRENT,113.92
2013-01-29,OIL_BRENT,115.22
2013-01-30,OIL_BRENT,115.42
2013-01-31,OIL_BRENT,115.55
2013-02-01,OIL_BRENT,115.55
2013-02-04,OIL_BRENT,116.06
2013-02-05,OIL_BRENT,117.03
2013-02-06,OIL_BRENT,116.61
2013-02-07,OIL_BRENT,117.17
2013-02-08,OIL_BRENT,118.9
2013-02-11,OIL_BRENT,118.29
2013-02-12,OIL_BRENT,117.89
2013-02-13,OIL_BRENT,118.43
2013-02-14,OIL_BRENT,118.48
2013-02-15,OIL_BRENT,117.4
2013-02-19,OIL_BRENT,117.04
2013-02-20,OIL_BRENT,116.23
2013-02-21,OIL_BRENT,114.19
2013-02-22,OIL_BRENT,113.74
2013-02-25,OIL_BRENT,114.55
2013-02-26,OIL_BRENT,112.96
2013-02-27,OIL_BRENT,112.24
2013-02-28,OIL_BRENT,112.2
2013-03-01,OIL_BRENT,110.14
2013-03-04,OIL_BRENT,109.9
2013-03-05,OIL_BRENT,110.42
2013-03-06,OIL_BRENT,110.27
2013-03-07,OIL_BRENT,110.42
2013-03-08,OIL_BRENT,108.91
2013-03-11,OIL_BRENT,108.64
2013-03-12,OIL_BRENT,108.48
2013-03-13,OIL_BRENT,107.51
2013-03-14,OIL_BRENT,108.1
2013-03-15,OIL_BRENT,109.32
2013-03-18,OIL_BRENT,108.54
2013-03-19,OIL_BRENT,106.91
2013-03-20,OIL_BRENT,108.27
2013-03-21,OIL_BRENT,106.41
2013-03-22,OIL_BRENT,106.51
2013-03-25,OIL_BRENT,106.66
2013-03-26,OIL_BRENT,107.1
2013-03-27,OIL_BRENT,108.51
2013-03-28,OIL_BRENT,108.46
2013-04-01,OIL_BRENT,108.76
2013-04-02,OIL_BRENT,109.66
2013-04-03,OIL_BRENT,107.82
2013-04-04,OIL_BRENT,105.09
2013-04-05,OIL_BRENT,103.98
2013-04-08,OIL_BRENT,103.16
2013-04-09,OIL_BRENT,104.08
2013-04-10,OIL_BRENT,104.8
2013-04-11,OIL_BRENT,103.62
2013-04-12,OIL_BRENT,100.58
2013-04-15,OIL_BRENT,99.32
2013-04-16,OIL_BRENT,97.88
2013-04-17,OIL_BRENT,96.84
2013-04-18,OIL_BRENT,97.48
2013-04-19,OIL_BRENT,98.94
2013-04-22,OIL_BRENT,99.07
2013-04-23,OIL_BRENT,99.25
2013-04-24,OIL_BRENT,100.71
2013-04-25,OIL_BRENT,101.62
2013-04-26,OIL_BRENT,102.39
2013-04-29,OIL_BRENT,102.88
2013-04-30,OIL_BRENT,101.53
2013-05-01,OIL_BRENT,98.34
2013-05-02,OIL_BRENT,100.32
2013-05-03,OIL_BRENT,104.6
2013-05-06,OIL_BRENT,105.0
2013-05-07,OIL_BRENT,105.18
2013-05-08,OIL_BRENT,103.79
2013-05-09,OIL_BRENT,103.59
2013-05-10,OIL_BRENT,101.31
2013-05-13,OIL_BRENT,102.17
2013-05-14,OIL_BRENT,102.7
2013-05-15,OIL_BRENT,101.57
2013-05-16,OIL_BRENT,104.27
2013-05-17,OIL_BRENT,103.83
2013-05-20,OIL_BRENT,104.55
2013-05-21,OIL_BRENT,103.1
2013-05-22,OIL_BRENT,102.14
2013-05-23,OIL_BRENT,100.46
2013-05-24,OIL_BRENT,101.24
2013-05-28,OIL_BRENT,103.77
2013-05-29,OIL_BRENT,102.14
2013-05-30,OIL_BRENT,101.79
2013-05-31,OIL_BRENT,100.43
2013-06-03,OIL_BRENT,101.63
2013-06-04,OIL_BRENT,102.04
2013-06-05,OIL_BRENT,103.51
2013-06-06,OIL_BRENT,103.37
2013-06-07,OIL_BRENT,104.07
2013-06-10,OIL_BRENT,103.87
2013-06-11,OIL_BRENT,101.5
2013-06-12,OIL_BRENT,103.11
2013-06-13,OIL_BRENT,103.38
2013-06-14,OIL_BRENT,105.1
2013-06-17,OIL_BRENT,105.8
2013-06-18,OIL_BRENT,105.21
2013-06-19,OIL_BRENT,105.56
2013-06-20,OIL_BRENT,102.72
2013-06-21,OIL_BRENT,100.36
2013-06-24,OIL_BRENT,99.8
2013-06-25,OIL_BRENT,101.51
2013-06-26,OIL_BRENT,100.62
2013-06-27,OIL_BRENT,102.74
2013-06-28,OIL_BRENT,102.49
2013-07-01,OIL_BRENT,103.19
2013-07-02,OIL_BRENT,103.96
2013-07-03,OIL_BRENT,106.12
2013-07-05,OIL_BRENT,107.46
2013-07-08,OIL_BRENT,107.75
2013-07-09,OIL_BRENT,107.9
2013-07-10,OIL_BRENT,108.43
2013-07-11,OIL_BRENT,108.18
2013-07-12,OIL_BRENT,109.03
2013-07-15,OIL_BRENT,109.05
2013-07-16,OIL_BRENT,109.29
2013-07-17,OIL_BRENT,109.67
2013-07-18,OIL_BRENT,109.71
2013-07-19,OIL_BRENT,109.34
2013-07-22,OIL_BRENT,108.82
2013-07-23,OIL_BRENT,109.27
2013-07-24,OIL_BRENT,108.23
2013-07-25,OIL_BRENT,108.1
2013-07-26,OIL_BRENT,107.57
2013-07-29,OIL_BRENT,108.1
2013-07-30,OIL_BRENT,107.47
2013-07-31,OIL_BRENT,107.89
2013-08-01,OIL_BRENT,109.94
2013-08-02,OIL_BRENT,109.63
2013-08-05,OIL_BRENT,109.81
2013-08-06,OIL_BRENT,108.77
2013-08-07,OIL_BRENT,108.39
2013-08-08,OIL_BRENT,107.32
2013-08-09,OIL_BRENT,108.49
2013-08-12,OIL_BRENT,109.28
2013-08-13,OIL_BRENT,110.69
2013-08-14,OIL_BRENT,110.26
2013-08-15,OIL_BRENT,111.58
2013-08-16,OIL_BRENT,111.82
2013-08-19,OIL_BRENT,111.41
2013-08-20,OIL_BRENT,110.74
2013-08-21,OIL_BRENT,110.82
2013-08-22,OIL_BRENT,110.51
2013-08-23,OIL_BRENT,112.12
2013-08-26,OIL_BRENT,112.23
2013-08-27,OIL_BRENT,115.21
2013-08-28,OIL_BRENT,116.27
2013-08-29,OIL_BRENT,116.91
2013-08-30,OIL_BRENT,115.97
2013-09-03,OIL_BRENT,115.49
2013-09-04,OIL_BRENT,115.65
2013-09-05,OIL_BRENT,115.81
2013-09-06,OIL_BRENT,117.15
2013-09-09,OIL_BRENT,115.2
2013-09-10,OIL_BRENT,112.1
2013-09-11,OIL_BRENT,112.37
2013-09-12,OIL_BRENT,113.11
2013-09-13,OIL_BRENT,113.31
2013-09-16,OIL_BRENT,110.86
2013-09-17,OIL_BRENT,109.05
2013-09-18,OIL_BRENT,109.09
2013-09-19,OIL_BRENT,110.66
2013-09-20,OIL_BRENT,110.22
2013-09-23,OIL_BRENT,108.56
2013-09-24,OIL_BRENT,107.68
2013-09-25,OIL_BRENT,109.46
2013-09-26,OIL_BRENT,108.86
2013-09-27,OIL_BRENT,109.45
2013-09-30,OIL_BRENT,107.85
2013-10-01,OIL_BRENT,107.32
2013-10-02,OIL_BRENT,109.09
2013-10-03,OIL_BRENT,109.49
2013-10-04,OIL_BRENT,109.42
2013-10-07,OIL_BRENT,109.66
2013-10-08,OIL_BRENT,110.56
2013-10-09,OIL_BRENT,109.02
2013-10-10,OIL_BRENT,111.63
2013-10-11,OIL_BRENT,110.65
2013-10-14,OIL_BRENT,110.13
2013-10-15,OIL_BRENT,110.67
2013-10-16,OIL_BRENT,110.79
2013-10-17,OIL_BRENT,109.55
2013-10-18,OIL_BRENT,109.4
2013-10-21,OIL_BRENT,109.47
2013-10-22,OIL_BRENT,109.57
2013-10-23,OIL_BRENT,107.74
2013-10-24,OIL_BRENT,106.63
2013-10-25,OIL_BRENT,105.7
2013-10-28,OIL_BRENT,108.29
2013-10-29,OIL_BRENT,108.04
2013-10-30,OIL_BRENT,108.41
2013-10-31,OIL_BRENT,107.53
2013-11-01,OIL_BRENT,105.78
2013-11-04,OIL_BRENT,104.85
2013-11-05,OIL_BRENT,105.01
2013-11-06,OIL_BRENT,105.46
2013-11-07,OIL_BRENT,103.08
2013-11-08,OIL_BRENT,104.29
2013-11-11,OIL_BRENT,105.76
2013-11-12,OIL_BRENT,106.29
2013-11-13,OIL_BRENT,106.9
2013-11-14,OIL_BRENT,108.29
2013-11-15,OIL_BRENT,108.25
2013-11-18,OIL_BRENT,108.8
2013-11-19,OIL_BRENT,108.29
2013-11-20,OIL_BRENT,108.27
2013-11-21,OIL_BRENT,109.9
2013-11-22,OIL_BRENT,111.36
2013-11-25,OIL_BRENT,110.83
2013-11-26,OIL_BRENT,112.04
2013-11-27,OIL_BRENT,111.32
2013-11-29,OIL_BRENT,111.07
2013-12-02,OIL_BRENT,111.49
2013-12-03,OIL_BRENT,113.06
2013-12-04,OIL_BRENT,113.27
2013-12-05,OIL_BRENT,112.07
2013-12-06,OIL_BRENT,111.5
2013-12-09,OIL_BRENT,110.07
2013-12-10,OIL_BRENT,108.91
2013-12-11,OIL_BRENT,109.47
2013-12-12,OIL_BRENT,108.99
2013-12-13,OIL_BRENT,108.08
2013-12-16,OIL_BRENT,110.3
2013-12-17,OIL_BRENT,108.91
2013-12-18,OIL_BRENT,109.56
2013-12-19,OIL_BRENT,110.78
2013-12-20,OIL_BRENT,112.15
2013-12-23,OIL_BRENT,111.58
2013-12-24,OIL_BRENT,111.57
2013-12-26,OIL_BRENT,111.65
2013-12-27,OIL_BRENT,112.06
2013-12-30,OIL_BRENT,110.47
2013-12-31,OIL_BRENT,109.95
2014-01-02,OIL_BRENT,107.94
2014-01-03,OIL_BRENT,106.57
2014-01-06,OIL_BRENT,106.71
2014-01-07,OIL_BRENT,107.01
2014-01-08,OIL_BRENT,107.42
2014-01-09,OIL_BRENT,107.49
2014-01-10,OIL_BRENT,106.44
2014-01-13,OIL_BRENT,108.02
2014-01-14,OIL_BRENT,107.12
2014-01-15,OIL_BRENT,108.09
2014-01-16,OIL_BRENT,107.46
2014-01-17,OIL_BRENT,108.45
2014-01-20,OIL_BRENT,108.01
2014-01-21,OIL_BRENT,109.17
2014-01-22,OIL_BRENT,109.69
2014-01-23,OIL_BRENT,109.69
2014-01-24,OIL_BRENT,109.14
2014-01-27,OIL_BRENT,108.72
2014-01-28,OIL_BRENT,109.1
2014-01-29,OIL_BRENT,108.83
2014-01-30,OIL_BRENT,109.36
2014-01-31,OIL_BRENT,108.16
2014-02-03,OIL_BRENT,106.55
2014-02-04,OIL_BRENT,107.04
2014-02-05,OIL_BRENT,106.81
2014-02-06,OIL_BRENT,108.15
2014-02-07,OIL_BRENT,110.12
2014-02-10,OIL_BRENT,110.18
2014-02-11,OIL_BRENT,109.21
2014-02-12,OIL_BRENT,108.62
2014-02-13,OIL_BRENT,108.98
2014-02-14,OIL_BRENT,108.63
2014-02-18,OIL_BRENT,110.14
2014-02-19,OIL_BRENT,110.37
2014-02-20,OIL_BRENT,109.42
2014-02-21,OIL_BRENT,109.03
2014-02-24,OIL_BRENT,109.76
2014-02-25,OIL_BRENT,109.19
2014-02-26,OIL_BRENT,109.39
2014-02-27,OIL_BRENT,108.54
2014-02-28,OIL_BRENT,108.98
2014-03-03,OIL_BRENT,111.26
2014-03-04,OIL_BRENT,109.17
2014-03-05,OIL_BRENT,108.15
2014-03-06,OIL_BRENT,107.99
2014-03-07,OIL_BRENT,109.14
2014-03-10,OIL_BRENT,108.27
2014-03-11,OIL_BRENT,108.35
2014-03-12,OIL_BRENT,107.88
2014-03-13,OIL_BRENT,107.48
2014-03-14,OIL_BRENT,108.08
2014-03-17,OIL_BRENT,106.99
2014-03-18,OIL_BRENT,106.79
2014-03-19,OIL_BRENT,105.95
2014-03-20,OIL_BRENT,105.73
2014-03-21,OIL_BRENT,107.2
2014-03-24,OIL_BRENT,106.59
2014-03-25,OIL_BRENT,107.01
2014-03-26,OIL_BRENT,105.9
2014-03-27,OIL_BRENT,106.58
2014-03-28,OIL_BRENT,106.64
2014-03-31,OIL_BRENT,105.95
2014-04-01,OIL_BRENT,105.7
2014-04-02,OIL_BRENT,103.37
2014-04-03,OIL_BRENT,104.88
2014-04-04,OIL_BRENT,106.41
2014-04-07,OIL_BRENT,104.89
2014-04-08,OIL_BRENT,105.83
2014-04-09,OIL_BRENT,107.39
2014-04-10,OIL_BRENT,107.1
2014-04-11,OIL_BRENT,107.34
2014-04-14,OIL_BRENT,107.68
2014-04-15,OIL_BRENT,109.1
2014-04-16,OIL_BRENT,109.71
2014-04-17,OIL_BRENT,109.79
2014-04-21,OIL_BRENT,109.69
2014-04-22,OIL_BRENT,108.54
2014-04-23,OIL_BRENT,108.48
2014-04-24,OIL_BRENT,109.79
2014-04-25,OIL_BRENT,109.53
2014-04-28,OIL_BRENT,109.12
2014-04-29,OIL_BRENT,109.89
2014-04-30,OIL_BRENT,108.63
2014-05-01,OIL_BRENT,108.63
2014-05-02,OIL_BRENT,109.48
2014-05-05,OIL_BRENT,109.48
2014-05-06,OIL_BRENT,108.3
2014-05-07,OIL_BRENT,108.17
2014-05-08,OIL_BRENT,108.19
2014-05-09,OIL_BRENT,108.26
2014-05-12,OIL_BRENT,108.37
2014-05-13,OIL_BRENT,108.78
2014-05-14,OIL_BRENT,109.87
2014-05-15,OIL_BRENT,109.74
2014-05-16,OIL_BRENT,110.9
2014-05-19,OIL_BRENT,110.84
2014-05-20,OIL_BRENT,110.35
2014-05-21,OIL_BRENT,111.32
2014-05-22,OIL_BRENT,110.89
2014-05-23,OIL_BRENT,110.19
2014-05-26,OIL_BRENT,110.01
2014-05-27,OIL_BRENT,109.81
2014-05-28,OIL_BRENT,109.09
2014-05-29,OIL_BRENT,109.98
2014-05-30,OIL_BRENT,109.21
2014-06-02,OIL_BRENT,109.34
2014-06-03,OIL_BRENT,108.87
2014-06-04,OIL_BRENT,109.07
2014-06-05,OIL_BRENT,108.43
2014-06-06,OIL_BRENT,109.21
2014-06-09,OIL_BRENT,110.55
2014-06-10,OIL_BRENT,109.18
2014-06-11,OIL_BRENT,109.83
2014-06-12,OIL_BRENT,112.18
2014-06-13,OIL_BRENT,113.15
2014-06-16,OIL_BRENT,113.42
2014-06-17,OIL_BRENT,114.02
2014-06-18,OIL_BRENT,114.25
2014-06-19,OIL_BRENT,115.19
2014-06-20,OIL_BRENT,114.55
2014-06-23,OIL_BRENT,113.62
2014-06-24,OIL_BRENT,113.74
2014-06-25,OIL_BRENT,112.84
2014-06-26,OIL_BRENT,112.61
2014-06-27,OIL_BRENT,112.62
2014-06-30,OIL_BRENT,111.03
2014-07-01,OIL_BRENT,110.84
2014-07-02,OIL_BRENT,110.18
2014-07-03,OIL_BRENT,108.98
2014-07-07,OIL_BRENT,108.7
2014-07-08,OIL_BRENT,107.65
2014-07-09,OIL_BRENT,106.84
2014-07-10,OIL_BRENT,106.2
2014-07-11,OIL_BRENT,105.77
2014-07-14,OIL_BRENT,104.73
2014-07-15,OIL_BRENT,104.73
2014-07-16,OIL_BRENT,105.41
2014-07-17,OIL_BRENT,106.04
2014-07-18,OIL_BRENT,106.03
2014-07-21,OIL_BRENT,105.71
2014-07-22,OIL_BRENT,106.48
2014-07-23,OIL_BRENT,106.85
2014-07-24,OIL_BRENT,105.78
2014-07-25,OIL_BRENT,106.89
2014-07-28,OIL_BRENT,106.7
2014-07-29,OIL_BRENT,106.98
2014-07-30,OIL_BRENT,106.47
2014-07-31,OIL_BRENT,104.94
2014-08-01,OIL_BRENT,103.45
2014-08-04,OIL_BRENT,103.63
2014-08-05,OIL_BRENT,102.82
2014-08-06,OIL_BRENT,104.17
2014-08-07,OIL_BRENT,104.02
2014-08-08,OIL_BRENT,103.36
2014-08-11,OIL_BRENT,103.47
2014-08-12,OIL_BRENT,101.68
2014-08-13,OIL_BRENT,102.27
2014-08-14,OIL_BRENT,101.15
2014-08-15,OIL_BRENT,101.13
2014-08-18,OIL_BRENT,99.37
2014-08-19,OIL_BRENT,99.74
2014-08-20,OIL_BRENT,99.92
2014-08-21,OIL_BRENT,100.28
2014-08-22,OIL_BRENT,100.09
2014-08-25,OIL_BRENT,100.49
2014-08-26,OIL_BRENT,100.5
2014-08-27,OIL_BRENT,100.4
2014-08-28,OIL_BRENT,100.71
2014-08-29,OIL_BRENT,101.12
2014-09-02,OIL_BRENT,100.21
2014-09-03,OIL_BRENT,100.88
2014-09-04,OIL_BRENT,101.21
2014-09-05,OIL_BRENT,99.51
2014-09-08,OIL_BRENT,99.53
2014-09-09,OIL_BRENT,98.08
2014-09-10,OIL_BRENT,96.26
2014-09-11,OIL_BRENT,96.42
2014-09-12,OIL_BRENT,96.31
2014-09-15,OIL_BRENT,96.43
2014-09-16,OIL_BRENT,97.39
2014-09-17,OIL_BRENT,97.7
2014-09-18,OIL_BRENT,96.82
2014-09-19,OIL_BRENT,96.75
2014-09-22,OIL_BRENT,95.37
2014-09-23,OIL_BRENT,94.87
2014-09-24,OIL_BRENT,94.53
2014-09-25,OIL_BRENT,95.2
2014-09-26,OIL_BRENT,95.08
2014-09-29,OIL_BRENT,95.7
2014-09-30,OIL_BRENT,94.67
2014-10-01,OIL_BRENT,94.57
2014-10-02,OIL_BRENT,91.29
2014-10-03,OIL_BRENT,90.8
2014-10-06,OIL_BRENT,90.65
2014-10-07,OIL_BRENT,90.9
2014-10-08,OIL_BRENT,90.25
2014-10-09,OIL_BRENT,90.47
2014-10-10,OIL_BRENT,88.66
2014-10-13,OIL_BRENT,87.82
2014-10-14,OIL_BRENT,86.36
2014-10-15,OIL_BRENT,84.02
2014-10-16,OIL_BRENT,84.02
2014-10-17,OIL_BRENT,85.27
2014-10-20,OIL_BRENT,84.42
2014-10-21,OIL_BRENT,85.17
2014-10-22,OIL_BRENT,86.38
2014-10-23,OIL_BRENT,85.94
2014-10-24,OIL_BRENT,86.0
2014-10-27,OIL_BRENT,85.64
2014-10-28,OIL_BRENT,85.57
2014-10-29,OIL_BRENT,86.91
2014-10-30,OIL_BRENT,85.5
2014-10-31,OIL_BRENT,84.17
2014-11-03,OIL_BRENT,84.9
2014-11-04,OIL_BRENT,82.12
2014-11-05,OIL_BRENT,82.88
2014-11-06,OIL_BRENT,82.08
2014-11-07,OIL_BRENT,83.2
2014-11-10,OIL_BRENT,82.9
2014-11-11,OIL_BRENT,80.94
2014-11-12,OIL_BRENT,80.42
2014-11-13,OIL_BRENT,77.74
2014-11-14,OIL_BRENT,77.51
2014-11-17,OIL_BRENT,76.86
2014-11-18,OIL_BRENT,77.23
2014-11-19,OIL_BRENT,77.21
2014-11-20,OIL_BRENT,77.61
2014-11-21,OIL_BRENT,79.2
2014-11-24,OIL_BRENT,79.62
2014-11-25,OIL_BRENT,77.62
2014-11-26,OIL_BRENT,77.39
2014-11-28,OIL_BRENT,71.89
2014-12-01,OIL_BRENT,70.87
2014-12-02,OIL_BRENT,71.13
2014-12-03,OIL_BRENT,70.13
2014-12-04,OIL_BRENT,68.48
2014-12-05,OIL_BRENT,68.0
2014-12-08,OIL_BRENT,65.64
2014-12-09,OIL_BRENT,66.11
2014-12-10,OIL_BRENT,63.32
2014-12-11,OIL_BRENT,63.65
2014-12-12,OIL_BRENT,61.67
2014-12-15,OIL_BRENT,61.09
2014-12-16,OIL_BRENT,60.26
2014-12-17,OIL_BRENT,59.84
2014-12-18,OIL_BRENT,58.81
2014-12-19,OIL_BRENT,58.87
2014-12-22,OIL_BRENT,58.31
2014-12-23,OIL_BRENT,59.07
2014-12-24,OIL_BRENT,58.67
2014-12-26,OIL_BRENT,58.72
2014-12-29,OIL_BRENT,57.86
2014-12-30,OIL_BRENT,55.6
2014-12-31,OIL_BRENT,55.27
2015-01-02,OIL_BRENT,55.38
2015-01-05,OIL_BRENT,51.08
2015-01-06,OIL_BRENT,50.12
2015-01-07,OIL_BRENT,49.06
2015-01-08,OIL_BRENT,49.43
2015-01-09,OIL_BRENT,47.64
2015-01-12,OIL_BRENT,46.9
2015-01-13,OIL_BRENT,45.13
2015-01-14,OIL_BRENT,45.82
2015-01-15,OIL_BRENT,47.66
2015-01-16,OIL_BRENT,47.38
2015-01-20,OIL_BRENT,46.49
2015-01-21,OIL_BRENT,46.5
2015-01-22,OIL_BRENT,46.09
2015-01-23,OIL_BRENT,46.69
2015-01-26,OIL_BRENT,46.07
2015-01-27,OIL_BRENT,46.55
2015-01-28,OIL_BRENT,47.07
2015-01-29,OIL_BRENT,46.61
2015-01-30,OIL_BRENT,47.52
2015-02-02,OIL_BRENT,51.74
2015-02-03,OIL_BRENT,54.41
2015-02-04,OIL_BRENT,55.07
2015-02-05,OIL_BRENT,55.98
2015-02-06,OIL_BRENT,55.88
2015-02-09,OIL_BRENT,57.0
2015-02-10,OIL_BRENT,55.79
2015-02-11,OIL_BRENT,53.48
2015-02-12,OIL_BRENT,56.23
2015-02-13,OIL_BRENT,60.33
2015-02-16,OIL_BRENT,61.57
2015-02-17,OIL_BRENT,60.78
2015-02-18,OIL_BRENT,60.72
2015-02-19,OIL_BRENT,58.78
2015-02-20,OIL_BRENT,60.99
2015-02-23,OIL_BRENT,59.78
2015-02-24,OIL_BRENT,60.33
2015-02-25,OIL_BRENT,59.77
2015-02-26,OIL_BRENT,61.39
2015-02-27,OIL_BRENT,61.89
2015-03-02,OIL_BRENT,60.75
2015-03-03,OIL_BRENT,61.18
2015-03-04,OIL_BRENT,59.18
2015-03-05,OIL_BRENT,60.33
2015-03-06,OIL_BRENT,59.15
2015-03-09,OIL_BRENT,58.67
2015-03-10,OIL_BRENT,55.95
2015-03-11,OIL_BRENT,56.46
2015-03-12,OIL_BRENT,56.66
2015-03-13,OIL_BRENT,54.8
2015-03-16,OIL_BRENT,52.0
2015-03-17,OIL_BRENT,52.17
2015-03-18,OIL_BRENT,52.59
2015-03-19,OIL_BRENT,52.96
2015-03-20,OIL_BRENT,53.88
2015-03-23,OIL_BRENT,53.82
2015-03-24,OIL_BRENT,53.61
2015-03-25,OIL_BRENT,54.18
2015-03-26,OIL_BRENT,57.02
2015-03-27,OIL_BRENT,56.44
2015-03-30,OIL_BRENT,53.99
2015-03-31,OIL_BRENT,53.69
2015-04-01,OIL_BRENT,55.73
2015-04-02,OIL_BRENT,55.73
2015-04-06,OIL_BRENT,55.73
2015-04-07,OIL_BRENT,57.55
2015-04-08,OIL_BRENT,56.42
2015-04-09,OIL_BRENT,56.04
2015-04-10,OIL_BRENT,56.82
2015-04-13,OIL_BRENT,57.14
2015-04-14,OIL_BRENT,57.69
2015-04-15,OIL_BRENT,59.32
2015-04-16,OIL_BRENT,60.13
2015-04-17,OIL_BRENT,61.31
2015-04-20,OIL_BRENT,61.2
2015-04-21,OIL_BRENT,60.12
2015-04-22,OIL_BRENT,60.12
2015-04-23,OIL_BRENT,62.66
2015-04-24,OIL_BRENT,62.96
2015-04-27,OIL_BRENT,62.86
2015-04-28,OIL_BRENT,62.61
2015-04-29,OIL_BRENT,63.97
2015-04-30,OIL_BRENT,63.9
2015-05-01,OIL_BRENT,64.13
2015-05-04,OIL_BRENT,64.62
2015-05-05,OIL_BRENT,65.44
2015-05-06,OIL_BRENT,66.22
2015-05-07,OIL_BRENT,64.93
2015-05-08,OIL_BRENT,63.82
2015-05-11,OIL_BRENT,62.82
2015-05-12,OIL_BRENT,65.09
2015-05-13,OIL_BRENT,66.33
2015-05-14,OIL_BRENT,65.58
2015-05-15,OIL_BRENT,64.69
2015-05-18,OIL_BRENT,65.15
2015-05-19,OIL_BRENT,63.48
2015-05-20,OIL_BRENT,63.52
2015-05-21,OIL_BRENT,64.7
2015-05-22,OIL_BRENT,64.7
2015-05-26,OIL_BRENT,61.65
2015-05-27,OIL_BRENT,61.35
2015-05-28,OIL_BRENT,60.12
2015-05-29,OIL_BRENT,63.16
2015-06-01,OIL_BRENT,62.87
2015-06-02,OIL_BRENT,63.14
2015-06-03,OIL_BRENT,62.78
2015-06-04,OIL_BRENT,60.34
2015-06-05,OIL_BRENT,60.36
2015-06-08,OIL_BRENT,61.33
2015-06-09,OIL_BRENT,63.23
2015-06-10,OIL_BRENT,64.68
2015-06-11,OIL_BRENT,63.76
2015-06-12,OIL_BRENT,63.19
2015-06-15,OIL_BRENT,60.99
2015-06-16,OIL_BRENT,60.75
2015-06-17,OIL_BRENT,60.75
2015-06-18,OIL_BRENT,61.37
2015-06-19,OIL_BRENT,59.41
2015-06-22,OIL_BRENT,60.54
2015-06-23,OIL_BRENT,61.67
2015-06-24,OIL_BRENT,61.63
2015-06-25,OIL_BRENT,60.24
2015-06-26,OIL_BRENT,60.14
2015-06-29,OIL_BRENT,59.03
2015-06-30,OIL_BRENT,60.31
2015-07-01,OIL_BRENT,61.65
2015-07-02,OIL_BRENT,61.73
2015-07-03,OIL_BRENT,59.06
2015-07-06,OIL_BRENT,57.19
2015-07-07,OIL_BRENT,54.72
2015-07-08,OIL_BRENT,55.7
2015-07-09,OIL_BRENT,57.83
2015-07-10,OIL_BRENT,57.72
2015-07-13,OIL_BRENT,57.63
2015-07-14,OIL_BRENT,57.2
2015-07-15,OIL_BRENT,57.34
2015-07-16,OIL_BRENT,57.31
2015-07-17,OIL_BRENT,56.38
2015-07-20,OIL_BRENT,56.42
2015-07-21,OIL_BRENT,55.94
2015-07-22,OIL_BRENT,56.36
2015-07-23,OIL_BRENT,55.76
2015-07-24,OIL_BRENT,54.29
2015-07-27,OIL_BRENT,54.07
2015-07-28,OIL_BRENT,54.3
2015-07-29,OIL_BRENT,54.73
2015-07-30,OIL_BRENT,54.29
2015-07-31,OIL_BRENT,53.29
2015-08-03,OIL_BRENT,49.49
2015-08-04,OIL_BRENT,49.08
2015-08-05,OIL_BRENT,49.04
2015-08-06,OIL_BRENT,47.8
2015-08-07,OIL_BRENT,47.54
2015-08-10,OIL_BRENT,48.3
2015-08-11,OIL_BRENT,47.33
2015-08-12,OIL_BRENT,48.29
2015-08-13,OIL_BRENT,48.01
2015-08-14,OIL_BRENT,47.79
2015-08-17,OIL_BRENT,47.77
2015-08-18,OIL_BRENT,47.0
2015-08-19,OIL_BRENT,45.75
2015-08-20,OIL_BRENT,45.63
2015-08-21,OIL_BRENT,43.84
2015-08-24,OIL_BRENT,41.59
2015-08-25,OIL_BRENT,41.86
2015-08-26,OIL_BRENT,41.76
2015-08-27,OIL_BRENT,44.46
2015-08-28,OIL_BRENT,47.97
2015-09-01,OIL_BRENT,48.8
2015-09-02,OIL_BRENT,47.67
2015-09-03,OIL_BRENT,50.41
2015-09-04,OIL_BRENT,48.59
2015-09-07,OIL_BRENT,46.42
2015-09-08,OIL_BRENT,48.88
2015-09-09,OIL_BRENT,48.04
2015-09-10,OIL_BRENT,47.77
2015-09-11,OIL_BRENT,46.87
2015-09-14,OIL_BRENT,45.87
2015-09-15,OIL_BRENT,45.91
2015-09-16,OIL_BRENT,49.35
2015-09-17,OIL_BRENT,48.27
2015-09-18,OIL_BRENT,47.28
2015-09-21,OIL_BRENT,47.64
2015-09-22,OIL_BRENT,46.69
2015-09-23,OIL_BRENT,48.0
2015-09-24,OIL_BRENT,47.06
2015-09-25,OIL_BRENT,47.28
2015-09-28,OIL_BRENT,46.04
2015-09-29,OIL_BRENT,47.58
2015-09-30,OIL_BRENT,47.29
2015-10-01,OIL_BRENT,47.48
2015-10-02,OIL_BRENT,46.55
2015-10-05,OIL_BRENT,49.45
2015-10-06,OIL_BRENT,51.34
2015-10-07,OIL_BRENT,51.66
2015-10-08,OIL_BRENT,52.13
2015-10-09,OIL_BRENT,52.08
2015-10-12,OIL_BRENT,50.95
2015-10-13,OIL_BRENT,48.94
2015-10-14,OIL_BRENT,48.25
2015-10-15,OIL_BRENT,47.87
2015-10-16,OIL_BRENT,48.96
2015-10-19,OIL_BRENT,47.51
2015-10-20,OIL_BRENT,46.93
2015-10-21,OIL_BRENT,46.72
2015-10-22,OIL_BRENT,46.59
2015-10-23,OIL_BRENT,46.3
2015-10-26,OIL_BRENT,46.57
2015-10-27,OIL_BRENT,45.54
2015-10-28,OIL_BRENT,47.6
2015-10-29,OIL_BRENT,48.04
2015-10-30,OIL_BRENT,48.0
2015-11-02,OIL_BRENT,47.91
2015-11-03,OIL_BRENT,48.0
2015-11-04,OIL_BRENT,46.96
2015-11-05,OIL_BRENT,47.19
2015-11-06,OIL_BRENT,46.09
2015-11-09,OIL_BRENT,45.38
2015-11-10,OIL_BRENT,46.44
2015-11-11,OIL_BRENT,44.98
2015-11-12,OIL_BRENT,44.98
2015-11-13,OIL_BRENT,41.98
2015-11-16,OIL_BRENT,40.28
2015-11-17,OIL_BRENT,41.28
2015-11-18,OIL_BRENT,41.45
2015-11-19,OIL_BRENT,42.22
2015-11-20,OIL_BRENT,42.49
2015-11-23,OIL_BRENT,43.7
2015-11-24,OIL_BRENT,44.38
2015-11-25,OIL_BRENT,43.56
2015-11-26,OIL_BRENT,43.55
2015-11-27,OIL_BRENT,43.07
2015-11-30,OIL_BRENT,43.73
2015-12-01,OIL_BRENT,42.97
2015-12-02,OIL_BRENT,41.92
2015-12-03,OIL_BRENT,42.0
2015-12-04,OIL_BRENT,41.44
2015-12-07,OIL_BRENT,39.69
2015-12-08,OIL_BRENT,39.44
2015-12-09,OIL_BRENT,39.04
2015-12-10,OIL_BRENT,38.65
2015-12-11,OIL_BRENT,36.99
2015-12-14,OIL_BRENT,36.51
2015-12-15,OIL_BRENT,37.66
2015-12-16,OIL_BRENT,36.96
2015-12-17,OIL_BRENT,36.29
2015-12-18,OIL_BRENT,36.76
2015-12-21,OIL_BRENT,35.34
2015-12-22,OIL_BRENT,35.26
2015-12-23,OIL_BRENT,35.79
2015-12-24,OIL_BRENT,37.22
2015-12-28,OIL_BRENT,37.08
2015-12-29,OIL_BRENT,36.85
2015-12-30,OIL_BRENT,35.65
2015-12-31,OIL_BRENT,36.61
2016-01-04,OIL_BRENT,36.28
2016-01-05,OIL_BRENT,35.56
2016-01-06,OIL_BRENT,33.89
2016-01-07,OIL_BRENT,33.57
2016-01-08,OIL_BRENT,31.67
2016-01-11,OIL_BRENT,30.14
2016-01-12,OIL_BRENT,29.14
2016-01-13,OIL_BRENT,28.58
2016-01-14,OIL_BRENT,28.84
2016-01-15,OIL_BRENT,28.8
2016-01-18,OIL_BRENT,27.36
2016-01-19,OIL_BRENT,27.36
2016-01-20,OIL_BRENT,26.01
2016-01-21,OIL_BRENT,27.59
2016-01-22,OIL_BRENT,30.46
2016-01-25,OIL_BRENT,29.82
2016-01-26,OIL_BRENT,30.94
2016-01-27,OIL_BRENT,31.83
2016-01-28,OIL_BRENT,33.01
2016-01-29,OIL_BRENT,33.14
2016-02-01,OIL_BRENT,32.45
2016-02-02,OIL_BRENT,30.98
2016-02-03,OIL_BRENT,32.38
2016-02-04,OIL_BRENT,32.76
2016-02-05,OIL_BRENT,32.35
2016-02-08,OIL_BRENT,31.64
2016-02-09,OIL_BRENT,30.15
2016-02-10,OIL_BRENT,29.64
2016-02-11,OIL_BRENT,28.82
2016-02-12,OIL_BRENT,31.8
2016-02-16,OIL_BRENT,31.09
2016-02-17,OIL_BRENT,33.21
2016-02-18,OIL_BRENT,33.2
2016-02-19,OIL_BRENT,31.66
2016-02-22,OIL_BRENT,33.59
2016-02-23,OIL_BRENT,31.9
2016-02-24,OIL_BRENT,31.5
2016-02-25,OIL_BRENT,32.83
2016-02-26,OIL_BRENT,35.76
2016-02-29,OIL_BRENT,35.92
2016-03-01,OIL_BRENT,35.73
2016-03-02,OIL_BRENT,36.38
2016-03-03,OIL_BRENT,35.75
2016-03-04,OIL_BRENT,37.61
2016-03-07,OIL_BRENT,39.02
2016-03-08,OIL_BRENT,39.16
2016-03-09,OIL_BRENT,40.26
2016-03-10,OIL_BRENT,38.63
2016-03-11,OIL_BRENT,39.41
2016-03-14,OIL_BRENT,38.06
2016-03-15,OIL_BRENT,37.49
2016-03-16,OIL_BRENT,38.38
2016-03-17,OIL_BRENT,39.29
2016-03-18,OIL_BRENT,39.26
2016-03-21,OIL_BRENT,39.91
2016-03-22,OIL_BRENT,40.54
2016-03-23,OIL_BRENT,38.84
2016-03-24,OIL_BRENT,38.33
2016-03-28,OIL_BRENT,38.33
2016-03-29,OIL_BRENT,36.75
2016-03-30,OIL_BRENT,36.75
2016-03-31,OIL_BRENT,36.75
2016-04-01,OIL_BRENT,36.42
2016-04-04,OIL_BRENT,36.05
2016-04-05,OIL_BRENT,35.88
2016-04-06,OIL_BRENT,37.77
2016-04-07,OIL_BRENT,37.15
2016-04-08,OIL_BRENT,40.71
2016-04-11,OIL_BRENT,41.58
2016-04-12,OIL_BRENT,43.02
2016-04-13,OIL_BRENT,42.81
2016-04-14,OIL_BRENT,43.02
2016-04-15,OIL_BRENT,41.32
2016-04-18,OIL_BRENT,41.64
2016-04-19,OIL_BRENT,43.02
2016-04-20,OIL_BRENT,43.09
2016-04-21,OIL_BRENT,43.48
2016-04-22,OIL_BRENT,43.97
2016-04-25,OIL_BRENT,42.97
2016-04-26,OIL_BRENT,43.94
2016-04-27,OIL_BRENT,44.17
2016-04-28,OIL_BRENT,45.6
2016-04-29,OIL_BRENT,45.64
2016-05-02,OIL_BRENT,45.82
2016-05-03,OIL_BRENT,43.09
2016-05-04,OIL_BRENT,43.08
2016-05-05,OIL_BRENT,44.39
2016-05-06,OIL_BRENT,44.6
2016-05-09,OIL_BRENT,42.43
2016-05-10,OIL_BRENT,44.01
2016-05-11,OIL_BRENT,46.08
2016-05-12,OIL_BRENT,46.43
2016-05-13,OIL_BRENT,47.05
2016-05-16,OIL_BRENT,48.49
2016-05-17,OIL_BRENT,48.71
2016-05-18,OIL_BRENT,48.93
2016-05-19,OIL_BRENT,47.01
2016-05-20,OIL_BRENT,48.54
2016-05-23,OIL_BRENT,47.77
2016-05-24,OIL_BRENT,48.42
2016-05-25,OIL_BRENT,48.87
2016-05-26,OIL_BRENT,49.52
2016-05-27,OIL_BRENT,49.09
2016-05-31,OIL_BRENT,49.26
2016-06-01,OIL_BRENT,48.81
2016-06-02,OIL_BRENT,49.05
2016-06-03,OIL_BRENT,48.5
2016-06-06,OIL_BRENT,48.94
2016-06-07,OIL_BRENT,49.76
2016-06-08,OIL_BRENT,50.73
2016-06-09,OIL_BRENT,50.59
2016-06-10,OIL_BRENT,49.7
2016-06-13,OIL_BRENT,49.36
2016-06-14,OIL_BRENT,47.88
2016-06-15,OIL_BRENT,47.47
2016-06-16,OIL_BRENT,45.66
2016-06-17,OIL_BRENT,46.57
2016-06-20,OIL_BRENT,48.68
2016-06-21,OIL_BRENT,48.18
2016-06-22,OIL_BRENT,48.43
2016-06-23,OIL_BRENT,48.63
2016-06-24,OIL_BRENT,46.69
2016-06-27,OIL_BRENT,45.07
2016-06-28,OIL_BRENT,46.29
2016-06-29,OIL_BRENT,48.4
2016-06-30,OIL_BRENT,48.05
2016-07-01,OIL_BRENT,47.65
2016-07-04,OIL_BRENT,48.02
2016-07-05,OIL_BRENT,45.64
2016-07-06,OIL_BRENT,45.7
2016-07-07,OIL_BRENT,45.93
2016-07-08,OIL_BRENT,44.53
2016-07-11,OIL_BRENT,44.04
2016-07-12,OIL_BRENT,46.72
2016-07-13,OIL_BRENT,44.67
2016-07-14,OIL_BRENT,46.01
2016-07-15,OIL_BRENT,46.25
2016-07-18,OIL_BRENT,45.35
2016-07-19,OIL_BRENT,45.7
2016-07-20,OIL_BRENT,45.82
2016-07-21,OIL_BRENT,44.99
2016-07-22,OIL_BRENT,44.24
2016-07-25,OIL_BRENT,43.76
2016-07-26,OIL_BRENT,43.56
2016-07-27,OIL_BRENT,42.78
2016-07-28,OIL_BRENT,41.87
2016-07-29,OIL_BRENT,40.76
2016-08-01,OIL_BRENT,40.17
2016-08-02,OIL_BRENT,40.0
2016-08-03,OIL_BRENT,40.45
2016-08-04,OIL_BRENT,41.33
2016-08-05,OIL_BRENT,42.47
2016-08-08,OIL_BRENT,43.24
2016-08-09,OIL_BRENT,43.37
2016-08-10,OIL_BRENT,42.19
2016-08-11,OIL_BRENT,44.23
2016-08-12,OIL_BRENT,45.12
2016-08-15,OIL_BRENT,47.31
2016-08-16,OIL_BRENT,48.27
2016-08-17,OIL_BRENT,48.58
2016-08-18,OIL_BRENT,49.46
2016-08-19,OIL_BRENT,49.39
2016-08-22,OIL_BRENT,48.1
2016-08-23,OIL_BRENT,48.7
2016-08-24,OIL_BRENT,47.56
2016-08-25,OIL_BRENT,49.25
2016-08-26,OIL_BRENT,49.66
2016-08-29,OIL_BRENT,49.66
2016-08-30,OIL_BRENT,47.94
2016-08-31,OIL_BRENT,47.94
2016-09-01,OIL_BRENT,45.05
2016-09-02,OIL_BRENT,45.96
2016-09-05,OIL_BRENT,46.72
2016-09-06,OIL_BRENT,46.21
2016-09-07,OIL_BRENT,47.0
2016-09-08,OIL_BRENT,49.23
2016-09-09,OIL_BRENT,48.37
2016-09-12,OIL_BRENT,47.82
2016-09-13,OIL_BRENT,46.48
2016-09-14,OIL_BRENT,45.65
2016-09-15,OIL_BRENT,45.83
2016-09-16,OIL_BRENT,45.26
2016-09-19,OIL_BRENT,46.04
2016-09-20,OIL_BRENT,45.24
2016-09-21,OIL_BRENT,45.99
2016-09-22,OIL_BRENT,47.21
2016-09-23,OIL_BRENT,46.71
2016-09-26,OIL_BRENT,46.61
2016-09-27,OIL_BRENT,44.95
2016-09-28,OIL_BRENT,45.49
2016-09-29,OIL_BRENT,48.43
2016-09-30,OIL_BRENT,48.24
2016-10-03,OIL_BRENT,48.61
2016-10-04,OIL_BRENT,48.81
2016-10-05,OIL_BRENT,49.57
2016-10-06,OIL_BRENT,50.14
2016-10-07,OIL_BRENT,50.49
2016-10-10,OIL_BRENT,51.54
2016-10-11,OIL_BRENT,50.48
2016-10-12,OIL_BRENT,49.53
2016-10-13,OIL_BRENT,49.29
2016-10-14,OIL_BRENT,48.87
2016-10-17,OIL_BRENT,49.31
2016-10-18,OIL_BRENT,49.81
2016-10-19,OIL_BRENT,51.85
2016-10-20,OIL_BRENT,50.42
2016-10-21,OIL_BRENT,50.28
2016-10-24,OIL_BRENT,49.8
2016-10-25,OIL_BRENT,49.08
2016-10-26,OIL_BRENT,48.98
2016-10-27,OIL_BRENT,49.13
2016-10-28,OIL_BRENT,47.78
2016-10-31,OIL_BRENT,46.2
2016-11-01,OIL_BRENT,45.77
2016-11-02,OIL_BRENT,44.26
2016-11-03,OIL_BRENT,43.84
2016-11-04,OIL_BRENT,43.06
2016-11-07,OIL_BRENT,42.83
2016-11-08,OIL_BRENT,43.47
2016-11-09,OIL_BRENT,43.88
2016-11-10,OIL_BRENT,43.67
2016-11-11,OIL_BRENT,41.61
2016-11-14,OIL_BRENT,41.83
2016-11-15,OIL_BRENT,44.15
2016-11-16,OIL_BRENT,45.07
2016-11-17,OIL_BRENT,44.57
2016-11-18,OIL_BRENT,44.41
2016-11-21,OIL_BRENT,45.96
2016-11-22,OIL_BRENT,46.1
2016-11-23,OIL_BRENT,46.54
2016-11-24,OIL_BRENT,47.54
2016-11-25,OIL_BRENT,46.32
2016-11-28,OIL_BRENT,46.64
2016-11-29,OIL_BRENT,44.68
2016-11-30,OIL_BRENT,47.95
2016-12-01,OIL_BRENT,52.28
2016-12-02,OIL_BRENT,52.35
2016-12-05,OIL_BRENT,53.3
2016-12-06,OIL_BRENT,52.31
2016-12-07,OIL_BRENT,51.9
2016-12-08,OIL_BRENT,51.6
2016-12-09,OIL_BRENT,52.19
2016-12-12,OIL_BRENT,53.99
2016-12-13,OIL_BRENT,53.28
2016-12-14,OIL_BRENT,53.15
2016-12-15,OIL_BRENT,51.72
2016-12-16,OIL_BRENT,54.15
2016-12-19,OIL_BRENT,53.53
2016-12-20,OIL_BRENT,54.56
2016-12-21,OIL_BRENT,53.01
2016-12-22,OIL_BRENT,54.04
2016-12-23,OIL_BRENT,53.93
2016-12-28,OIL_BRENT,54.95
2016-12-29,OIL_BRENT,54.97
2016-12-30,OIL_BRENT,54.96
2017-01-03,OIL_BRENT,55.05
2017-01-04,OIL_BRENT,54.57
2017-01-05,OIL_BRENT,54.99
2017-01-06,OIL_BRENT,55.9
2017-01-09,OIL_BRENT,54.39
2017-01-10,OIL_BRENT,53.2
2017-01-11,OIL_BRENT,53.61
2017-01-12,OIL_BRENT,54.51
2017-01-13,OIL_BRENT,54.37
2017-01-16,OIL_BRENT,54.3
2017-01-17,OIL_BRENT,54.68
2017-01-18,OIL_BRENT,53.77
2017-01-19,OIL_BRENT,53.18
2017-01-20,OIL_BRENT,55.04
2017-01-23,OIL_BRENT,54.8
2017-01-24,OIL_BRENT,54.7
2017-01-25,OIL_BRENT,54.34
2017-01-26,OIL_BRENT,55.89
2017-01-27,OIL_BRENT,54.8
2017-01-30,OIL_BRENT,54.77
2017-01-31,OIL_BRENT,55.25
2017-02-01,OIL_BRENT,55.79
2017-02-02,OIL_BRENT,55.94
2017-02-03,OIL_BRENT,55.92
2017-02-06,OIL_BRENT,55.02
2017-02-07,OIL_BRENT,53.79
2017-02-08,OIL_BRENT,54.42
2017-02-09,OIL_BRENT,53.98
2017-02-10,OIL_BRENT,55.2
2017-02-13,OIL_BRENT,54.15
2017-02-14,OIL_BRENT,54.96
2017-02-15,OIL_BRENT,54.57
2017-02-16,OIL_BRENT,54.16
2017-02-17,OIL_BRENT,54.48
2017-02-20,OIL_BRENT,55.25
2017-02-21,OIL_BRENT,56.34
2017-02-22,OIL_BRENT,54.9
2017-02-23,OIL_BRENT,55.82
2017-02-24,OIL_BRENT,54.69
2017-02-27,OIL_BRENT,54.65
2017-02-28,OIL_BRENT,53.36
2017-03-01,OIL_BRENT,55.72
2017-03-02,OIL_BRENT,54.16
2017-03-03,OIL_BRENT,54.12
2017-03-06,OIL_BRENT,54.73
2017-03-07,OIL_BRENT,54.61
2017-03-08,OIL_BRENT,53.3
2017-03-09,OIL_BRENT,50.65
2017-03-10,OIL_BRENT,50.63
2017-03-13,OIL_BRENT,50.1
2017-03-14,OIL_BRENT,49.6
2017-03-15,OIL_BRENT,50.63
2017-03-16,OIL_BRENT,50.56
2017-03-17,OIL_BRENT,50.58
2017-03-20,OIL_BRENT,50.67
2017-03-21,OIL_BRENT,50.14
2017-03-22,OIL_BRENT,49.56
2017-03-23,OIL_BRENT,50.17
2017-03-24,OIL_BRENT,49.97
2017-03-27,OIL_BRENT,50.12
2017-03-28,OIL_BRENT,50.72
2017-03-29,OIL_BRENT,51.36
2017-03-30,OIL_BRENT,52.25
2017-03-31,OIL_BRENT,52.2
2017-04-03,OIL_BRENT,52.04
2017-04-04,OIL_BRENT,53.08
2017-04-05,OIL_BRENT,53.41
2017-04-06,OIL_BRENT,53.62
2017-04-07,OIL_BRENT,54.24
2017-04-10,OIL_BRENT,54.79
2017-04-11,OIL_BRENT,54.73
2017-04-12,OIL_BRENT,54.75
2017-04-13,OIL_BRENT,55.05
2017-04-17,OIL_BRENT,54.79
2017-04-18,OIL_BRENT,52.6
2017-04-19,OIL_BRENT,52.43
2017-04-20,OIL_BRENT,50.66
2017-04-21,OIL_BRENT,49.93
2017-04-24,OIL_BRENT,49.45
2017-04-25,OIL_BRENT,49.37
2017-04-26,OIL_BRENT,49.99
2017-04-27,OIL_BRENT,49.46
2017-04-28,OIL_BRENT,49.46
2017-05-01,OIL_BRENT,50.41
2017-05-02,OIL_BRENT,49.31
2017-05-03,OIL_BRENT,48.82
2017-05-04,OIL_BRENT,47.53
2017-05-05,OIL_BRENT,47.45
2017-05-08,OIL_BRENT,46.61
2017-05-09,OIL_BRENT,47.06
2017-05-10,OIL_BRENT,48.09
2017-05-11,OIL_BRENT,49.18
2017-05-12,OIL_BRENT,49.08
2017-05-15,OIL_BRENT,51.29
2017-05-16,OIL_BRENT,51.21
2017-05-17,OIL_BRENT,51.76
2017-05-18,OIL_BRENT,51.71
2017-05-19,OIL_BRENT,52.78
2017-05-22,OIL_BRENT,53.35
2017-05-23,OIL_BRENT,53.19
2017-05-24,OIL_BRENT,53.29
2017-05-25,OIL_BRENT,52.25
2017-05-26,OIL_BRENT,50.84
2017-05-29,OIL_BRENT,52.25
2017-05-30,OIL_BRENT,50.65
2017-05-31,OIL_BRENT,49.4
2017-06-01,OIL_BRENT,50.41
2017-06-02,OIL_BRENT,48.46
2017-06-05,OIL_BRENT,48.25
2017-06-06,OIL_BRENT,48.11
2017-06-07,OIL_BRENT,47.08
2017-06-08,OIL_BRENT,46.3
2017-06-09,OIL_BRENT,46.64
2017-06-12,OIL_BRENT,47.18
2017-06-13,OIL_BRENT,46.95
2017-06-14,OIL_BRENT,45.47
2017-06-15,OIL_BRENT,45.61
2017-06-16,OIL_BRENT,45.7
2017-06-19,OIL_BRENT,45.93
2017-06-20,OIL_BRENT,43.98
2017-06-21,OIL_BRENT,44.62
2017-06-22,OIL_BRENT,44.46
2017-06-23,OIL_BRENT,44.14
2017-06-26,OIL_BRENT,44.09
2017-06-27,OIL_BRENT,46.17
2017-06-28,OIL_BRENT,46.45
2017-06-29,OIL_BRENT,47.02
2017-06-30,OIL_BRENT,47.08
2017-07-03,OIL_BRENT,49.13
2017-07-04,OIL_BRENT,49.15
2017-07-05,OIL_BRENT,47.58
2017-07-06,OIL_BRENT,48.53
2017-07-07,OIL_BRENT,46.47
2017-07-10,OIL_BRENT,46.57
2017-07-11,OIL_BRENT,46.68
2017-07-12,OIL_BRENT,46.73
2017-07-13,OIL_BRENT,47.65
2017-07-14,OIL_BRENT,47.89
2017-07-17,OIL_BRENT,47.66
2017-07-18,OIL_BRENT,47.92
2017-07-19,OIL_BRENT,48.34
2017-07-20,OIL_BRENT,48.54
2017-07-21,OIL_BRENT,47.47
2017-07-24,OIL_BRENT,47.81
2017-07-25,OIL_BRENT,49.19
2017-07-26,OIL_BRENT,50.08
2017-07-27,OIL_BRENT,50.67
2017-07-28,OIL_BRENT,52.0
2017-07-31,OIL_BRENT,51.99
2017-08-01,OIL_BRENT,50.77
2017-08-02,OIL_BRENT,52.09
2017-08-03,OIL_BRENT,52.88
2017-08-04,OIL_BRENT,52.48
2017-08-07,OIL_BRENT,51.42
2017-08-08,OIL_BRENT,52.18
2017-08-09,OIL_BRENT,52.16
2017-08-10,OIL_BRENT,52.59
2017-08-11,OIL_BRENT,51.47
2017-08-14,OIL_BRENT,51.29
2017-08-15,OIL_BRENT,49.9
2017-08-16,OIL_BRENT,50.39
2017-08-17,OIL_BRENT,50.37
2017-08-18,OIL_BRENT,50.96
2017-08-21,OIL_BRENT,51.94
2017-08-22,OIL_BRENT,52.29
2017-08-23,OIL_BRENT,52.31
2017-08-24,OIL_BRENT,51.73
2017-08-25,OIL_BRENT,51.87
2017-08-28,OIL_BRENT,51.87
2017-08-29,OIL_BRENT,51.64
2017-08-30,OIL_BRENT,51.91
2017-08-31,OIL_BRENT,52.69
2017-09-01,OIL_BRENT,53.15
2017-09-04,OIL_BRENT,52.6
2017-09-05,OIL_BRENT,53.63
2017-09-06,OIL_BRENT,54.48
2017-09-07,OIL_BRENT,54.16
2017-09-08,OIL_BRENT,54.55
2017-09-11,OIL_BRENT,54.2
2017-09-12,OIL_BRENT,55.06
2017-09-13,OIL_BRENT,55.52
2017-09-14,OIL_BRENT,56.76
2017-09-15,OIL_BRENT,56.18
2017-09-18,OIL_BRENT,55.5
2017-09-19,OIL_BRENT,56.58
2017-09-20,OIL_BRENT,57.2
2017-09-21,OIL_BRENT,57.73
2017-09-22,OIL_BRENT,58.16
2017-09-25,OIL_BRENT,59.42
2017-09-26,OIL_BRENT,59.77
2017-09-27,OIL_BRENT,58.74
2017-09-28,OIL_BRENT,58.8
2017-09-29,OIL_BRENT,57.02
2017-10-02,OIL_BRENT,55.67
2017-10-03,OIL_BRENT,56.12
2017-10-04,OIL_BRENT,56.0
2017-10-05,OIL_BRENT,57.09
2017-10-06,OIL_BRENT,55.5
2017-10-09,OIL_BRENT,55.29
2017-10-10,OIL_BRENT,56.62
2017-10-11,OIL_BRENT,56.13
2017-10-12,OIL_BRENT,56.13
2017-10-13,OIL_BRENT,56.86
2017-10-16,OIL_BRENT,57.49
2017-10-17,OIL_BRENT,57.63
2017-10-18,OIL_BRENT,58.05
2017-10-19,OIL_BRENT,57.82
2017-10-20,OIL_BRENT,57.89
2017-10-23,OIL_BRENT,57.69
2017-10-24,OIL_BRENT,57.84
2017-10-25,OIL_BRENT,58.45
2017-10-26,OIL_BRENT,58.75
2017-10-27,OIL_BRENT,60.15
2017-10-30,OIL_BRENT,60.65
2017-10-31,OIL_BRENT,61.35
2017-11-01,OIL_BRENT,60.98
2017-11-02,OIL_BRENT,60.79
2017-11-03,OIL_BRENT,61.42
2017-11-06,OIL_BRENT,64.27
2017-11-07,OIL_BRENT,64.36
2017-11-08,OIL_BRENT,63.96
2017-11-09,OIL_BRENT,64.49
2017-11-10,OIL_BRENT,64.35
2017-11-13,OIL_BRENT,62.94
2017-11-14,OIL_BRENT,60.91
2017-11-15,OIL_BRENT,61.25
2017-11-16,OIL_BRENT,61.18
2017-11-17,OIL_BRENT,61.34
2017-11-20,OIL_BRENT,61.34
2017-11-21,OIL_BRENT,62.28
2017-11-22,OIL_BRENT,62.92
2017-11-23,OIL_BRENT,63.27
2017-11-24,OIL_BRENT,63.58
2017-11-27,OIL_BRENT,63.25
2017-11-28,OIL_BRENT,63.56
2017-11-29,OIL_BRENT,63.74
2017-11-30,OIL_BRENT,63.53
2017-12-01,OIL_BRENT,64.57
2017-12-04,OIL_BRENT,63.45
2017-12-05,OIL_BRENT,63.45
2017-12-06,OIL_BRENT,62.25
2017-12-07,OIL_BRENT,62.37
2017-12-08,OIL_BRENT,63.86
2017-12-11,OIL_BRENT,65.62
2017-12-12,OIL_BRENT,64.96
2017-12-13,OIL_BRENT,63.66
2017-12-14,OIL_BRENT,63.72
2017-12-15,OIL_BRENT,63.81
2017-12-18,OIL_BRENT,64.45
2017-12-19,OIL_BRENT,63.69
2017-12-20,OIL_BRENT,64.43
2017-12-21,OIL_BRENT,64.64
2017-12-22,OIL_BRENT,64.61
2017-12-27,OIL_BRENT,66.03
2017-12-28,OIL_BRENT,66.8
2017-12-29,OIL_BRENT,66.73
2018-01-02,OIL_BRENT,66.65
2018-01-03,OIL_BRENT,67.85
2018-01-04,OIL_BRENT,68.73
2018-01-05,OIL_BRENT,68.01
2018-01-08,OIL_BRENT,68.48
2018-01-09,OIL_BRENT,69.08
2018-01-10,OIL_BRENT,69.79
2018-01-11,OIL_BRENT,70.36
2018-01-12,OIL_BRENT,69.64
2018-01-15,OIL_BRENT,70.31
2018-01-16,OIL_BRENT,69.4
2018-01-17,OIL_BRENT,69.19
2018-01-18,OIL_BRENT,69.48
2018-01-19,OIL_BRENT,68.56
2018-01-22,OIL_BRENT,69.32
2018-01-23,OIL_BRENT,69.81
2018-01-24,OIL_BRENT,69.91
2018-01-25,OIL_BRENT,71.08
2018-01-26,OIL_BRENT,70.08
2018-01-29,OIL_BRENT,68.41
2018-01-30,OIL_BRENT,67.78
2018-01-31,OIL_BRENT,67.78
2018-02-01,OIL_BRENT,68.6
2018-02-02,OIL_BRENT,67.45
2018-02-05,OIL_BRENT,67.69
2018-02-06,OIL_BRENT,66.75
2018-02-07,OIL_BRENT,65.74
2018-02-08,OIL_BRENT,64.26
2018-02-09,OIL_BRENT,63.04
2018-02-12,OIL_BRENT,62.2
2018-02-13,OIL_BRENT,61.94
2018-02-14,OIL_BRENT,62.29
2018-02-15,OIL_BRENT,62.86
2018-02-16,OIL_BRENT,64.3
2018-02-19,OIL_BRENT,64.95
2018-02-20,OIL_BRENT,64.68
2018-02-21,OIL_BRENT,64.81
2018-02-22,OIL_BRENT,66.12
2018-02-23,OIL_BRENT,67.04
2018-02-26,OIL_BRENT,67.96
2018-02-27,OIL_BRENT,67.59
2018-02-28,OIL_BRENT,66.08
2018-03-01,OIL_BRENT,64.23
2018-03-02,OIL_BRENT,64.26
2018-03-05,OIL_BRENT,65.78
2018-03-06,OIL_BRENT,65.67
2018-03-07,OIL_BRENT,65.09
2018-03-08,OIL_BRENT,63.87
2018-03-09,OIL_BRENT,65.19
2018-03-12,OIL_BRENT,64.53
2018-03-13,OIL_BRENT,64.2
2018-03-14,OIL_BRENT,63.61
2018-03-15,OIL_BRENT,63.67
2018-03-16,OIL_BRENT,64.68
2018-03-19,OIL_BRENT,64.82
2018-03-20,OIL_BRENT,66.0
2018-03-21,OIL_BRENT,68.15
2018-03-22,OIL_BRENT,68.98
2018-03-23,OIL_BRENT,69.03
2018-03-26,OIL_BRENT,68.81
2018-03-27,OIL_BRENT,68.63
2018-03-28,OIL_BRENT,68.13
2018-03-29,OIL_BRENT,69.02
2018-04-03,OIL_BRENT,69.02
2018-04-04,OIL_BRENT,66.04
2018-04-05,OIL_BRENT,66.54
2018-04-06,OIL_BRENT,66.51
2018-04-09,OIL_BRENT,68.19
2018-04-10,OIL_BRENT,70.67
2018-04-11,OIL_BRENT,72.74
2018-04-12,OIL_BRENT,71.44
2018-04-13,OIL_BRENT,73.18
2018-04-16,OIL_BRENT,72.05
2018-04-17,OIL_BRENT,71.71
2018-04-18,OIL_BRENT,73.73
2018-04-19,OIL_BRENT,74.85
2018-04-20,OIL_BRENT,74.62
2018-04-23,OIL_BRENT,74.54
2018-04-24,OIL_BRENT,75.86
2018-04-25,OIL_BRENT,73.79
2018-04-26,OIL_BRENT,75.39
2018-04-27,OIL_BRENT,75.33
2018-04-30,OIL_BRENT,75.92
2018-05-01,OIL_BRENT,74.85
2018-05-02,OIL_BRENT,73.14
2018-05-03,OIL_BRENT,73.45
2018-05-04,OIL_BRENT,74.75
2018-05-08,OIL_BRENT,74.16
2018-05-09,OIL_BRENT,77.6
2018-05-10,OIL_BRENT,77.59
2018-05-11,OIL_BRENT,77.37
2018-05-14,OIL_BRENT,78.17
2018-05-15,OIL_BRENT,78.94
2018-05-16,OIL_BRENT,78.19
2018-05-17,OIL_BRENT,80.09
2018-05-18,OIL_BRENT,78.38
2018-05-21,OIL_BRENT,78.34
2018-05-22,OIL_BRENT,80.42
2018-05-23,OIL_BRENT,78.69
2018-05-24,OIL_BRENT,78.9
2018-05-25,OIL_BRENT,76.6
2018-05-29,OIL_BRENT,74.51
2018-05-30,OIL_BRENT,75.89
2018-05-31,OIL_BRENT,76.45
2018-06-01,OIL_BRENT,74.54
2018-06-04,OIL_BRENT,73.41
2018-06-05,OIL_BRENT,72.91
2018-06-06,OIL_BRENT,73.23
2018-06-07,OIL_BRENT,75.23
2018-06-08,OIL_BRENT,75.11
2018-06-11,OIL_BRENT,74.58
2018-06-12,OIL_BRENT,74.86
2018-06-13,OIL_BRENT,75.07
2018-06-14,OIL_BRENT,74.77
2018-06-15,OIL_BRENT,72.02
2018-06-18,OIL_BRENT,74.87
2018-06-19,OIL_BRENT,74.92
2018-06-20,OIL_BRENT,74.25
2018-06-21,OIL_BRENT,72.87
2018-06-22,OIL_BRENT,73.67
2018-06-25,OIL_BRENT,72.82
2018-06-26,OIL_BRENT,73.58
2018-06-27,OIL_BRENT,76.09
2018-06-28,OIL_BRENT,76.26
2018-06-29,OIL_BRENT,77.44
2018-07-02,OIL_BRENT,76.71
2018-07-03,OIL_BRENT,75.87
2018-07-04,OIL_BRENT,76.99
2018-07-05,OIL_BRENT,77.09
2018-07-06,OIL_BRENT,74.98
2018-07-09,OIL_BRENT,77.08
2018-07-10,OIL_BRENT,77.8
2018-07-11,OIL_BRENT,75.35
2018-07-12,OIL_BRENT,72.11
2018-07-13,OIL_BRENT,74.11
2018-07-16,OIL_BRENT,71.03
2018-07-17,OIL_BRENT,70.87
2018-07-18,OIL_BRENT,70.52
2018-07-19,OIL_BRENT,71.94
2018-07-20,OIL_BRENT,71.99
2018-07-23,OIL_BRENT,73.45
2018-07-24,OIL_BRENT,73.53
2018-07-25,OIL_BRENT,73.67
2018-07-26,OIL_BRENT,74.51
2018-07-27,OIL_BRENT,74.84
2018-07-30,OIL_BRENT,74.99
2018-07-31,OIL_BRENT,74.16
2018-08-01,OIL_BRENT,72.28
2018-08-02,OIL_BRENT,72.95
2018-08-03,OIL_BRENT,72.48
2018-08-06,OIL_BRENT,72.51
2018-08-07,OIL_BRENT,72.31
2018-08-08,OIL_BRENT,70.71
2018-08-09,OIL_BRENT,70.55
2018-08-10,OIL_BRENT,71.0
2018-08-13,OIL_BRENT,70.62
2018-08-14,OIL_BRENT,70.77
2018-08-15,OIL_BRENT,68.38
2018-08-16,OIL_BRENT,69.21
2018-08-17,OIL_BRENT,70.14
2018-08-20,OIL_BRENT,71.11
2018-08-21,OIL_BRENT,71.65
2018-08-22,OIL_BRENT,72.96
2018-08-23,OIL_BRENT,73.73
2018-08-24,OIL_BRENT,74.41
2018-08-27,OIL_BRENT,74.41
2018-08-28,OIL_BRENT,75.91
2018-08-29,OIL_BRENT,76.07
2018-08-30,OIL_BRENT,77.05
2018-08-31,OIL_BRENT,76.94
2018-09-03,OIL_BRENT,77.81
2018-09-04,OIL_BRENT,77.51
2018-09-05,OIL_BRENT,76.68
2018-09-06,OIL_BRENT,75.67
2018-09-07,OIL_BRENT,75.55
2018-09-10,OIL_BRENT,76.77
2018-09-11,OIL_BRENT,78.22
2018-09-12,OIL_BRENT,80.02
2018-09-13,OIL_BRENT,77.66
2018-09-14,OIL_BRENT,77.87
2018-09-17,OIL_BRENT,78.22
2018-09-18,OIL_BRENT,79.25
2018-09-19,OIL_BRENT,79.43
2018-09-20,OIL_BRENT,79.03
2018-09-21,OIL_BRENT,78.9
2018-09-24,OIL_BRENT,80.89
2018-09-25,OIL_BRENT,82.21
2018-09-26,OIL_BRENT,81.87
2018-09-27,OIL_BRENT,81.54
2018-09-28,OIL_BRENT,82.72
2018-10-01,OIL_BRENT,84.94
2018-10-02,OIL_BRENT,85.63
2018-10-03,OIL_BRENT,85.45
2018-10-04,OIL_BRENT,86.07
2018-10-05,OIL_BRENT,85.12
2018-10-08,OIL_BRENT,84.22
2018-10-09,OIL_BRENT,85.16
2018-10-10,OIL_BRENT,83.82
2018-10-11,OIL_BRENT,81.35
2018-10-12,OIL_BRENT,80.71
2018-10-15,OIL_BRENT,80.91
2018-10-16,OIL_BRENT,80.53
2018-10-17,OIL_BRENT,79.91
2018-10-18,OIL_BRENT,80.3
2018-10-19,OIL_BRENT,80.38
2018-10-22,OIL_BRENT,80.45
2018-10-23,OIL_BRENT,78.67
2018-10-24,OIL_BRENT,77.34
2018-10-25,OIL_BRENT,77.3
2018-10-26,OIL_BRENT,77.4
2018-10-29,OIL_BRENT,77.56
2018-10-30,OIL_BRENT,75.68
2018-10-31,OIL_BRENT,74.84
2018-11-01,OIL_BRENT,71.25
2018-11-02,OIL_BRENT,71.11
2018-11-05,OIL_BRENT,72.68
2018-11-06,OIL_BRENT,70.64
2018-11-07,OIL_BRENT,70.1
2018-11-08,OIL_BRENT,69.29
2018-11-09,OIL_BRENT,69.01
2018-11-12,OIL_BRENT,69.81
2018-11-13,OIL_BRENT,65.45
2018-11-14,OIL_BRENT,64.88
2018-11-15,OIL_BRENT,65.61
2018-11-16,OIL_BRENT,65.29
2018-11-19,OIL_BRENT,64.14
2018-11-20,OIL_BRENT,61.5
2018-11-21,OIL_BRENT,61.65
2018-11-22,OIL_BRENT,61.11
2018-11-23,OIL_BRENT,57.69
2018-11-26,OIL_BRENT,59.7
2018-11-27,OIL_BRENT,59.58
2018-11-28,OIL_BRENT,57.97
2018-11-29,OIL_BRENT,58.29
2018-11-30,OIL_BRENT,57.71
2018-12-03,OIL_BRENT,60.17
2018-12-04,OIL_BRENT,61.22
2018-12-05,OIL_BRENT,61.4
2018-12-06,OIL_BRENT,57.83
2018-12-07,OIL_BRENT,61.71
2018-12-10,OIL_BRENT,60.29
2018-12-11,OIL_BRENT,59.73
2018-12-12,OIL_BRENT,59.94
2018-12-13,OIL_BRENT,59.03
2018-12-14,OIL_BRENT,58.56
2018-12-17,OIL_BRENT,57.59
2018-12-18,OIL_BRENT,55.26
2018-12-19,OIL_BRENT,55.6
2018-12-20,OIL_BRENT,52.84
2018-12-21,OIL_BRENT,51.93
2018-12-27,OIL_BRENT,51.49
2018-12-28,OIL_BRENT,50.57
2019-01-02,OIL_BRENT,54.06
2019-01-03,OIL_BRENT,53.23
2019-01-04,OIL_BRENT,55.64
2019-01-07,OIL_BRENT,57.1
2019-01-08,OIL_BRENT,56.91
2019-01-09,OIL_BRENT,59.46
2019-01-10,OIL_BRENT,60.47
2019-01-11,OIL_BRENT,59.24
2019-01-14,OIL_BRENT,58.8
2019-01-15,OIL_BRENT,58.65
2019-01-16,OIL_BRENT,59.81
2019-01-17,OIL_BRENT,59.85
2019-01-18,OIL_BRENT,62.04
2019-01-21,OIL_BRENT,62.18
2019-01-22,OIL_BRENT,60.9
2019-01-23,OIL_BRENT,61.05
2019-01-24,OIL_BRENT,61.09
2019-01-25,OIL_BRENT,61.49
2019-01-28,OIL_BRENT,59.71
2019-01-29,OIL_BRENT,60.98
2019-01-30,OIL_BRENT,61.89
2019-01-31,OIL_BRENT,62.46
2019-02-01,OIL_BRENT,61.86
2019-02-04,OIL_BRENT,62.26
2019-02-05,OIL_BRENT,61.67
2019-02-06,OIL_BRENT,62.22
2019-02-07,OIL_BRENT,61.01
2019-02-08,OIL_BRENT,61.37
2019-02-11,OIL_BRENT,61.3
2019-02-12,OIL_BRENT,62.58
2019-02-13,OIL_BRENT,63.27
2019-02-14,OIL_BRENT,64.0
2019-02-15,OIL_BRENT,65.65
2019-02-18,OIL_BRENT,66.41
2019-02-19,OIL_BRENT,65.86
2019-02-20,OIL_BRENT,66.82
2019-02-21,OIL_BRENT,66.91
2019-02-22,OIL_BRENT,66.91
2019-02-25,OIL_BRENT,64.02
2019-02-26,OIL_BRENT,64.51
2019-02-27,OIL_BRENT,65.55
2019-02-28,OIL_BRENT,65.03
2019-03-01,OIL_BRENT,63.71
2019-03-04,OIL_BRENT,64.44
2019-03-05,OIL_BRENT,64.24
2019-03-06,OIL_BRENT,64.51
2019-03-07,OIL_BRENT,64.82
2019-03-08,OIL_BRENT,65.66
2019-03-11,OIL_BRENT,65.06
2019-03-12,OIL_BRENT,65.33
2019-03-13,OIL_BRENT,65.89
2019-03-14,OIL_BRENT,66.18
2019-03-15,OIL_BRENT,66.11
2019-03-18,OIL_BRENT,66.65
2019-03-19,OIL_BRENT,67.13
2019-03-20,OIL_BRENT,68.35
2019-03-21,OIL_BRENT,68.3
2019-03-22,OIL_BRENT,66.29
2019-03-25,OIL_BRENT,67.37
2019-03-26,OIL_BRENT,67.51
2019-03-27,OIL_BRENT,67.35
2019-03-28,OIL_BRENT,66.08
2019-03-29,OIL_BRENT,67.93
2019-04-01,OIL_BRENT,69.08
2019-04-02,OIL_BRENT,69.68
2019-04-03,OIL_BRENT,69.21
2019-04-04,OIL_BRENT,69.8
2019-04-05,OIL_BRENT,69.93
2019-04-08,OIL_BRENT,71.12
2019-04-09,OIL_BRENT,71.02
2019-04-10,OIL_BRENT,71.63
2019-04-11,OIL_BRENT,71.3
2019-04-12,OIL_BRENT,71.57
2019-04-15,OIL_BRENT,70.9
2019-04-16,OIL_BRENT,70.74
2019-04-17,OIL_BRENT,71.14
2019-04-18,OIL_BRENT,70.71
2019-04-22,OIL_BRENT,70.71
2019-04-23,OIL_BRENT,74.39
2019-04-24,OIL_BRENT,73.59
2019-04-25,OIL_BRENT,74.94
2019-04-26,OIL_BRENT,71.03
2019-04-29,OIL_BRENT,71.22
2019-04-30,OIL_BRENT,72.19
2019-05-01,OIL_BRENT,72.01
2019-05-02,OIL_BRENT,70.56
2019-05-03,OIL_BRENT,71.95
2019-05-06,OIL_BRENT,71.95
2019-05-07,OIL_BRENT,70.98
2019-05-08,OIL_BRENT,71.09
2019-05-09,OIL_BRENT,70.61
2019-05-10,OIL_BRENT,71.63
2019-05-13,OIL_BRENT,72.35
2019-05-14,OIL_BRENT,72.53
2019-05-15,OIL_BRENT,73.09
2019-05-16,OIL_BRENT,74.7
2019-05-17,OIL_BRENT,73.94
2019-05-20,OIL_BRENT,73.21
2019-05-21,OIL_BRENT,72.94
2019-05-22,OIL_BRENT,71.94
2019-05-23,OIL_BRENT,68.37
2019-05-24,OIL_BRENT,67.98
2019-05-28,OIL_BRENT,70.19
2019-05-29,OIL_BRENT,70.64
2019-05-30,OIL_BRENT,69.55
2019-05-31,OIL_BRENT,66.78
2019-06-03,OIL_BRENT,63.16
2019-06-04,OIL_BRENT,63.56
2019-06-05,OIL_BRENT,62.14
2019-06-06,OIL_BRENT,62.77
2019-06-07,OIL_BRENT,64.1
2019-06-10,OIL_BRENT,64.31
2019-06-11,OIL_BRENT,63.56
2019-06-12,OIL_BRENT,61.66
2019-06-13,OIL_BRENT,63.28
2019-06-14,OIL_BRENT,63.13
2019-06-17,OIL_BRENT,62.56
2019-06-18,OIL_BRENT,63.35
2019-06-19,OIL_BRENT,62.85
2019-06-20,OIL_BRENT,65.44
2019-06-21,OIL_BRENT,65.99
2019-06-24,OIL_BRENT,65.16
2019-06-25,OIL_BRENT,66.24
2019-06-26,OIL_BRENT,66.85
2019-06-27,OIL_BRENT,66.78
2019-06-28,OIL_BRENT,67.52
2019-07-01,OIL_BRENT,65.1
2019-07-02,OIL_BRENT,62.72
2019-07-03,OIL_BRENT,63.53
2019-07-04,OIL_BRENT,63.62
2019-07-05,OIL_BRENT,64.23
2019-07-08,OIL_BRENT,64.89
2019-07-09,OIL_BRENT,64.3
2019-07-10,OIL_BRENT,66.41
2019-07-11,OIL_BRENT,67.64
2019-07-12,OIL_BRENT,66.65
2019-07-15,OIL_BRENT,66.86
2019-07-16,OIL_BRENT,65.87
2019-07-17,OIL_BRENT,63.67
2019-07-18,OIL_BRENT,60.7
2019-07-19,OIL_BRENT,61.04
2019-07-22,OIL_BRENT,61.96
2019-07-23,OIL_BRENT,62.28
2019-07-24,OIL_BRENT,63.83
2019-07-25,OIL_BRENT,63.47
2019-07-26,OIL_BRENT,62.46
2019-07-29,OIL_BRENT,62.29
2019-07-30,OIL_BRENT,62.55
2019-07-31,OIL_BRENT,64.07
2019-08-01,OIL_BRENT,62.9
2019-08-02,OIL_BRENT,61.12
2019-08-05,OIL_BRENT,59.32
2019-08-06,OIL_BRENT,58.63
2019-08-07,OIL_BRENT,55.03
2019-08-08,OIL_BRENT,56.29
2019-08-09,OIL_BRENT,57.37
2019-08-12,OIL_BRENT,57.13
2019-08-13,OIL_BRENT,59.9
2019-08-14,OIL_BRENT,57.86
2019-08-15,OIL_BRENT,57.37
2019-08-16,OIL_BRENT,59.0
2019-08-19,OIL_BRENT,59.79
2019-08-20,OIL_BRENT,59.03
2019-08-21,OIL_BRENT,60.6
2019-08-22,OIL_BRENT,59.81
2019-08-23,OIL_BRENT,58.64
2019-08-26,OIL_BRENT,58.64
2019-08-27,OIL_BRENT,58.44
2019-08-28,OIL_BRENT,60.42
2019-08-29,OIL_BRENT,60.59
2019-08-30,OIL_BRENT,61.04
2019-09-02,OIL_BRENT,58.55
2019-09-03,OIL_BRENT,57.93
2019-09-04,OIL_BRENT,60.68
2019-09-05,OIL_BRENT,62.7
2019-09-06,OIL_BRENT,61.28
2019-09-09,OIL_BRENT,63.99
2019-09-10,OIL_BRENT,64.67
2019-09-11,OIL_BRENT,63.02
2019-09-12,OIL_BRENT,60.76
2019-09-13,OIL_BRENT,61.25
2019-09-16,OIL_BRENT,68.42
2019-09-17,OIL_BRENT,65.59
2019-09-18,OIL_BRENT,64.29
2019-09-19,OIL_BRENT,64.25
2019-09-20,OIL_BRENT,65.23
2019-09-23,OIL_BRENT,64.66
2019-09-24,OIL_BRENT,64.13
2019-09-25,OIL_BRENT,62.41
2019-09-26,OIL_BRENT,62.08
2019-09-27,OIL_BRENT,62.48
2019-09-30,OIL_BRENT,60.99
2019-10-01,OIL_BRENT,60.06
2019-10-02,OIL_BRENT,57.92
2019-10-03,OIL_BRENT,58.01
2019-10-04,OIL_BRENT,59.13
2019-10-07,OIL_BRENT,59.46
2019-10-08,OIL_BRENT,58.14
2019-10-09,OIL_BRENT,59.7
2019-10-10,OIL_BRENT,59.08
2019-10-11,OIL_BRENT,60.59
2019-10-14,OIL_BRENT,58.81
2019-10-15,OIL_BRENT,59.19
2019-10-16,OIL_BRENT,59.3
2019-10-17,OIL_BRENT,59.35
2019-10-18,OIL_BRENT,59.96
2019-10-21,OIL_BRENT,58.95
2019-10-22,OIL_BRENT,60.5
2019-10-23,OIL_BRENT,60.52
2019-10-24,OIL_BRENT,61.71
2019-10-25,OIL_BRENT,62.06
2019-10-28,OIL_BRENT,60.39
2019-10-29,OIL_BRENT,61.05
2019-10-30,OIL_BRENT,60.22
2019-10-31,OIL_BRENT,59.3
2019-11-01,OIL_BRENT,60.17
2019-11-04,OIL_BRENT,62.52
2019-11-05,OIL_BRENT,62.72
2019-11-06,OIL_BRENT,62.11
2019-11-07,OIL_BRENT,62.6
2019-11-08,OIL_BRENT,62.0
2019-11-11,OIL_BRENT,62.58
2019-11-12,OIL_BRENT,62.19
2019-11-13,OIL_BRENT,62.27
2019-11-14,OIL_BRENT,62.46
2019-11-15,OIL_BRENT,63.32
2019-11-18,OIL_BRENT,62.82
2019-11-19,OIL_BRENT,62.37
2019-11-20,OIL_BRENT,63.8
2019-11-21,OIL_BRENT,64.99
2019-11-22,OIL_BRENT,64.83
2019-11-25,OIL_BRENT,64.67
2019-11-26,OIL_BRENT,64.82
2019-11-27,OIL_BRENT,65.03
2019-11-28,OIL_BRENT,64.68
2019-11-29,OIL_BRENT,64.5
2019-12-02,OIL_BRENT,63.2
2019-12-03,OIL_BRENT,62.95
2019-12-04,OIL_BRENT,65.25
2019-12-05,OIL_BRENT,65.67
2019-12-06,OIL_BRENT,66.5
2019-12-09,OIL_BRENT,66.44
2019-12-10,OIL_BRENT,66.57
2019-12-11,OIL_BRENT,65.37
2019-12-12,OIL_BRENT,66.67
2019-12-13,OIL_BRENT,67.44
2019-12-16,OIL_BRENT,68.04
2019-12-17,OIL_BRENT,68.99
2019-12-18,OIL_BRENT,69.12
2019-12-19,OIL_BRENT,69.7
2019-12-20,OIL_BRENT,68.66
2019-12-23,OIL_BRENT,67.49
2019-12-24,OIL_BRENT,69.26
2019-12-26,OIL_BRENT,69.26
2019-12-27,OIL_BRENT,68.91
2019-12-30,OIL_BRENT,68.3
2019-12-31,OIL_BRENT,67.77
2020-01-02,OIL_BRENT,67.05
2020-01-03,OIL_BRENT,69.08
2020-01-06,OIL_BRENT,70.25
2020-01-07,OIL_BRENT,68.74
2020-01-08,OIL_BRENT,67.31
2020-01-09,OIL_BRENT,66.58
2020-01-10,OIL_BRENT,66.77
2020-01-13,OIL_BRENT,64.14
2020-01-14,OIL_BRENT,64.45
2020-01-15,OIL_BRENT,63.29
2020-01-16,OIL_BRENT,64.63
2020-01-17,OIL_BRENT,64.05
2020-01-20,OIL_BRENT,64.63
2020-01-21,OIL_BRENT,63.66
2020-01-22,OIL_BRENT,62.11
2020-01-23,OIL_BRENT,61.26
2020-01-24,OIL_BRENT,59.34
2020-01-27,OIL_BRENT,58.54
2020-01-28,OIL_BRENT,59.37
2020-01-29,OIL_BRENT,59.46
2020-01-30,OIL_BRENT,57.72
2020-01-31,OIL_BRENT,57.77
2020-02-03,OIL_BRENT,54.0
2020-02-04,OIL_BRENT,53.9
2020-02-05,OIL_BRENT,55.36
2020-02-06,OIL_BRENT,55.18
2020-02-07,OIL_BRENT,54.53
2020-02-10,OIL_BRENT,53.39
2020-02-11,OIL_BRENT,54.0
2020-02-12,OIL_BRENT,55.54
2020-02-13,OIL_BRENT,56.34
2020-02-14,OIL_BRENT,57.37
2020-02-17,OIL_BRENT,57.83
2020-02-18,OIL_BRENT,57.35
2020-02-19,OIL_BRENT,59.72
2020-02-20,OIL_BRENT,59.57
2020-02-21,OIL_BRENT,58.6
2020-02-24,OIL_BRENT,56.71
2020-02-25,OIL_BRENT,55.29
2020-02-26,OIL_BRENT,54.96
2020-02-27,OIL_BRENT,52.19
2020-02-28,OIL_BRENT,51.31
2020-03-02,OIL_BRENT,52.52
2020-03-03,OIL_BRENT,52.24
2020-03-04,OIL_BRENT,51.86
2020-03-05,OIL_BRENT,51.29
2020-03-06,OIL_BRENT,45.6
2020-03-09,OIL_BRENT,35.33
2020-03-10,OIL_BRENT,35.57
2020-03-11,OIL_BRENT,34.45
2020-03-12,OIL_BRENT,31.02
2020-03-13,OIL_BRENT,32.25
2020-03-16,OIL_BRENT,27.98
2020-03-17,OIL_BRENT,27.97
2020-03-18,OIL_BRENT,22.79
2020-03-19,OIL_BRENT,23.98
2020-03-20,OIL_BRENT,25.55
2020-03-23,OIL_BRENT,23.75
2020-03-24,OIL_BRENT,24.5
2020-03-25,OIL_BRENT,25.62
2020-03-26,OIL_BRENT,23.55
2020-03-27,OIL_BRENT,22.39
2020-03-30,OIL_BRENT,19.19
2020-03-31,OIL_BRENT,14.85
2020-04-01,OIL_BRENT,14.97
2020-04-02,OIL_BRENT,20.24
2020-04-03,OIL_BRENT,24.33
2020-04-06,OIL_BRENT,22.58
2020-04-07,OIL_BRENT,22.1
2020-04-08,OIL_BRENT,25.22
2020-04-09,OIL_BRENT,20.23
2020-04-14,OIL_BRENT,21.74
2020-04-15,OIL_BRENT,19.8
2020-04-16,OIL_BRENT,18.69
2020-04-17,OIL_BRENT,19.75
2020-04-20,OIL_BRENT,17.36
2020-04-21,OIL_BRENT,9.12
2020-04-22,OIL_BRENT,13.77
2020-04-23,OIL_BRENT,15.06
2020-04-24,OIL_BRENT,15.87
2020-04-27,OIL_BRENT,15.17
2020-04-28,OIL_BRENT,15.6
2020-04-29,OIL_BRENT,17.86
2020-04-30,OIL_BRENT,18.11
2020-05-01,OIL_BRENT,18.49
2020-05-04,OIL_BRENT,20.4
2020-05-05,OIL_BRENT,25.46
2020-05-06,OIL_BRENT,24.2
2020-05-07,OIL_BRENT,24.23
2020-05-11,OIL_BRENT,25.53
2020-05-12,OIL_BRENT,26.67
2020-05-13,OIL_BRENT,27.89
2020-05-14,OIL_BRENT,29.87
2020-05-15,OIL_BRENT,30.95
2020-05-18,OIL_BRENT,33.3
2020-05-19,OIL_BRENT,33.06
2020-05-20,OIL_BRENT,34.76
2020-05-21,OIL_BRENT,34.78
2020-05-22,OIL_BRENT,33.8
2020-05-26,OIL_BRENT,33.95
2020-05-27,OIL_BRENT,32.73
2020-05-28,OIL_BRENT,33.98
2020-05-29,OIL_BRENT,34.15
2020-06-01,OIL_BRENT,36.74
2020-06-02,OIL_BRENT,37.72
2020-06-03,OIL_BRENT,37.98
2020-06-04,OIL_BRENT,38.41
2020-06-05,OIL_BRENT,41.0
2020-06-08,OIL_BRENT,39.66
2020-06-09,OIL_BRENT,40.45
2020-06-10,OIL_BRENT,41.18
2020-06-11,OIL_BRENT,37.76
2020-06-12,OIL_BRENT,38.54
2020-06-15,OIL_BRENT,39.44
2020-06-16,OIL_BRENT,40.75
2020-06-17,OIL_BRENT,40.47
2020-06-18,OIL_BRENT,41.75
2020-06-19,OIL_BRENT,42.33
2020-06-22,OIL_BRENT,43.2
2020-06-23,OIL_BRENT,42.72
2020-06-24,OIL_BRENT,40.4
2020-06-25,OIL_BRENT,41.18
2020-06-26,OIL_BRENT,40.97
2020-06-29,OIL_BRENT,41.58
2020-06-30,OIL_BRENT,41.64
2020-07-01,OIL_BRENT,42.18
2020-07-02,OIL_BRENT,43.19
2020-07-03,OIL_BRENT,42.92
2020-07-06,OIL_BRENT,42.73
2020-07-07,OIL_BRENT,43.28
2020-07-08,OIL_BRENT,43.67
2020-07-09,OIL_BRENT,42.35
2020-07-10,OIL_BRENT,43.27
2020-07-13,OIL_BRENT,42.85
2020-07-14,OIL_BRENT,42.97
2020-07-15,OIL_BRENT,43.96
2020-07-16,OIL_BRENT,43.71
2020-07-17,OIL_BRENT,43.53
2020-07-20,OIL_BRENT,43.3
2020-07-21,OIL_BRENT,44.31
2020-07-22,OIL_BRENT,43.98
2020-07-23,OIL_BRENT,42.96
2020-07-24,OIL_BRENT,43.29
2020-07-27,OIL_BRENT,43.39
2020-07-28,OIL_BRENT,43.11
2020-07-29,OIL_BRENT,43.51
2020-07-30,OIL_BRENT,42.98
2020-07-31,OIL_BRENT,43.13
2020-08-03,OIL_BRENT,43.76
2020-08-04,OIL_BRENT,43.99
2020-08-05,OIL_BRENT,44.92
2020-08-06,OIL_BRENT,45.04
2020-08-07,OIL_BRENT,44.07
2020-08-10,OIL_BRENT,44.19
2020-08-11,OIL_BRENT,43.68
2020-08-12,OIL_BRENT,45.09
2020-08-13,OIL_BRENT,44.87
2020-08-14,OIL_BRENT,44.86
2020-08-17,OIL_BRENT,44.91
2020-08-18,OIL_BRENT,45.34
2020-08-19,OIL_BRENT,45.21
2020-08-20,OIL_BRENT,44.56
2020-08-21,OIL_BRENT,43.94
2020-08-24,OIL_BRENT,44.43
2020-08-25,OIL_BRENT,46.01
2020-08-26,OIL_BRENT,45.79
2020-08-27,OIL_BRENT,44.84
2020-08-28,OIL_BRENT,45.22
2020-09-01,OIL_BRENT,45.72
2020-09-02,OIL_BRENT,42.7
2020-09-03,OIL_BRENT,42.72
2020-09-04,OIL_BRENT,41.1
2020-09-07,OIL_BRENT,40.67
2020-09-08,OIL_BRENT,38.53
2020-09-09,OIL_BRENT,39.98
2020-09-10,OIL_BRENT,39.27
2020-09-11,OIL_BRENT,38.8
2020-09-14,OIL_BRENT,38.57
2020-09-15,OIL_BRENT,39.54
2020-09-16,OIL_BRENT,41.23
2020-09-17,OIL_BRENT,42.35
2020-09-18,OIL_BRENT,42.16
2020-09-21,OIL_BRENT,40.37
2020-09-22,OIL_BRENT,40.84
2020-09-23,OIL_BRENT,41.09
2020-09-24,OIL_BRENT,41.24
2020-09-25,OIL_BRENT,40.91
2020-09-28,OIL_BRENT,41.59
2020-09-29,OIL_BRENT,40.33
2020-09-30,OIL_BRENT,40.3
2020-10-01,OIL_BRENT,39.75
2020-10-02,OIL_BRENT,38.0
2020-10-05,OIL_BRENT,39.78
2020-10-06,OIL_BRENT,41.27
2020-10-07,OIL_BRENT,40.62
2020-10-08,OIL_BRENT,42.0
2020-10-09,OIL_BRENT,41.63
2020-10-12,OIL_BRENT,40.5
2020-10-13,OIL_BRENT,41.34
2020-10-14,OIL_BRENT,41.81
2020-10-15,OIL_BRENT,41.61
2020-10-16,OIL_BRENT,41.34
2020-10-19,OIL_BRENT,41.29
2020-10-20,OIL_BRENT,41.62
2020-10-21,OIL_BRENT,40.09
2020-10-22,OIL_BRENT,41.28
2020-10-23,OIL_BRENT,40.71
2020-10-26,OIL_BRENT,39.06
2020-10-27,OIL_BRENT,39.72
2020-10-28,OIL_BRENT,37.86
2020-10-29,OIL_BRENT,36.56
2020-10-30,OIL_BRENT,36.33
2020-11-02,OIL_BRENT,37.78
2020-11-03,OIL_BRENT,38.17
2020-11-04,OIL_BRENT,39.68
2020-11-05,OIL_BRENT,39.47
2020-11-06,OIL_BRENT,38.08
2020-11-09,OIL_BRENT,40.93
2020-11-10,OIL_BRENT,42.25
2020-11-11,OIL_BRENT,42.5
2020-11-12,OIL_BRENT,42.16
2020-11-13,OIL_BRENT,41.51
2020-11-16,OIL_BRENT,42.71
2020-11-17,OIL_BRENT,42.54
2020-11-18,OIL_BRENT,42.91
2020-11-19,OIL_BRENT,43.09
2020-11-20,OIL_BRENT,43.79
2020-11-23,OIL_BRENT,45.0
2020-11-24,OIL_BRENT,46.63
2020-11-25,OIL_BRENT,47.3
2020-11-26,OIL_BRENT,46.32
2020-11-27,OIL_BRENT,46.88
2020-11-30,OIL_BRENT,46.84
2020-12-01,OIL_BRENT,47.03
2020-12-02,OIL_BRENT,47.8
2020-12-03,OIL_BRENT,48.37
2020-12-04,OIL_BRENT,49.1
2020-12-07,OIL_BRENT,48.63
2020-12-08,OIL_BRENT,48.84
2020-12-09,OIL_BRENT,48.81
2020-12-10,OIL_BRENT,50.33
2020-12-11,OIL_BRENT,50.01
2020-12-14,OIL_BRENT,50.27
2020-12-15,OIL_BRENT,50.77
2020-12-16,OIL_BRENT,50.83
2020-12-17,OIL_BRENT,51.2
2020-12-18,OIL_BRENT,52.17
2020-12-21,OIL_BRENT,50.61
2020-12-22,OIL_BRENT,49.88
2020-12-23,OIL_BRENT,51.05
2020-12-24,OIL_BRENT,50.88
2020-12-28,OIL_BRENT,50.88
2020-12-29,OIL_BRENT,50.44
2020-12-30,OIL_BRENT,50.74
2020-12-31,OIL_BRENT,51.22
2021-01-04,OIL_BRENT,50.37
2021-01-05,OIL_BRENT,53.16
2021-01-06,OIL_BRENT,53.8
2021-01-07,OIL_BRENT,53.7
2021-01-08,OIL_BRENT,55.51
2021-01-11,OIL_BRENT,54.84
2021-01-12,OIL_BRENT,55.98
2021-01-13,OIL_BRENT,55.52
2021-01-14,OIL_BRENT,55.76
2021-01-15,OIL_BRENT,54.8
2021-01-18,OIL_BRENT,54.21
2021-01-19,OIL_BRENT,55.38
2021-01-20,OIL_BRENT,55.66
2021-01-21,OIL_BRENT,55.68
2021-01-22,OIL_BRENT,55.22
2021-01-25,OIL_BRENT,55.44
2021-01-26,OIL_BRENT,55.26
2021-01-27,OIL_BRENT,55.07
2021-01-28,OIL_BRENT,54.87
2021-01-29,OIL_BRENT,55.25
2021-02-01,OIL_BRENT,56.42
2021-02-02,OIL_BRENT,57.62
2021-02-03,OIL_BRENT,58.61
2021-02-04,OIL_BRENT,58.98
2021-02-05,OIL_BRENT,59.48
2021-02-08,OIL_BRENT,60.17
2021-02-09,OIL_BRENT,60.74
2021-02-10,OIL_BRENT,61.17
2021-02-11,OIL_BRENT,61.09
2021-02-12,OIL_BRENT,62.47
2021-02-15,OIL_BRENT,63.58
2021-02-16,OIL_BRENT,63.96
2021-02-17,OIL_BRENT,65.02
2021-02-18,OIL_BRENT,64.09
2021-02-19,OIL_BRENT,62.84
2021-02-22,OIL_BRENT,64.73
2021-02-23,OIL_BRENT,65.16
2021-02-24,OIL_BRENT,66.85
2021-02-25,OIL_BRENT,66.69
2021-02-26,OIL_BRENT,65.86
2021-03-01,OIL_BRENT,64.56
2021-03-02,OIL_BRENT,63.17
2021-03-03,OIL_BRENT,64.7
2021-03-04,OIL_BRENT,67.32
2021-03-05,OIL_BRENT,69.95
2021-03-08,OIL_BRENT,68.0
2021-03-09,OIL_BRENT,67.03
2021-03-10,OIL_BRENT,67.53
2021-03-11,OIL_BRENT,69.34
2021-03-12,OIL_BRENT,68.87
2021-03-15,OIL_BRENT,68.78
2021-03-16,OIL_BRENT,67.95
2021-03-17,OIL_BRENT,67.73
2021-03-18,OIL_BRENT,62.11
2021-03-19,OIL_BRENT,64.0
2021-03-22,OIL_BRENT,63.89
2021-03-23,OIL_BRENT,59.96
2021-03-24,OIL_BRENT,63.7
2021-03-25,OIL_BRENT,61.21
2021-03-26,OIL_BRENT,63.77
2021-03-29,OIL_BRENT,64.06
2021-03-30,OIL_BRENT,63.28
2021-03-31,OIL_BRENT,63.52
2021-04-01,OIL_BRENT,63.85
2021-04-06,OIL_BRENT,61.47
2021-04-07,OIL_BRENT,61.86
2021-04-08,OIL_BRENT,62.09
2021-04-09,OIL_BRENT,61.89
2021-04-12,OIL_BRENT,62.38
2021-04-13,OIL_BRENT,62.83
2021-04-14,OIL_BRENT,66.11
2021-04-15,OIL_BRENT,66.13
2021-04-16,OIL_BRENT,65.98
2021-04-19,OIL_BRENT,66.54
2021-04-20,OIL_BRENT,65.34
2021-04-21,OIL_BRENT,64.02
2021-04-22,OIL_BRENT,65.07
2021-04-23,OIL_BRENT,65.75
2021-04-26,OIL_BRENT,65.5
2021-04-27,OIL_BRENT,66.25
2021-04-28,OIL_BRENT,67.08
2021-04-29,OIL_BRENT,68.26
2021-04-30,OIL_BRENT,67.73
2021-05-04,OIL_BRENT,68.91
2021-05-05,OIL_BRENT,69.71
2021-05-06,OIL_BRENT,68.62
2021-05-07,OIL_BRENT,68.73
2021-05-10,OIL_BRENT,68.61
2021-05-11,OIL_BRENT,68.83
2021-05-12,OIL_BRENT,69.62
2021-05-13,OIL_BRENT,67.36
2021-05-14,OIL_BRENT,69.24
2021-05-17,OIL_BRENT,69.62
2021-05-18,OIL_BRENT,69.01
2021-05-19,OIL_BRENT,66.88
2021-05-20,OIL_BRENT,65.18
2021-05-21,OIL_BRENT,66.72
2021-05-24,OIL_BRENT,68.59
2021-05-25,OIL_BRENT,68.8
2021-05-26,OIL_BRENT,68.93
2021-05-27,OIL_BRENT,69.43
2021-05-28,OIL_BRENT,69.36
2021-06-01,OIL_BRENT,70.03
2021-06-02,OIL_BRENT,70.6
2021-06-03,OIL_BRENT,70.71
2021-06-04,OIL_BRENT,71.3
2021-06-07,OIL_BRENT,70.89
2021-06-08,OIL_BRENT,71.39
2021-06-09,OIL_BRENT,71.31
2021-06-10,OIL_BRENT,71.65
2021-06-11,OIL_BRENT,72.05
2021-06-14,OIL_BRENT,72.27
2021-06-15,OIL_BRENT,73.38
2021-06-16,OIL_BRENT,73.88
2021-06-17,OIL_BRENT,72.92
2021-06-18,OIL_BRENT,73.1
2021-06-21,OIL_BRENT,74.49
2021-06-22,OIL_BRENT,74.92
2021-06-23,OIL_BRENT,75.22
2021-06-24,OIL_BRENT,75.95
2021-06-25,OIL_BRENT,76.45
2021-06-28,OIL_BRENT,74.78
2021-06-29,OIL_BRENT,75.38
2021-06-30,OIL_BRENT,76.94
2021-07-01,OIL_BRENT,76.69
2021-07-02,OIL_BRENT,77.51
2021-07-05,OIL_BRENT,78.34
2021-07-06,OIL_BRENT,75.81
2021-07-07,OIL_BRENT,74.31
2021-07-08,OIL_BRENT,75.07
2021-07-09,OIL_BRENT,77.14
2021-07-12,OIL_BRENT,76.77
2021-07-13,OIL_BRENT,77.5
2021-07-14,OIL_BRENT,75.74
2021-07-15,OIL_BRENT,74.53
2021-07-16,OIL_BRENT,74.46
2021-07-19,OIL_BRENT,69.33
2021-07-20,OIL_BRENT,70.03
2021-07-21,OIL_BRENT,72.54
2021-07-22,OIL_BRENT,74.25
2021-07-23,OIL_BRENT,74.86
2021-07-26,OIL_BRENT,74.79
2021-07-27,OIL_BRENT,74.87
2021-07-28,OIL_BRENT,75.09
2021-07-29,OIL_BRENT,76.3
2021-07-30,OIL_BRENT,77.72
2021-08-02,OIL_BRENT,73.91
2021-08-03,OIL_BRENT,73.24
2021-08-04,OIL_BRENT,70.99
2021-08-05,OIL_BRENT,72.14
2021-08-06,OIL_BRENT,71.02
2021-08-09,OIL_BRENT,69.65
2021-08-10,OIL_BRENT,71.14
2021-08-11,OIL_BRENT,71.99
2021-08-12,OIL_BRENT,71.79
2021-08-13,OIL_BRENT,70.9
2021-08-16,OIL_BRENT,70.07
2021-08-17,OIL_BRENT,69.4
2021-08-18,OIL_BRENT,68.61
2021-08-19,OIL_BRENT,66.8
2021-08-20,OIL_BRENT,65.51
2021-08-23,OIL_BRENT,69.07
2021-08-24,OIL_BRENT,71.21
2021-08-25,OIL_BRENT,72.12
2021-08-26,OIL_BRENT,70.42
2021-08-27,OIL_BRENT,72.26
2021-08-31,OIL_BRENT,73.45
2021-09-01,OIL_BRENT,71.99
2021-09-02,OIL_BRENT,73.56
2021-09-03,OIL_BRENT,73.07
2021-09-06,OIL_BRENT,72.43
2021-09-07,OIL_BRENT,71.52
2021-09-08,OIL_BRENT,72.36
2021-09-09,OIL_BRENT,71.32
2021-09-10,OIL_BRENT,72.44
2021-09-13,OIL_BRENT,72.97
2021-09-14,OIL_BRENT,73.05
2021-09-15,OIL_BRENT,74.84
2021-09-16,OIL_BRENT,75.14
2021-09-17,OIL_BRENT,74.64
2021-09-20,OIL_BRENT,73.59
2021-09-21,OIL_BRENT,73.65
2021-09-22,OIL_BRENT,75.5
2021-09-23,OIL_BRENT,76.44
2021-09-24,OIL_BRENT,77.42
2021-09-27,OIL_BRENT,78.85
2021-09-28,OIL_BRENT,78.3
2021-09-29,OIL_BRENT,77.86
2021-09-30,OIL_BRENT,77.81
2021-10-01,OIL_BRENT,79.4
2021-10-04,OIL_BRENT,81.44
2021-10-05,OIL_BRENT,82.72
2021-10-06,OIL_BRENT,81.39
2021-10-07,OIL_BRENT,82.34
2021-10-08,OIL_BRENT,82.17
2021-10-11,OIL_BRENT,83.75
2021-10-12,OIL_BRENT,83.53
2021-10-13,OIL_BRENT,83.53
2021-10-14,OIL_BRENT,83.86
2021-10-15,OIL_BRENT,84.67
2021-10-18,OIL_BRENT,84.13
2021-10-19,OIL_BRENT,85.02
2021-10-20,OIL_BRENT,85.76
2021-10-21,OIL_BRENT,84.58
2021-10-22,OIL_BRENT,85.43
2021-10-25,OIL_BRENT,84.85
2021-10-26,OIL_BRENT,85.11
2021-10-27,OIL_BRENT,84.12
2021-10-28,OIL_BRENT,83.4
2021-10-29,OIL_BRENT,83.1
2021-11-01,OIL_BRENT,84.51
2021-11-02,OIL_BRENT,84.42
2021-11-03,OIL_BRENT,81.1
2021-11-04,OIL_BRENT,80.15
2021-11-05,OIL_BRENT,82.43
2021-11-08,OIL_BRENT,83.22
2021-11-09,OIL_BRENT,84.52
2021-11-10,OIL_BRENT,82.91
2021-11-11,OIL_BRENT,83.4
2021-11-12,OIL_BRENT,82.9
2021-11-15,OIL_BRENT,81.94
2021-11-16,OIL_BRENT,82.85
2021-11-17,OIL_BRENT,80.67
2021-11-18,OIL_BRENT,82.45
2021-11-19,OIL_BRENT,80.24
2021-11-22,OIL_BRENT,80.97
2021-11-23,OIL_BRENT,83.43
2021-11-24,OIL_BRENT,82.37
2021-11-25,OIL_BRENT,82.05
2021-11-26,OIL_BRENT,72.37
2021-11-29,OIL_BRENT,73.34
2021-11-30,OIL_BRENT,70.86
2021-12-01,OIL_BRENT,69.53
2021-12-02,OIL_BRENT,70.56
2021-12-03,OIL_BRENT,70.71
2021-12-06,OIL_BRENT,73.38
2021-12-07,OIL_BRENT,75.54
2021-12-08,OIL_BRENT,75.94
2021-12-09,OIL_BRENT,74.1
2021-12-10,OIL_BRENT,74.98
2021-12-13,OIL_BRENT,74.12
2021-12-14,OIL_BRENT,73.37
2021-12-15,OIL_BRENT,73.71
2021-12-16,OIL_BRENT,74.64
2021-12-17,OIL_BRENT,72.97
2021-12-20,OIL_BRENT,70.51
2021-12-21,OIL_BRENT,72.85
2021-12-22,OIL_BRENT,74.69
2021-12-23,OIL_BRENT,76.26
2021-12-24,OIL_BRENT,75.24
2021-12-29,OIL_BRENT,78.63
2021-12-30,OIL_BRENT,78.61
2021-12-31,OIL_BRENT,77.24
2022-01-03,OIL_BRENT,78.25
2022-01-04,OIL_BRENT,79.39
2022-01-05,OIL_BRENT,80.6
2022-01-06,OIL_BRENT,81.99
2022-01-07,OIL_BRENT,82.28
2022-01-10,OIL_BRENT,81.56
2022-01-11,OIL_BRENT,84.98
2022-01-12,OIL_BRENT,85.83
2022-01-13,OIL_BRENT,85.8
2022-01-14,OIL_BRENT,87.17
2022-01-17,OIL_BRENT,87.82
2022-01-18,OIL_BRENT,88.83
2022-01-19,OIL_BRENT,89.64
2022-01-20,OIL_BRENT,89.75
2022-01-21,OIL_BRENT,89.75
2022-01-24,OIL_BRENT,87.74
2022-01-25,OIL_BRENT,89.49
2022-01-26,OIL_BRENT,91.22
2022-01-27,OIL_BRENT,90.7
2022-01-28,OIL_BRENT,91.47
2022-01-31,OIL_BRENT,92.35
2022-02-01,OIL_BRENT,90.24
2022-02-02,OIL_BRENT,91.43
2022-02-03,OIL_BRENT,92.99
2022-02-04,OIL_BRENT,96.86
2022-02-07,OIL_BRENT,97.28
2022-02-08,OIL_BRENT,96.07
2022-02-09,OIL_BRENT,94.95
2022-02-10,OIL_BRENT,96.37
2022-02-11,OIL_BRENT,97.5
2022-02-14,OIL_BRENT,101.66
2022-02-15,OIL_BRENT,98.43
2022-02-16,OIL_BRENT,97.44
2022-02-17,OIL_BRENT,95.28
2022-02-18,OIL_BRENT,96.18
2022-02-21,OIL_BRENT,98.95
2022-02-22,OIL_BRENT,98.73
2022-02-23,OIL_BRENT,99.29
2022-02-24,OIL_BRENT,101.29
2022-02-25,OIL_BRENT,98.56
2022-02-28,OIL_BRENT,103.08
2022-03-01,OIL_BRENT,110.93
2022-03-02,OIL_BRENT,118.94
2022-03-03,OIL_BRENT,115.36
2022-03-04,OIL_BRENT,123.86
2022-03-07,OIL_BRENT,129.02
2022-03-08,OIL_BRENT,133.18
2022-03-09,OIL_BRENT,116.58
2022-03-10,OIL_BRENT,114.54
2022-03-11,OIL_BRENT,118.11
2022-03-14,OIL_BRENT,110.39
2022-03-15,OIL_BRENT,105.14
2022-03-16,OIL_BRENT,104.61
2022-03-17,OIL_BRENT,113.5
2022-03-18,OIL_BRENT,114.32
2022-03-21,OIL_BRENT,122.29
2022-03-22,OIL_BRENT,121.53
2022-03-23,OIL_BRENT,127.52
2022-03-24,OIL_BRENT,123.98
2022-03-25,OIL_BRENT,122.67
2022-03-28,OIL_BRENT,114.5
2022-03-29,OIL_BRENT,112.79
2022-03-30,OIL_BRENT,115.59
2022-03-31,OIL_BRENT,107.29
2022-04-01,OIL_BRENT,106.13
2022-04-04,OIL_BRENT,108.15
2022-04-05,OIL_BRENT,106.6
2022-04-06,OIL_BRENT,100.81
2022-04-07,OIL_BRENT,99.83
2022-04-08,OIL_BRENT,101.26
2022-04-11,OIL_BRENT,97.92
2022-04-12,OIL_BRENT,104.42
2022-04-13,OIL_BRENT,108.49
2022-04-14,OIL_BRENT,110.83
2022-04-19,OIL_BRENT,105.49
2022-04-20,OIL_BRENT,105.05
2022-04-21,OIL_BRENT,107.2
2022-04-22,OIL_BRENT,105.15
2022-04-25,OIL_BRENT,99.27
2022-04-26,OIL_BRENT,102.89
2022-04-27,OIL_BRENT,103.3
2022-04-28,OIL_BRENT,105.78
2022-04-29,OIL_BRENT,108.36
2022-05-03,OIL_BRENT,104.94
2022-05-04,OIL_BRENT,110.53
2022-05-05,OIL_BRENT,112.11
2022-05-06,OIL_BRENT,113.86
2022-05-09,OIL_BRENT,106.67
2022-05-10,OIL_BRENT,102.61
2022-05-11,OIL_BRENT,107.7
2022-05-12,OIL_BRENT,108.06
2022-05-13,OIL_BRENT,112.12
2022-05-16,OIL_BRENT,114.86
2022-05-17,OIL_BRENT,112.89
2022-05-18,OIL_BRENT,110.04
2022-05-19,OIL_BRENT,113.22
2022-05-20,OIL_BRENT,113.63
2022-05-23,OIL_BRENT,115.13
2022-05-24,OIL_BRENT,115.77
2022-05-25,OIL_BRENT,116.41
2022-05-26,OIL_BRENT,119.81
2022-05-27,OIL_BRENT,121.19
2022-05-30,OIL_BRENT,123.01
2022-05-31,OIL_BRENT,125.53
2022-06-01,OIL_BRENT,122.2
2022-06-03,OIL_BRENT,125.68
2022-06-06,OIL_BRENT,124.99
2022-06-07,OIL_BRENT,126.89
2022-06-08,OIL_BRENT,129.2
2022-06-09,OIL_BRENT,128.47
2022-06-10,OIL_BRENT,127.44
2022-06-13,OIL_BRENT,128.44
2022-06-14,OIL_BRENT,127.02
2022-06-15,OIL_BRENT,124.96
2022-06-16,OIL_BRENT,125.78
2022-06-17,OIL_BRENT,119.22
2022-06-20,OIL_BRENT,118.25
2022-06-21,OIL_BRENT,118.51
2022-06-22,OIL_BRENT,115.54
2022-06-23,OIL_BRENT,114.5
2022-06-24,OIL_BRENT,117.36
2022-06-27,OIL_BRENT,119.69
2022-06-28,OIL_BRENT,122.21
2022-06-29,OIL_BRENT,120.8
2022-06-30,OIL_BRENT,119.78
2022-07-01,OIL_BRENT,119.21
2022-07-04,OIL_BRENT,121.8
2022-07-05,OIL_BRENT,110.49
2022-07-06,OIL_BRENT,108.54
2022-07-07,OIL_BRENT,113.4
2022-07-08,OIL_BRENT,113.95
2022-07-11,OIL_BRENT,114.85
2022-07-12,OIL_BRENT,106.98
2022-07-13,OIL_BRENT,107.17
2022-07-14,OIL_BRENT,107.74
2022-07-15,OIL_BRENT,112.26
2022-07-18,OIL_BRENT,117.27
2022-07-19,OIL_BRENT,114.96
2022-07-20,OIL_BRENT,115.86
2022-07-21,OIL_BRENT,112.81
2022-07-22,OIL_BRENT,106.77
2022-07-25,OIL_BRENT,108.23
2022-07-26,OIL_BRENT,107.32
2022-07-27,OIL_BRENT,109.64
2022-07-28,OIL_BRENT,109.68
2022-07-29,OIL_BRENT,111.51
2022-08-01,OIL_BRENT,106.09
2022-08-02,OIL_BRENT,106.51
2022-08-03,OIL_BRENT,101.82
2022-08-04,OIL_BRENT,97.99
2022-08-05,OIL_BRENT,100.31
2022-08-08,OIL_BRENT,103.46
2022-08-09,OIL_BRENT,103.81
2022-08-10,OIL_BRENT,105.06
2022-08-11,OIL_BRENT,107.19
2022-08-12,OIL_BRENT,103.7
2022-08-15,OIL_BRENT,98.25
2022-08-16,OIL_BRENT,95.36
2022-08-17,OIL_BRENT,97.22
2022-08-18,OIL_BRENT,96.35
2022-08-19,OIL_BRENT,96.45
2022-08-22,OIL_BRENT,95.06
2022-08-23,OIL_BRENT,99.49
2022-08-24,OIL_BRENT,99.87
2022-08-25,OIL_BRENT,98.81
2022-08-26,OIL_BRENT,101.13
2022-08-30,OIL_BRENT,99.34
2022-08-31,OIL_BRENT,96.55
2022-09-01,OIL_BRENT,92.24
2022-09-02,OIL_BRENT,93.09
2022-09-05,OIL_BRENT,94.22
2022-09-06,OIL_BRENT,91.43
2022-09-07,OIL_BRENT,86.83
2022-09-08,OIL_BRENT,87.99
2022-09-09,OIL_BRENT,91.68
2022-09-12,OIL_BRENT,93.45
2022-09-13,OIL_BRENT,92.04
2022-09-14,OIL_BRENT,92.83
2022-09-15,OIL_BRENT,89.28
2022-09-16,OIL_BRENT,89.43
2022-09-20,OIL_BRENT,89.62
2022-09-21,OIL_BRENT,89.86
2022-09-22,OIL_BRENT,90.4
2022-09-23,OIL_BRENT,84.29
2022-09-26,OIL_BRENT,82.55
2022-09-27,OIL_BRENT,85.97
2022-09-28,OIL_BRENT,89.55
2022-09-29,OIL_BRENT,89.41
2022-09-30,OIL_BRENT,88.9
2022-10-03,OIL_BRENT,90.68
2022-10-04,OIL_BRENT,93.74
2022-10-05,OIL_BRENT,94.35
2022-10-06,OIL_BRENT,95.65
2022-10-07,OIL_BRENT,98.88
2022-10-10,OIL_BRENT,97.13
2022-10-11,OIL_BRENT,95.17
2022-10-12,OIL_BRENT,93.44
2022-10-13,OIL_BRENT,95.16
2022-10-14,OIL_BRENT,92.22
2022-10-17,OIL_BRENT,91.04
2022-10-18,OIL_BRENT,89.46
2022-10-19,OIL_BRENT,91.34
2022-10-20,OIL_BRENT,91.52
2022-10-21,OIL_BRENT,91.82
2022-10-24,OIL_BRENT,91.57
2022-10-25,OIL_BRENT,91.76
2022-10-26,OIL_BRENT,92.93
2022-10-27,OIL_BRENT,94.17
2022-10-28,OIL_BRENT,94.64
2022-10-31,OIL_BRENT,93.3
2022-11-01,OIL_BRENT,95.12
2022-11-02,OIL_BRENT,96.07
2022-11-03,OIL_BRENT,95.29
2022-11-04,OIL_BRENT,99.53
2022-11-07,OIL_BRENT,99.87
2022-11-08,OIL_BRENT,96.85
2022-11-09,OIL_BRENT,93.05
2022-11-10,OIL_BRENT,94.25
2022-11-11,OIL_BRENT,96.37
2022-11-14,OIL_BRENT,93.59
2022-11-15,OIL_BRENT,94.3
2022-11-16,OIL_BRENT,92.61
2022-11-17,OIL_BRENT,91.0
2022-11-18,OIL_BRENT,88.93
2022-11-21,OIL_BRENT,88.44
2022-11-22,OIL_BRENT,88.65
2022-11-23,OIL_BRENT,85.9
2022-11-24,OIL_BRENT,85.59
2022-11-25,OIL_BRENT,83.4
2022-11-28,OIL_BRENT,83.5
2022-11-29,OIL_BRENT,83.22
2022-11-30,OIL_BRENT,85.61
2022-12-01,OIL_BRENT,86.28
2022-12-02,OIL_BRENT,86.54
2022-12-05,OIL_BRENT,83.36
2022-12-06,OIL_BRENT,79.92
2022-12-07,OIL_BRENT,77.11
2022-12-08,OIL_BRENT,76.02
2022-12-09,OIL_BRENT,76.37
2022-12-12,OIL_BRENT,78.0
2022-12-13,OIL_BRENT,80.14
2022-12-14,OIL_BRENT,83.33
2022-12-15,OIL_BRENT,82.34
2022-12-16,OIL_BRENT,80.2
2022-12-19,OIL_BRENT,81.66
2022-12-20,OIL_BRENT,79.45
2022-12-21,OIL_BRENT,80.25
2022-12-22,OIL_BRENT,79.58
2022-12-23,OIL_BRENT,82.45
2022-12-28,OIL_BRENT,81.7
2022-12-29,OIL_BRENT,80.96
2022-12-30,OIL_BRENT,82.82
2023-01-03,OIL_BRENT,80.36
2023-01-04,OIL_BRENT,75.31
2023-01-05,OIL_BRENT,76.73
2023-01-06,OIL_BRENT,76.41
2023-01-09,OIL_BRENT,77.5
2023-01-10,OIL_BRENT,78.4
2023-01-11,OIL_BRENT,81.11
2023-01-12,OIL_BRENT,82.59
2023-01-13,OIL_BRENT,83.43
2023-01-16,OIL_BRENT,82.65
2023-01-17,OIL_BRENT,84.38
2023-01-18,OIL_BRENT,83.78
2023-01-19,OIL_BRENT,85.08
2023-01-20,OIL_BRENT,86.96
2023-01-23,OIL_BRENT,87.54
2023-01-24,OIL_BRENT,85.25
2023-01-25,OIL_BRENT,85.08
2023-01-26,OIL_BRENT,86.29
2023-01-27,OIL_BRENT,85.36
2023-01-30,OIL_BRENT,84.9
2023-01-31,OIL_BRENT,83.42
2023-02-01,OIL_BRENT,81.61
2023-02-02,OIL_BRENT,80.57
2023-02-03,OIL_BRENT,78.85
2023-02-06,OIL_BRENT,80.48
2023-02-07,OIL_BRENT,82.92
2023-02-08,OIL_BRENT,84.17
2023-02-09,OIL_BRENT,83.46
2023-02-10,OIL_BRENT,85.46
2023-02-13,OIL_BRENT,85.98
2023-02-14,OIL_BRENT,84.96
2023-02-15,OIL_BRENT,84.11
2023-02-16,OIL_BRENT,83.84
2023-02-17,OIL_BRENT,81.97
2023-02-20,OIL_BRENT,82.79
2023-02-21,OIL_BRENT,82.14
2023-02-22,OIL_BRENT,79.55
2023-02-23,OIL_BRENT,82.08
2023-02-24,OIL_BRENT,82.31
2023-02-27,OIL_BRENT,81.24
2023-02-28,OIL_BRENT,83.21
2023-03-01,OIL_BRENT,83.68
2023-03-02,OIL_BRENT,84.15
2023-03-03,OIL_BRENT,85.74
2023-03-06,OIL_BRENT,85.86
2023-03-07,OIL_BRENT,83.03
2023-03-08,OIL_BRENT,82.1
2023-03-09,OIL_BRENT,81.0
2023-03-10,OIL_BRENT,82.3
2023-03-13,OIL_BRENT,79.67
2023-03-14,OIL_BRENT,76.77
2023-03-15,OIL_BRENT,74.3
2023-03-16,OIL_BRENT,73.12
2023-03-17,OIL_BRENT,71.03
2023-03-20,OIL_BRENT,72.42
2023-03-21,OIL_BRENT,74.78
2023-03-22,OIL_BRENT,76.08
2023-03-23,OIL_BRENT,74.31
2023-03-24,OIL_BRENT,73.63
2023-03-27,OIL_BRENT,76.8
2023-03-28,OIL_BRENT,78.07
2023-03-29,OIL_BRENT,77.51
2023-03-30,OIL_BRENT,78.45
2023-03-31,OIL_BRENT,79.19
2023-04-03,OIL_BRENT,85.81
2023-04-04,OIL_BRENT,85.7
2023-04-05,OIL_BRENT,85.89
2023-04-06,OIL_BRENT,86.56
2023-04-11,OIL_BRENT,87.32
2023-04-12,OIL_BRENT,88.31
2023-04-13,OIL_BRENT,86.51
2023-04-14,OIL_BRENT,87.31
2023-04-17,OIL_BRENT,85.63
2023-04-18,OIL_BRENT,85.48
2023-04-19,OIL_BRENT,85.34
2023-04-20,OIL_BRENT,83.29
2023-04-21,OIL_BRENT,83.36
2023-04-24,OIL_BRENT,84.23
2023-04-25,OIL_BRENT,82.13
2023-04-26,OIL_BRENT,79.19
2023-04-27,OIL_BRENT,80.11
2023-04-28,OIL_BRENT,81.32
2023-05-02,OIL_BRENT,76.71
2023-05-03,OIL_BRENT,72.91
2023-05-04,OIL_BRENT,73.0
2023-05-05,OIL_BRENT,75.85
2023-05-09,OIL_BRENT,77.76
2023-05-10,OIL_BRENT,76.7
2023-05-11,OIL_BRENT,75.32
2023-05-12,OIL_BRENT,74.54
2023-05-15,OIL_BRENT,75.46
2023-05-16,OIL_BRENT,75.15
2023-05-17,OIL_BRENT,76.98
2023-05-18,OIL_BRENT,75.75
2023-05-19,OIL_BRENT,75.42
2023-05-22,OIL_BRENT,75.77
2023-05-23,OIL_BRENT,76.66
2023-05-24,OIL_BRENT,77.99
2023-05-25,OIL_BRENT,75.66
2023-05-26,OIL_BRENT,76.33
2023-05-30,OIL_BRENT,73.38
2023-05-31,OIL_BRENT,71.98
2023-06-01,OIL_BRENT,74.18
2023-06-02,OIL_BRENT,76.0
2023-06-05,OIL_BRENT,76.61
2023-06-06,OIL_BRENT,76.22
2023-06-07,OIL_BRENT,76.85
2023-06-08,OIL_BRENT,75.88
2023-06-09,OIL_BRENT,74.74
2023-06-12,OIL_BRENT,71.8
2023-06-13,OIL_BRENT,74.24
2023-06-14,OIL_BRENT,73.39
2023-06-15,OIL_BRENT,75.75
2023-06-16,OIL_BRENT,76.76
2023-06-19,OIL_BRENT,76.09
2023-06-20,OIL_BRENT,75.79
2023-06-21,OIL_BRENT,76.92
2023-06-22,OIL_BRENT,73.93
2023-06-23,OIL_BRENT,73.56
2023-06-26,OIL_BRENT,73.86
2023-06-27,OIL_BRENT,71.88
2023-06-28,OIL_BRENT,73.64
2023-06-29,OIL_BRENT,73.86
2023-06-30,OIL_BRENT,74.51
2023-07-03,OIL_BRENT,74.52
2023-07-04,OIL_BRENT,76.23
2023-07-05,OIL_BRENT,76.74
2023-07-06,OIL_BRENT,76.72
2023-07-07,OIL_BRENT,78.77
2023-07-10,OIL_BRENT,77.83
2023-07-11,OIL_BRENT,79.54
2023-07-12,OIL_BRENT,80.35
2023-07-13,OIL_BRENT,81.31
2023-07-14,OIL_BRENT,79.9
2023-07-17,OIL_BRENT,77.8
2023-07-18,OIL_BRENT,79.54
2023-07-19,OIL_BRENT,79.38
2023-07-20,OIL_BRENT,79.62
2023-07-21,OIL_BRENT,81.06
2023-07-24,OIL_BRENT,82.53
2023-07-25,OIL_BRENT,83.46
2023-07-26,OIL_BRENT,82.98
2023-07-27,OIL_BRENT,84.28
2023-07-28,OIL_BRENT,84.49
2023-07-31,OIL_BRENT,85.22
2023-08-01,OIL_BRENT,85.34
2023-08-02,OIL_BRENT,84.01
2023-08-03,OIL_BRENT,86.19
2023-08-04,OIL_BRENT,87.38
2023-08-07,OIL_BRENT,86.47
2023-08-08,OIL_BRENT,88.0
2023-08-09,OIL_BRENT,89.31
2023-08-10,OIL_BRENT,87.44
2023-08-11,OIL_BRENT,87.93
2023-08-14,OIL_BRENT,87.4
2023-08-15,OIL_BRENT,86.28
2023-08-16,OIL_BRENT,84.49
2023-08-17,OIL_BRENT,85.24
2023-08-18,OIL_BRENT,85.92
2023-08-21,OIL_BRENT,85.44
2023-08-22,OIL_BRENT,84.7
2023-08-23,OIL_BRENT,83.94
2023-08-24,OIL_BRENT,84.07
2023-08-25,OIL_BRENT,85.42
2023-08-29,OIL_BRENT,86.37
2023-08-30,OIL_BRENT,86.62
2023-08-31,OIL_BRENT,87.29
2023-09-01,OIL_BRENT,89.98
2023-09-04,OIL_BRENT,90.42
2023-09-05,OIL_BRENT,91.25
2023-09-06,OIL_BRENT,91.79
2023-09-07,OIL_BRENT,91.16
2023-09-08,OIL_BRENT,91.85
2023-09-11,OIL_BRENT,91.97
2023-09-12,OIL_BRENT,93.58
2023-09-13,OIL_BRENT,93.04
2023-09-14,OIL_BRENT,95.2
2023-09-15,OIL_BRENT,95.55
2023-09-18,OIL_BRENT,95.95
2023-09-19,OIL_BRENT,96.11
2023-09-20,OIL_BRENT,94.56
2023-09-21,OIL_BRENT,93.7
2023-09-22,OIL_BRENT,93.99
2023-09-25,OIL_BRENT,94.01
2023-09-26,OIL_BRENT,94.46
2023-09-27,OIL_BRENT,97.1
2023-09-28,OIL_BRENT,96.64
2023-09-29,OIL_BRENT,95.86
2023-10-02,OIL_BRENT,91.21
2023-10-03,OIL_BRENT,94.46
2023-10-04,OIL_BRENT,89.83
2023-10-05,OIL_BRENT,88.28
2023-10-06,OIL_BRENT,87.86
2023-10-09,OIL_BRENT,91.37
2023-10-10,OIL_BRENT,90.7
2023-10-11,OIL_BRENT,87.58
2023-10-12,OIL_BRENT,88.4
2023-10-13,OIL_BRENT,94.33
2023-10-16,OIL_BRENT,90.99
2023-10-17,OIL_BRENT,92.52
2023-10-18,OIL_BRENT,91.99
2023-10-19,OIL_BRENT,93.12
2023-10-20,OIL_BRENT,93.72
2023-10-23,OIL_BRENT,91.88
2023-10-24,OIL_BRENT,88.0
2023-10-25,OIL_BRENT,90.14
2023-10-26,OIL_BRENT,88.45
2023-10-27,OIL_BRENT,90.73
2023-10-30,OIL_BRENT,90.73
2023-10-31,OIL_BRENT,86.82
2023-11-01,OIL_BRENT,86.92
2023-11-02,OIL_BRENT,89.02
2023-11-03,OIL_BRENT,87.55
2023-11-06,OIL_BRENT,87.31
2023-11-07,OIL_BRENT,83.43
2023-11-08,OIL_BRENT,81.46
2023-11-09,OIL_BRENT,81.74
2023-11-10,OIL_BRENT,83.66
2023-11-13,OIL_BRENT,84.09
2023-11-14,OIL_BRENT,84.2
2023-11-15,OIL_BRENT,82.4
2023-11-16,OIL_BRENT,77.73
2023-11-17,OIL_BRENT,81.22
2023-11-20,OIL_BRENT,83.25
2023-11-21,OIL_BRENT,82.42
2023-11-22,OIL_BRENT,81.76
2023-11-23,OIL_BRENT,80.85
2023-11-24,OIL_BRENT,79.82
2023-11-27,OIL_BRENT,79.49
2023-11-28,OIL_BRENT,81.66
2023-11-29,OIL_BRENT,82.98
2023-11-30,OIL_BRENT,81.72
2023-12-01,OIL_BRENT,78.72
2023-12-04,OIL_BRENT,78.16
2023-12-05,OIL_BRENT,77.27
2023-12-06,OIL_BRENT,74.33
2023-12-07,OIL_BRENT,74.21
2023-12-08,OIL_BRENT,75.94
2023-12-11,OIL_BRENT,75.75
2023-12-12,OIL_BRENT,74.11
2023-12-13,OIL_BRENT,74.14
2023-12-14,OIL_BRENT,77.05
2023-12-15,OIL_BRENT,76.84
2023-12-18,OIL_BRENT,78.89
2023-12-19,OIL_BRENT,79.82
2023-12-20,OIL_BRENT,81.1
2023-12-21,OIL_BRENT,80.73
2023-12-22,OIL_BRENT,80.23
2023-12-27,OIL_BRENT,80.97
2023-12-28,OIL_BRENT,79.04
2023-12-29,OIL_BRENT,77.69
2024-01-02,OIL_BRENT,76.24
2024-01-03,OIL_BRENT,77.18
2024-01-04,OIL_BRENT,75.79
2024-01-05,OIL_BRENT,78.31
2024-01-08,OIL_BRENT,75.47
2024-01-09,OIL_BRENT,77.97
2024-01-10,OIL_BRENT,78.46
2024-01-11,OIL_BRENT,80.21
2024-01-12,OIL_BRENT,79.89
2024-01-15,OIL_BRENT,79.76
2024-01-16,OIL_BRENT,80.15
2024-01-17,OIL_BRENT,78.88
2024-01-18,OIL_BRENT,81.04
2024-01-19,OIL_BRENT,80.71
2024-01-22,OIL_BRENT,81.7
2024-01-23,OIL_BRENT,82.04
2024-01-24,OIL_BRENT,82.15
2024-01-25,OIL_BRENT,82.33
2024-01-26,OIL_BRENT,83.34
2024-01-29,OIL_BRENT,83.99
2024-01-30,OIL_BRENT,84.14
2024-01-31,OIL_BRENT,82.98
2024-02-01,OIL_BRENT,82.2
2024-02-02,OIL_BRENT,79.54
2024-02-05,OIL_BRENT,79.3
2024-02-06,OIL_BRENT,80.46
2024-02-07,OIL_BRENT,81.18
2024-02-08,OIL_BRENT,83.01
2024-02-09,OIL_BRENT,83.58
2024-02-12,OIL_BRENT,83.88
2024-02-13,OIL_BRENT,84.72
2024-02-14,OIL_BRENT,84.41
2024-02-15,OIL_BRENT,84.33
2024-02-16,OIL_BRENT,84.88
2024-02-19,OIL_BRENT,85.52
2024-02-20,OIL_BRENT,84.78
2024-02-21,OIL_BRENT,84.77
2024-02-22,OIL_BRENT,85.84
2024-02-23,OIL_BRENT,84.18
2024-02-26,OIL_BRENT,84.01
2024-02-27,OIL_BRENT,83.8
2024-02-28,OIL_BRENT,84.08
2024-02-29,OIL_BRENT,84.57
2024-03-01,OIL_BRENT,84.82
2024-03-04,OIL_BRENT,86.58
2024-03-05,OIL_BRENT,85.82
2024-03-06,OIL_BRENT,86.59
2024-03-07,OIL_BRENT,84.88
2024-03-08,OIL_BRENT,84.29
2024-03-11,OIL_BRENT,83.44
2024-03-12,OIL_BRENT,83.66
2024-03-13,OIL_BRENT,83.95
2024-03-14,OIL_BRENT,86.16
2024-03-15,OIL_BRENT,85.39
2024-03-18,OIL_BRENT,86.47
2024-03-19,OIL_BRENT,87.36
2024-03-20,OIL_BRENT,85.77
2024-03-21,OIL_BRENT,84.92
2024-03-22,OIL_BRENT,84.87
2024-03-25,OIL_BRENT,86.18
2024-03-26,OIL_BRENT,85.91
2024-03-27,OIL_BRENT,84.94
2024-03-28,OIL_BRENT,86.17
2024-04-02,OIL_BRENT,87.63
2024-04-03,OIL_BRENT,90.6
2024-04-04,OIL_BRENT,90.32
2024-04-05,OIL_BRENT,92.81
2024-04-08,OIL_BRENT,91.73
2024-04-09,OIL_BRENT,92.13
2024-04-10,OIL_BRENT,91.57
2024-04-11,OIL_BRENT,91.49
2024-04-12,OIL_BRENT,93.12
2024-04-15,OIL_BRENT,90.84
2024-04-16,OIL_BRENT,91.29
2024-04-17,OIL_BRENT,89.54
2024-04-18,OIL_BRENT,88.34
2024-04-19,OIL_BRENT,87.96
2024-04-22,OIL_BRENT,87.3
2024-04-23,OIL_BRENT,88.29
2024-04-24,OIL_BRENT,89.02
2024-04-25,OIL_BRENT,88.1
2024-04-26,OIL_BRENT,89.95
2024-04-29,OIL_BRENT,88.44
2024-04-30,OIL_BRENT,88.23
2024-05-01,OIL_BRENT,83.55
2024-05-02,OIL_BRENT,84.81
2024-05-03,OIL_BRENT,83.6
2024-05-07,OIL_BRENT,82.69
2024-05-08,OIL_BRENT,82.44
2024-05-09,OIL_BRENT,83.27
2024-05-10,OIL_BRENT,83.39
2024-05-13,OIL_BRENT,83.18
2024-05-14,OIL_BRENT,81.0
2024-05-15,OIL_BRENT,79.98
2024-05-16,OIL_BRENT,81.65
2024-05-17,OIL_BRENT,82.24
2024-05-20,OIL_BRENT,81.91
2024-05-21,OIL_BRENT,81.22
2024-05-22,OIL_BRENT,79.9
2024-05-23,OIL_BRENT,79.25
2024-05-24,OIL_BRENT,78.92
2024-05-28,OIL_BRENT,81.34
2024-05-29,OIL_BRENT,81.5
2024-05-30,OIL_BRENT,81.42
2024-05-31,OIL_BRENT,79.41
2024-06-03,OIL_BRENT,76.45
2024-06-04,OIL_BRENT,75.33
2024-06-05,OIL_BRENT,75.41
2024-06-06,OIL_BRENT,77.62
2024-06-07,OIL_BRENT,78.12
2024-06-10,OIL_BRENT,79.59
2024-06-11,OIL_BRENT,80.15
2024-06-12,OIL_BRENT,80.52
2024-06-13,OIL_BRENT,81.44
2024-06-14,OIL_BRENT,81.49
2024-06-17,OIL_BRENT,82.45
2024-06-18,OIL_BRENT,84.79
2024-06-19,OIL_BRENT,85.64
2024-06-20,OIL_BRENT,85.92
2024-06-21,OIL_BRENT,86.42
2024-06-24,OIL_BRENT,86.75
2024-06-25,OIL_BRENT,86.81
2024-06-26,OIL_BRENT,85.76
2024-06-27,OIL_BRENT,87.0
2024-06-28,OIL_BRENT,87.26
2024-07-01,OIL_BRENT,86.57
2024-07-02,OIL_BRENT,88.28
2024-07-03,OIL_BRENT,88.25
2024-07-04,OIL_BRENT,88.34
2024-07-05,OIL_BRENT,88.66
2024-07-08,OIL_BRENT,87.15
2024-07-09,OIL_BRENT,86.48
2024-07-10,OIL_BRENT,86.55
2024-07-11,OIL_BRENT,86.49
2024-07-12,OIL_BRENT,87.35
2024-07-15,OIL_BRENT,86.42
2024-07-16,OIL_BRENT,86.6
2024-07-17,OIL_BRENT,85.76
2024-07-18,OIL_BRENT,86.26
2024-07-19,OIL_BRENT,85.19
2024-07-22,OIL_BRENT,83.44
2024-07-23,OIL_BRENT,82.2
2024-07-24,OIL_BRENT,83.01
2024-07-25,OIL_BRENT,82.58
2024-07-26,OIL_BRENT,81.35
2024-07-29,OIL_BRENT,80.94
2024-07-30,OIL_BRENT,79.26
2024-07-31,OIL_BRENT,81.39
2024-08-01,OIL_BRENT,81.37
2024-08-02,OIL_BRENT,78.35
2024-08-05,OIL_BRENT,77.51
2024-08-06,OIL_BRENT,76.62
2024-08-07,OIL_BRENT,78.26
2024-08-08,OIL_BRENT,80.76
2024-08-09,OIL_BRENT,81.07
2024-08-12,OIL_BRENT,83.06
2024-08-13,OIL_BRENT,82.51
2024-08-14,OIL_BRENT,82.15
2024-08-15,OIL_BRENT,83.09
2024-08-16,OIL_BRENT,81.56
2024-08-19,OIL_BRENT,81.09
2024-08-20,OIL_BRENT,78.85
2024-08-21,OIL_BRENT,78.77
2024-08-22,OIL_BRENT,78.8
2024-08-23,OIL_BRENT,80.34
2024-08-27,OIL_BRENT,81.51
2024-08-28,OIL_BRENT,80.04
2024-08-29,OIL_BRENT,81.55
2024-08-30,OIL_BRENT,80.2
2024-09-02,OIL_BRENT,77.82
2024-09-03,OIL_BRENT,76.46
2024-09-04,OIL_BRENT,74.67
2024-09-05,OIL_BRENT,74.47
2024-09-06,OIL_BRENT,72.82
2024-09-09,OIL_BRENT,72.37
2024-09-10,OIL_BRENT,70.34
2024-09-11,OIL_BRENT,70.31
2024-09-12,OIL_BRENT,73.81
2024-09-13,OIL_BRENT,73.68
2024-09-16,OIL_BRENT,73.96
2024-09-17,OIL_BRENT,74.55
2024-09-18,OIL_BRENT,74.52
2024-09-19,OIL_BRENT,75.93
2024-09-20,OIL_BRENT,75.96
2024-09-23,OIL_BRENT,74.95
2024-09-24,OIL_BRENT,75.29
2024-09-25,OIL_BRENT,75.4
2024-09-26,OIL_BRENT,73.06
2024-09-27,OIL_BRENT,71.63
2024-09-30,OIL_BRENT,72.35
2024-10-01,OIL_BRENT,75.3
2024-10-02,OIL_BRENT,74.86
2024-10-03,OIL_BRENT,77.57
2024-10-04,OIL_BRENT,79.32
2024-10-07,OIL_BRENT,81.74
2024-10-08,OIL_BRENT,78.19
2024-10-09,OIL_BRENT,77.06
2024-10-10,OIL_BRENT,79.45
2024-10-11,OIL_BRENT,80.27
2024-10-14,OIL_BRENT,78.47
2024-10-15,OIL_BRENT,73.68
2024-10-16,OIL_BRENT,73.65
2024-10-17,OIL_BRENT,74.37
2024-10-18,OIL_BRENT,72.75
2024-10-21,OIL_BRENT,73.29
2024-10-22,OIL_BRENT,75.59
2024-10-23,OIL_BRENT,74.68
2024-10-24,OIL_BRENT,74.27
2024-10-25,OIL_BRENT,75.62
2024-10-28,OIL_BRENT,71.87
2024-10-29,OIL_BRENT,71.09
2024-10-30,OIL_BRENT,73.21
2024-10-31,OIL_BRENT,73.25
2024-11-01,OIL_BRENT,73.63
2024-11-04,OIL_BRENT,74.89
2024-11-05,OIL_BRENT,76.98
2024-11-06,OIL_BRENT,76.52
2024-11-07,OIL_BRENT,75.73
2024-11-08,OIL_BRENT,74.04
2024-11-11,OIL_BRENT,72.19
2024-11-12,OIL_BRENT,72.56
2024-11-13,OIL_BRENT,72.86
2024-11-14,OIL_BRENT,73.39
2024-11-15,OIL_BRENT,73.45
2024-11-18,OIL_BRENT,74.35
2024-11-19,OIL_BRENT,74.32
2024-11-20,OIL_BRENT,74.33
2024-11-21,OIL_BRENT,75.09
2024-11-22,OIL_BRENT,76.1
2024-11-25,OIL_BRENT,74.27
2024-11-26,OIL_BRENT,74.56
2024-11-27,OIL_BRENT,73.91
2024-11-28,OIL_BRENT,73.92
2024-11-29,OIL_BRENT,74.16
2024-12-02,OIL_BRENT,72.81
2024-12-03,OIL_BRENT,74.8
2024-12-04,OIL_BRENT,74.68
2024-12-05,OIL_BRENT,73.78
2024-12-06,OIL_BRENT,73.78
2024-12-09,OIL_BRENT,73.73
2024-12-10,OIL_BRENT,73.64
2024-12-11,OIL_BRENT,74.38
2024-12-12,OIL_BRENT,73.52
2024-12-13,OIL_BRENT,74.89
2024-12-16,OIL_BRENT,74.3
2024-12-17,OIL_BRENT,73.16
2024-12-18,OIL_BRENT,74.57
2024-12-19,OIL_BRENT,73.75
2024-12-20,OIL_BRENT,73.19
2024-12-23,OIL_BRENT,72.12
2024-12-24,OIL_BRENT,73.5
2024-12-27,OIL_BRENT,73.77
2024-12-30,OIL_BRENT,74.24
2024-12-31,OIL_BRENT,74.58
2010-08-01,CPI,217.923
2010-09-01,CPI,218.275
2010-10-01,CPI,219.035
2010-11-01,CPI,219.59
2010-12-01,CPI,220.472
2011-01-01,CPI,221.187
2011-02-01,CPI,221.898
2011-03-01,CPI,223.046
2011-04-01,CPI,224.093
2011-05-01,CPI,224.806
2011-06-01,CPI,224.806
2011-07-01,CPI,225.395
2011-08-01,CPI,226.106
2011-09-01,CPI,226.597
2011-10-01,CPI,226.75
2011-11-01,CPI,227.169
2011-12-01,CPI,227.223
2012-01-01,CPI,227.842
2012-02-01,CPI,228.329
2012-03-01,CPI,228.807
2012-04-01,CPI,229.187
2012-05-01,CPI,228.713
2012-06-01,CPI,228.524
2012-07-01,CPI,228.59
2012-08-01,CPI,229.918
2012-09-01,CPI,231.015
2012-10-01,CPI,231.638
2012-11-01,CPI,231.249
2012-12-01,CPI,231.221
2013-01-01,CPI,231.679
2013-02-01,CPI,232.937
2013-03-01,CPI,232.282
2013-04-01,CPI,231.797
2013-05-01,CPI,231.893
2013-06-01,CPI,232.445
2013-07-01,CPI,232.9
2013-08-01,CPI,233.456
2013-09-01,CPI,233.544
2013-10-01,CPI,233.669
2013-11-01,CPI,234.1
2013-12-01,CPI,234.719
2014-01-01,CPI,235.288
2014-02-01,CPI,235.547
2014-03-01,CPI,236.028
2014-04-01,CPI,236.468
2014-05-01,CPI,236.918
2014-06-01,CPI,237.231
2014-07-01,CPI,237.498
2014-08-01,CPI,237.46
2014-09-01,CPI,237.477
2014-10-01,CPI,237.43
2014-11-01,CPI,236.983
2014-12-01,CPI,236.252
2015-01-01,CPI,234.747
2015-02-01,CPI,235.342
2015-03-01,CPI,235.976
2015-04-01,CPI,236.222
2015-05-01,CPI,237.001
2015-06-01,CPI,237.657
2015-07-01,CPI,238.034
2015-08-01,CPI,238.033
2015-09-01,CPI,237.498
2015-10-01,CPI,237.733
2015-11-01,CPI,238.017
2015-12-01,CPI,237.761
2016-01-01,CPI,237.652
2016-02-01,CPI,237.336
2016-03-01,CPI,238.08
2016-04-01,CPI,238.992
2016-05-01,CPI,239.557
2016-06-01,CPI,240.222
2016-07-01,CPI,240.101
2016-08-01,CPI,240.545
2016-09-01,CPI,241.176
2016-10-01,CPI,241.741
2016-11-01,CPI,242.026
2016-12-01,CPI,242.637
2017-01-01,CPI,243.618
2017-02-01,CPI,244.006
2017-03-01,CPI,243.892
2017-04-01,CPI,244.193
2017-05-01,CPI,244.004
2017-06-01,CPI,244.163
2017-07-01,CPI,244.243
2017-08-01,CPI,245.183
2017-09-01,CPI,246.435
2017-10-01,CPI,246.626
2017-11-01,CPI,247.284
2017-12-01,CPI,247.805
2018-01-01,CPI,248.859
2018-02-01,CPI,249.529
2018-03-01,CPI,249.577
2018-04-01,CPI,250.227
2018-05-01,CPI,250.792
2018-06-01,CPI,251.018
2018-07-01,CPI,251.214
2018-08-01,CPI,251.663
2018-09-01,CPI,252.182
2018-10-01,CPI,252.772
2018-11-01,CPI,252.594
2018-12-01,CPI,252.767
2019-01-01,CPI,252.561
2019-02-01,CPI,253.319
2019-03-01,CPI,254.277
2019-04-01,CPI,255.233
2019-05-01,CPI,255.296
2019-06-01,CPI,255.213
2019-07-01,CPI,255.802
2019-08-01,CPI,256.036
2019-09-01,CPI,256.43
2019-10-01,CPI,257.155
2019-11-01,CPI,257.879
2019-12-01,CPI,258.63
2020-01-01,CPI,259.127
2020-02-01,CPI,259.25
2020-03-01,CPI,258.076
2020-04-01,CPI,256.032
2020-05-01,CPI,255.802
2020-06-01,CPI,257.042
2020-07-01,CPI,258.352
2020-08-01,CPI,259.316
2020-09-01,CPI,259.997
2020-10-01,CPI,260.319
2020-11-01,CPI,260.911
2020-12-01,CPI,262.045
2021-01-01,CPI,262.687
2021-02-01,CPI,263.579
2021-03-01,CPI,264.961
2021-04-01,CPI,266.614
2021-05-01,CPI,268.383
2021-06-01,CPI,270.654
2021-07-01,CPI,271.903
2021-08-01,CPI,272.676
2021-09-01,CPI,273.91
2021-10-01,CPI,276.55
2021-11-01,CPI,278.919
2021-12-01,CPI,280.845
2022-01-01,CPI,282.543
2022-02-01,CPI,284.5
2022-03-01,CPI,287.674
2022-04-01,CPI,288.561
2022-05-01,CPI,291.298
2022-06-01,CPI,294.957
2022-07-01,CPI,294.913
2022-08-01,CPI,295.097
2022-09-01,CPI,296.349
2022-10-01,CPI,298.007
2022-11-01,CPI,298.786
2022-12-01,CPI,298.832
2023-01-01,CPI,300.42
2023-02-01,CPI,301.45
2023-03-01,CPI,301.821
2023-04-01,CPI,302.845
2023-05-01,CPI,303.334
2023-06-01,CPI,304.014
2023-07-01,CPI,304.609
2023-08-01,CPI,306.082
2023-09-01,CPI,307.276
2023-10-01,CPI,307.696
2023-11-01,CPI,308.148
2023-12-01,CPI,308.741
2024-01-01,CPI,309.698
2024-02-01,CPI,310.967
2024-03-01,CPI,312.345
2024-04-01,CPI,313.023
2024-05-01,CPI,313.175
2024-06-01,CPI,313.044
2024-07-01,CPI,313.569
2024-08-01,CPI,314.062
2024-09-01,CPI,314.732
2024-10-01,CPI,315.631
2024-11-01,CPI,316.528
2024-12-01,CPI,317.604
2010-08-02,YIELD_CURVE,2.43
2010-08-03,YIELD_CURVE,2.41
2010-08-04,YIELD_CURVE,2.42
2010-08-05,YIELD_CURVE,2.41
2010-08-06,YIELD_CURVE,2.36
2010-08-09,YIELD_CURVE,2.32
2010-08-10,YIELD_CURVE,2.27
2010-08-11,YIELD_CURVE,2.18
2010-08-12,YIELD_CURVE,2.19
2010-08-13,YIELD_CURVE,2.14
2010-08-16,YIELD_CURVE,2.07
2010-08-17,YIELD_CURVE,2.12
2010-08-18,YIELD_CURVE,2.13
2010-08-19,YIELD_CURVE,2.09
2010-08-20,YIELD_CURVE,2.13
2010-08-23,YIELD_CURVE,2.11
2010-08-24,YIELD_CURVE,2.0
2010-08-25,YIELD_CURVE,2.01
2010-08-26,YIELD_CURVE,1.99
2010-08-27,YIELD_CURVE,2.1
2010-08-30,YIELD_CURVE,2.04
2010-08-31,YIELD_CURVE,2.0
2010-09-01,YIELD_CURVE,2.08
2010-09-02,YIELD_CURVE,2.13
2010-09-03,YIELD_CURVE,2.2
2010-09-07,YIELD_CURVE,2.12
2010-09-08,YIELD_CURVE,2.14
2010-09-09,YIELD_CURVE,2.2
2010-09-10,YIELD_CURVE,2.23
2010-09-13,YIELD_CURVE,2.21
2010-09-14,YIELD_CURVE,2.18
2010-09-15,YIELD_CURVE,2.24
2010-09-16,YIELD_CURVE,2.29
2010-09-17,YIELD_CURVE,2.27
2010-09-20,YIELD_CURVE,2.25
2010-09-21,YIELD_CURVE,2.18
2010-09-22,YIELD_CURVE,2.12
2010-09-23,YIELD_CURVE,2.11
2010-09-24,YIELD_CURVE,2.17
2010-09-27,YIELD_CURVE,2.1
2010-09-28,YIELD_CURVE,2.11
2010-09-29,YIELD_CURVE,2.08
2010-09-30,YIELD_CURVE,2.11
2010-10-01,YIELD_CURVE,2.12
2010-10-04,YIELD_CURVE,2.09
2010-10-05,YIELD_CURVE,2.09
2010-10-06,YIELD_CURVE,2.03
2010-10-07,YIELD_CURVE,2.05
2010-10-08,YIELD_CURVE,2.06
2010-10-12,YIELD_CURVE,2.07
2010-10-13,YIELD_CURVE,2.09
2010-10-14,YIELD_CURVE,2.14
2010-10-15,YIELD_CURVE,2.22
2010-10-18,YIELD_CURVE,2.14
2010-10-19,YIELD_CURVE,2.13
2010-10-20,YIELD_CURVE,2.16
2010-10-21,YIELD_CURVE,2.2
2010-10-22,YIELD_CURVE,2.24
2010-10-25,YIELD_CURVE,2.22
2010-10-26,YIELD_CURVE,2.27
2010-10-27,YIELD_CURVE,2.35
2010-10-28,YIELD_CURVE,2.32
2010-10-29,YIELD_CURVE,2.29
2010-11-01,YIELD_CURVE,2.32
2010-11-02,YIELD_CURVE,2.29
2010-11-03,YIELD_CURVE,2.33
2010-11-04,YIELD_CURVE,2.2
2010-11-05,YIELD_CURVE,2.2
2010-11-08,YIELD_CURVE,2.19
2010-11-09,YIELD_CURVE,2.26
2010-11-10,YIELD_CURVE,2.21
2010-11-12,YIELD_CURVE,2.25
2010-11-15,YIELD_CURVE,2.39
2010-11-16,YIELD_CURVE,2.34
2010-11-17,YIELD_CURVE,2.39
2010-11-18,YIELD_CURVE,2.38
2010-11-19,YIELD_CURVE,2.36
2010-11-22,YIELD_CURVE,2.31
2010-11-23,YIELD_CURVE,2.32
2010-11-24,YIELD_CURVE,2.4
2010-11-26,YIELD_CURVE,2.36
2010-11-29,YIELD_CURVE,2.32
2010-11-30,YIELD_CURVE,2.36
2010-12-01,YIELD_CURVE,2.44
2010-12-02,YIELD_CURVE,2.46
2010-12-03,YIELD_CURVE,2.54
2010-12-06,YIELD_CURVE,2.53
2010-12-07,YIELD_CURVE,2.61
2010-12-08,YIELD_CURVE,2.63
2010-12-09,YIELD_CURVE,2.59
2010-12-10,YIELD_CURVE,2.68
2010-12-13,YIELD_CURVE,2.68
2010-12-14,YIELD_CURVE,2.83
2010-12-15,YIELD_CURVE,2.85
2010-12-16,YIELD_CURVE,2.81
2010-12-17,YIELD_CURVE,2.72
2010-12-20,YIELD_CURVE,2.74
2010-12-21,YIELD_CURVE,2.72
2010-12-22,YIELD_CURVE,2.71
2010-12-23,YIELD_CURVE,2.74
2010-12-27,YIELD_CURVE,2.65
2010-12-28,YIELD_CURVE,2.75
2010-12-29,YIELD_CURVE,2.71
2010-12-30,YIELD_CURVE,2.72
2010-12-31,YIELD_CURVE,2.69
2011-01-03,YIELD_CURVE,2.75
2011-01-04,YIELD_CURVE,2.73
2011-01-05,YIELD_CURVE,2.79
2011-01-06,YIELD_CURVE,2.76
2011-01-07,YIELD_CURVE,2.74
2011-01-10,YIELD_CURVE,2.73
2011-01-11,YIELD_CURVE,2.77
2011-01-12,YIELD_CURVE,2.79
2011-01-13,YIELD_CURVE,2.75
2011-01-14,YIELD_CURVE,2.76
2011-01-18,YIELD_CURVE,2.79
2011-01-19,YIELD_CURVE,2.77
2011-01-20,YIELD_CURVE,2.82
2011-01-21,YIELD_CURVE,2.81
2011-01-24,YIELD_CURVE,2.78
2011-01-25,YIELD_CURVE,2.73
2011-01-26,YIELD_CURVE,2.83
2011-01-27,YIELD_CURVE,2.83
2011-01-28,YIELD_CURVE,2.82
2011-01-31,YIELD_CURVE,2.84
2011-02-01,YIELD_CURVE,2.87
2011-02-02,YIELD_CURVE,2.85
2011-02-03,YIELD_CURVE,2.87
2011-02-04,YIELD_CURVE,2.91
2011-02-07,YIELD_CURVE,2.9
2011-02-08,YIELD_CURVE,2.89
2011-02-09,YIELD_CURVE,2.84
2011-02-10,YIELD_CURVE,2.85
2011-02-11,YIELD_CURVE,2.79
2011-02-14,YIELD_CURVE,2.75
2011-02-15,YIELD_CURVE,2.77
2011-02-16,YIELD_CURVE,2.76
2011-02-17,YIELD_CURVE,2.78
2011-02-18,YIELD_CURVE,2.81
2011-02-22,YIELD_CURVE,2.72
2011-02-23,YIELD_CURVE,2.75
2011-02-24,YIELD_CURVE,2.73
2011-02-25,YIELD_CURVE,2.7
2011-02-28,YIELD_CURVE,2.73
2011-03-01,YIELD_CURVE,2.75
2011-03-02,YIELD_CURVE,2.77
2011-03-03,YIELD_CURVE,2.79
2011-03-04,YIELD_CURVE,2.81
2011-03-07,YIELD_CURVE,2.81
2011-03-08,YIELD_CURVE,2.83
2011-03-09,YIELD_CURVE,2.78
2011-03-10,YIELD_CURVE,2.72
2011-03-11,YIELD_CURVE,2.76
2011-03-14,YIELD_CURVE,2.75
2011-03-15,YIELD_CURVE,2.7
2011-03-16,YIELD_CURVE,2.64
2011-03-17,YIELD_CURVE,2.65
2011-03-18,YIELD_CURVE,2.67
2011-03-21,YIELD_CURVE,2.67
2011-03-22,YIELD_CURVE,2.66
2011-03-23,YIELD_CURVE,2.67
2011-03-24,YIELD_CURVE,2.7
2011-03-25,YIELD_CURVE,2.67
2011-03-28,YIELD_CURVE,2.66
2011-03-29,YIELD_CURVE,2.69
2011-03-30,YIELD_CURVE,2.67
2011-03-31,YIELD_CURVE,2.67
2011-04-01,YIELD_CURVE,2.66
2011-04-04,YIELD_CURVE,2.68
2011-04-05,YIELD_CURVE,2.66
2011-04-06,YIELD_CURVE,2.71
2011-04-07,YIELD_CURVE,2.77
2011-04-08,YIELD_CURVE,2.76
2011-04-11,YIELD_CURVE,2.74
2011-04-12,YIELD_CURVE,2.75
2011-04-13,YIELD_CURVE,2.74
2011-04-14,YIELD_CURVE,2.74
2011-04-15,YIELD_CURVE,2.72
2011-04-18,YIELD_CURVE,2.71
2011-04-19,YIELD_CURVE,2.71
2011-04-20,YIELD_CURVE,2.74
2011-04-21,YIELD_CURVE,2.74
2011-04-25,YIELD_CURVE,2.72
2011-04-26,YIELD_CURVE,2.69
2011-04-27,YIELD_CURVE,2.74
2011-04-28,YIELD_CURVE,2.72
2011-04-29,YIELD_CURVE,2.71
2011-05-02,YIELD_CURVE,2.7
2011-05-03,YIELD_CURVE,2.67
2011-05-04,YIELD_CURVE,2.65
2011-05-05,YIELD_CURVE,2.6
2011-05-06,YIELD_CURVE,2.62
2011-05-09,YIELD_CURVE,2.6
2011-05-10,YIELD_CURVE,2.64
2011-05-11,YIELD_CURVE,2.63
2011-05-12,YIELD_CURVE,2.65
2011-05-13,YIELD_CURVE,2.61
2011-05-16,YIELD_CURVE,2.61
2011-05-17,YIELD_CURVE,2.57
2011-05-18,YIELD_CURVE,2.6
2011-05-19,YIELD_CURVE,2.62
2011-05-20,YIELD_CURVE,2.6
2011-05-23,YIELD_CURVE,2.58
2011-05-24,YIELD_CURVE,2.56
2011-05-25,YIELD_CURVE,2.59
2011-05-26,YIELD_CURVE,2.59
2011-05-27,YIELD_CURVE,2.59
2011-05-31,YIELD_CURVE,2.6
2011-06-01,YIELD_CURVE,2.52
2011-06-02,YIELD_CURVE,2.59
2011-06-03,YIELD_CURVE,2.57
2011-06-06,YIELD_CURVE,2.58
2011-06-07,YIELD_CURVE,2.62
2011-06-08,YIELD_CURVE,2.59
2011-06-09,YIELD_CURVE,2.58
2011-06-10,YIELD_CURVE,2.58
2011-06-13,YIELD_CURVE,2.6
2011-06-14,YIELD_CURVE,2.66
2011-06-15,YIELD_CURVE,2.6
2011-06-16,YIELD_CURVE,2.55
2011-06-17,YIELD_CURVE,2.56
2011-06-20,YIELD_CURVE,2.59
2011-06-21,YIELD_CURVE,2.59
2011-06-22,YIELD_CURVE,2.62
2011-06-23,YIELD_CURVE,2.58
2011-06-24,YIELD_CURVE,2.53
2011-06-27,YIELD_CURVE,2.54
2011-06-28,YIELD_CURVE,2.57
2011-06-29,YIELD_CURVE,2.67
2011-06-30,YIELD_CURVE,2.73
2011-07-01,YIELD_CURVE,2.72
2011-07-05,YIELD_CURVE,2.72
2011-07-06,YIELD_CURVE,2.69
2011-07-07,YIELD_CURVE,2.68
2011-07-08,YIELD_CURVE,2.63
2011-07-11,YIELD_CURVE,2.57
2011-07-12,YIELD_CURVE,2.55
2011-07-13,YIELD_CURVE,2.55
2011-07-14,YIELD_CURVE,2.6
2011-07-15,YIELD_CURVE,2.57
2011-07-18,YIELD_CURVE,2.57
2011-07-19,YIELD_CURVE,2.52
2011-07-20,YIELD_CURVE,2.56
2011-07-21,YIELD_CURVE,2.63
2011-07-22,YIELD_CURVE,2.59
2011-07-25,YIELD_CURVE,2.61
2011-07-26,YIELD_CURVE,2.58
2011-07-27,YIELD_CURVE,2.57
2011-07-28,YIELD_CURVE,2.56
2011-07-29,YIELD_CURVE,2.46
2011-08-01,YIELD_CURVE,2.39
2011-08-02,YIELD_CURVE,2.33
2011-08-03,YIELD_CURVE,2.31
2011-08-04,YIELD_CURVE,2.2
2011-08-05,YIELD_CURVE,2.3
2011-08-08,YIELD_CURVE,2.13
2011-08-09,YIELD_CURVE,2.01
2011-08-10,YIELD_CURVE,1.98
2011-08-11,YIELD_CURVE,2.15
2011-08-12,YIELD_CURVE,2.04
2011-08-15,YIELD_CURVE,2.1
2011-08-16,YIELD_CURVE,2.03
2011-08-17,YIELD_CURVE,1.98
2011-08-18,YIELD_CURVE,1.88
2011-08-19,YIELD_CURVE,1.87
2011-08-22,YIELD_CURVE,1.88
2011-08-23,YIELD_CURVE,1.93
2011-08-24,YIELD_CURVE,2.06
2011-08-25,YIELD_CURVE,2.01
2011-08-26,YIELD_CURVE,1.99
2011-08-29,YIELD_CURVE,2.08
2011-08-30,YIELD_CURVE,1.99
2011-08-31,YIELD_CURVE,2.03
2011-09-01,YIELD_CURVE,1.96
2011-09-02,YIELD_CURVE,1.82
2011-09-06,YIELD_CURVE,1.77
2011-09-07,YIELD_CURVE,1.84
2011-09-08,YIELD_CURVE,1.81
2011-09-09,YIELD_CURVE,1.76
2011-09-12,YIELD_CURVE,1.73
2011-09-13,YIELD_CURVE,1.79
2011-09-14,YIELD_CURVE,1.84
2011-09-15,YIELD_CURVE,1.88
2011-09-16,YIELD_CURVE,1.9
2011-09-19,YIELD_CURVE,1.81
2011-09-20,YIELD_CURVE,1.77
2011-09-21,YIELD_CURVE,1.67
2011-09-22,YIELD_CURVE,1.52
2011-09-23,YIELD_CURVE,1.61
2011-09-26,YIELD_CURVE,1.66
2011-09-27,YIELD_CURVE,1.75
2011-09-28,YIELD_CURVE,1.76
2011-09-29,YIELD_CURVE,1.72
2011-09-30,YIELD_CURVE,1.67
2011-10-03,YIELD_CURVE,1.56
2011-10-04,YIELD_CURVE,1.56
2011-10-05,YIELD_CURVE,1.67
2011-10-06,YIELD_CURVE,1.72
2011-10-07,YIELD_CURVE,1.8
2011-10-11,YIELD_CURVE,1.86
2011-10-12,YIELD_CURVE,1.95
2011-10-13,YIELD_CURVE,1.9
2011-10-14,YIELD_CURVE,1.98
2011-10-17,YIELD_CURVE,1.9
2011-10-18,YIELD_CURVE,1.91
2011-10-19,YIELD_CURVE,1.9
2011-10-20,YIELD_CURVE,1.92
2011-10-21,YIELD_CURVE,1.93
2011-10-24,YIELD_CURVE,1.95
2011-10-25,YIELD_CURVE,1.88
2011-10-26,YIELD_CURVE,1.95
2011-10-27,YIELD_CURVE,2.11
2011-10-28,YIELD_CURVE,2.06
2011-10-31,YIELD_CURVE,1.92
2011-11-01,YIELD_CURVE,1.78
2011-11-02,YIELD_CURVE,1.8
2011-11-03,YIELD_CURVE,1.85
2011-11-04,YIELD_CURVE,1.84
2011-11-07,YIELD_CURVE,1.79
2011-11-08,YIELD_CURVE,1.85
2011-11-09,YIELD_CURVE,1.76
2011-11-10,YIELD_CURVE,1.8
2011-11-14,YIELD_CURVE,1.8
2011-11-15,YIELD_CURVE,1.8
2011-11-16,YIELD_CURVE,1.75
2011-11-17,YIELD_CURVE,1.69
2011-11-18,YIELD_CURVE,1.72
2011-11-21,YIELD_CURVE,1.7
2011-11-22,YIELD_CURVE,1.68
2011-11-23,YIELD_CURVE,1.63
2011-11-25,YIELD_CURVE,1.69
2011-11-28,YIELD_CURVE,1.71
2011-11-29,YIELD_CURVE,1.73
2011-11-30,YIELD_CURVE,1.83
2011-12-01,YIELD_CURVE,1.84
2011-12-02,YIELD_CURVE,1.8
2011-12-05,YIELD_CURVE,1.77
2011-12-06,YIELD_CURVE,1.83
2011-12-07,YIELD_CURVE,1.78
2011-12-08,YIELD_CURVE,1.77
2011-12-09,YIELD_CURVE,1.85
2011-12-12,YIELD_CURVE,1.79
2011-12-13,YIELD_CURVE,1.72
2011-12-14,YIELD_CURVE,1.67
2011-12-15,YIELD_CURVE,1.66
2011-12-16,YIELD_CURVE,1.62
2011-12-19,YIELD_CURVE,1.58
2011-12-20,YIELD_CURVE,1.68
2011-12-21,YIELD_CURVE,1.7
2011-12-22,YIELD_CURVE,1.69
2011-12-23,YIELD_CURVE,1.75
2011-12-27,YIELD_CURVE,1.72
2011-12-28,YIELD_CURVE,1.65
2011-12-29,YIELD_CURVE,1.63
2011-12-30,YIELD_CURVE,1.64
2012-01-03,YIELD_CURVE,1.7
2012-01-04,YIELD_CURVE,1.75
2012-01-05,YIELD_CURVE,1.75
2012-01-06,YIELD_CURVE,1.73
2012-01-09,YIELD_CURVE,1.72
2012-01-10,YIELD_CURVE,1.76
2012-01-11,YIELD_CURVE,1.69
2012-01-12,YIELD_CURVE,1.72
2012-01-13,YIELD_CURVE,1.65
2012-01-17,YIELD_CURVE,1.66
2012-01-18,YIELD_CURVE,1.68
2012-01-19,YIELD_CURVE,1.75
2012-01-20,YIELD_CURVE,1.79
2012-01-23,YIELD_CURVE,1.83
2012-01-24,YIELD_CURVE,1.84
2012-01-25,YIELD_CURVE,1.79
2012-01-26,YIELD_CURVE,1.74
2012-01-27,YIELD_CURVE,1.71
2012-01-30,YIELD_CURVE,1.65
2012-01-31,YIELD_CURVE,1.61
2012-02-01,YIELD_CURVE,1.64
2012-02-02,YIELD_CURVE,1.63
2012-02-03,YIELD_CURVE,1.74
2012-02-06,YIELD_CURVE,1.69
2012-02-07,YIELD_CURVE,1.75
2012-02-08,YIELD_CURVE,1.74
2012-02-09,YIELD_CURVE,1.77
2012-02-10,YIELD_CURVE,1.69
2012-02-13,YIELD_CURVE,1.7
2012-02-14,YIELD_CURVE,1.63
2012-02-15,YIELD_CURVE,1.64
2012-02-16,YIELD_CURVE,1.7
2012-02-17,YIELD_CURVE,1.72
2012-02-21,YIELD_CURVE,1.74
2012-02-22,YIELD_CURVE,1.72
2012-02-23,YIELD_CURVE,1.68
2012-02-24,YIELD_CURVE,1.67
2012-02-27,YIELD_CURVE,1.62
2012-02-28,YIELD_CURVE,1.64
2012-02-29,YIELD_CURVE,1.68
2012-03-01,YIELD_CURVE,1.73
2012-03-02,YIELD_CURVE,1.71
2012-03-05,YIELD_CURVE,1.69
2012-03-06,YIELD_CURVE,1.66
2012-03-07,YIELD_CURVE,1.68
2012-03-08,YIELD_CURVE,1.71
2012-03-09,YIELD_CURVE,1.71
2012-03-12,YIELD_CURVE,1.71
2012-03-13,YIELD_CURVE,1.79
2012-03-14,YIELD_CURVE,1.89
2012-03-15,YIELD_CURVE,1.92
2012-03-16,YIELD_CURVE,1.94
2012-03-19,YIELD_CURVE,2.0
2012-03-20,YIELD_CURVE,1.97
2012-03-21,YIELD_CURVE,1.92
2012-03-22,YIELD_CURVE,1.92
2012-03-23,YIELD_CURVE,1.88
2012-03-26,YIELD_CURVE,1.9
2012-03-27,YIELD_CURVE,1.87
2012-03-28,YIELD_CURVE,1.87
2012-03-29,YIELD_CURVE,1.85
2012-03-30,YIELD_CURVE,1.9
2012-04-02,YIELD_CURVE,1.89
2012-04-03,YIELD_CURVE,1.94
2012-04-04,YIELD_CURVE,1.9
2012-04-05,YIELD_CURVE,1.84
2012-04-06,YIELD_CURVE,1.75
2012-04-09,YIELD_CURVE,1.74
2012-04-10,YIELD_CURVE,1.73
2012-04-11,YIELD_CURVE,1.75
2012-04-12,YIELD_CURVE,1.79
2012-04-13,YIELD_CURVE,1.75
2012-04-16,YIELD_CURVE,1.73
2012-04-17,YIELD_CURVE,1.76
2012-04-18,YIELD_CURVE,1.73
2012-04-19,YIELD_CURVE,1.71
2012-04-20,YIELD_CURVE,1.7
2012-04-23,YIELD_CURVE,1.69
2012-04-24,YIELD_CURVE,1.73
2012-04-25,YIELD_CURVE,1.75
2012-04-26,YIELD_CURVE,1.72
2012-04-27,YIELD_CURVE,1.7
2012-04-30,YIELD_CURVE,1.68
2012-05-01,YIELD_CURVE,1.71
2012-05-02,YIELD_CURVE,1.69
2012-05-03,YIELD_CURVE,1.68
2012-05-04,YIELD_CURVE,1.64
2012-05-07,YIELD_CURVE,1.65
2012-05-08,YIELD_CURVE,1.61
2012-05-09,YIELD_CURVE,1.6
2012-05-10,YIELD_CURVE,1.62
2012-05-11,YIELD_CURVE,1.57
2012-05-14,YIELD_CURVE,1.49
2012-05-15,YIELD_CURVE,1.47
2012-05-16,YIELD_CURVE,1.46
2012-05-17,YIELD_CURVE,1.38
2012-05-18,YIELD_CURVE,1.39
2012-05-21,YIELD_CURVE,1.45
2012-05-22,YIELD_CURVE,1.49
2012-05-23,YIELD_CURVE,1.45
2012-05-24,YIELD_CURVE,1.48
2012-05-25,YIELD_CURVE,1.45
2012-05-29,YIELD_CURVE,1.44
2012-05-30,YIELD_CURVE,1.36
2012-05-31,YIELD_CURVE,1.32
2012-06-01,YIELD_CURVE,1.22
2012-06-04,YIELD_CURVE,1.28
2012-06-05,YIELD_CURVE,1.32
2012-06-06,YIELD_CURVE,1.4
2012-06-07,YIELD_CURVE,1.39
2012-06-08,YIELD_CURVE,1.37
2012-06-11,YIELD_CURVE,1.33
2012-06-12,YIELD_CURVE,1.37
2012-06-13,YIELD_CURVE,1.31
2012-06-14,YIELD_CURVE,1.34
2012-06-15,YIELD_CURVE,1.31
2012-06-18,YIELD_CURVE,1.3
2012-06-19,YIELD_CURVE,1.34
2012-06-20,YIELD_CURVE,1.33
2012-06-21,YIELD_CURVE,1.31
2012-06-22,YIELD_CURVE,1.38
2012-06-25,YIELD_CURVE,1.32
2012-06-26,YIELD_CURVE,1.35
2012-06-27,YIELD_CURVE,1.34
2012-06-28,YIELD_CURVE,1.29
2012-06-29,YIELD_CURVE,1.34
2012-07-02,YIELD_CURVE,1.31
2012-07-03,YIELD_CURVE,1.35
2012-07-05,YIELD_CURVE,1.34
2012-07-06,YIELD_CURVE,1.3
2012-07-09,YIELD_CURVE,1.26
2012-07-10,YIELD_CURVE,1.26
2012-07-11,YIELD_CURVE,1.27
2012-07-12,YIELD_CURVE,1.25
2012-07-13,YIELD_CURVE,1.27
2012-07-16,YIELD_CURVE,1.26
2012-07-17,YIELD_CURVE,1.28
2012-07-18,YIELD_CURVE,1.3
2012-07-19,YIELD_CURVE,1.32
2012-07-20,YIELD_CURVE,1.27
2012-07-23,YIELD_CURVE,1.25
2012-07-24,YIELD_CURVE,1.22
2012-07-25,YIELD_CURVE,1.21
2012-07-26,YIELD_CURVE,1.22
2012-07-27,YIELD_CURVE,1.33
2012-07-30,YIELD_CURVE,1.3
2012-07-31,YIELD_CURVE,1.28
2012-08-01,YIELD_CURVE,1.32
2012-08-02,YIELD_CURVE,1.27
2012-08-03,YIELD_CURVE,1.36
2012-08-06,YIELD_CURVE,1.35
2012-08-07,YIELD_CURVE,1.39
2012-08-08,YIELD_CURVE,1.39
2012-08-09,YIELD_CURVE,1.4
2012-08-10,YIELD_CURVE,1.38
2012-08-13,YIELD_CURVE,1.38
2012-08-14,YIELD_CURVE,1.46
2012-08-15,YIELD_CURVE,1.53
2012-08-16,YIELD_CURVE,1.54
2012-08-17,YIELD_CURVE,1.52
2012-08-20,YIELD_CURVE,1.53
2012-08-21,YIELD_CURVE,1.49
2012-08-22,YIELD_CURVE,1.45
2012-08-23,YIELD_CURVE,1.42
2012-08-24,YIELD_CURVE,1.4
2012-08-27,YIELD_CURVE,1.37
2012-08-28,YIELD_CURVE,1.37
2012-08-29,YIELD_CURVE,1.39
2012-08-30,YIELD_CURVE,1.36
2012-08-31,YIELD_CURVE,1.35
2012-09-04,YIELD_CURVE,1.36
2012-09-05,YIELD_CURVE,1.35
2012-09-06,YIELD_CURVE,1.41
2012-09-07,YIELD_CURVE,1.42
2012-09-10,YIELD_CURVE,1.43
2012-09-11,YIELD_CURVE,1.45
2012-09-12,YIELD_CURVE,1.52
2012-09-13,YIELD_CURVE,1.51
2012-09-14,YIELD_CURVE,1.61
2012-09-17,YIELD_CURVE,1.6
2012-09-18,YIELD_CURVE,1.57
2012-09-19,YIELD_CURVE,1.52
2012-09-20,YIELD_CURVE,1.53
2012-09-21,YIELD_CURVE,1.5
2012-09-24,YIELD_CURVE,1.47
2012-09-25,YIELD_CURVE,1.43
2012-09-26,YIELD_CURVE,1.38
2012-09-27,YIELD_CURVE,1.41
2012-09-28,YIELD_CURVE,1.42
2012-10-01,YIELD_CURVE,1.39
2012-10-02,YIELD_CURVE,1.41
2012-10-03,YIELD_CURVE,1.41
2012-10-04,YIELD_CURVE,1.47
2012-10-05,YIELD_CURVE,1.48
2012-10-09,YIELD_CURVE,1.49
2012-10-10,YIELD_CURVE,1.45
2012-10-11,YIELD_CURVE,1.42
2012-10-12,YIELD_CURVE,1.42
2012-10-15,YIELD_CURVE,1.43
2012-10-16,YIELD_CURVE,1.48
2012-10-17,YIELD_CURVE,1.53
2012-10-18,YIELD_CURVE,1.57
2012-10-19,YIELD_CURVE,1.49
2012-10-22,YIELD_CURVE,1.51
2012-10-23,YIELD_CURVE,1.5
2012-10-24,YIELD_CURVE,1.51
2012-10-25,YIELD_CURVE,1.55
2012-10-26,YIELD_CURVE,1.48
2012-10-29,YIELD_CURVE,1.44
2012-10-31,YIELD_CURVE,1.42
2012-11-01,YIELD_CURVE,1.45
2012-11-02,YIELD_CURVE,1.47
2012-11-05,YIELD_CURVE,1.44
2012-11-06,YIELD_CURVE,1.48
2012-11-07,YIELD_CURVE,1.41
2012-11-08,YIELD_CURVE,1.35
2012-11-09,YIELD_CURVE,1.34
2012-11-13,YIELD_CURVE,1.32
2012-11-14,YIELD_CURVE,1.34
2012-11-15,YIELD_CURVE,1.34
2012-11-16,YIELD_CURVE,1.34
2012-11-19,YIELD_CURVE,1.36
2012-11-20,YIELD_CURVE,1.39
2012-11-21,YIELD_CURVE,1.42
2012-11-23,YIELD_CURVE,1.41
2012-11-26,YIELD_CURVE,1.39
2012-11-27,YIELD_CURVE,1.37
2012-11-28,YIELD_CURVE,1.36
2012-11-29,YIELD_CURVE,1.37
2012-11-30,YIELD_CURVE,1.37
2012-12-03,YIELD_CURVE,1.38
2012-12-04,YIELD_CURVE,1.37
2012-12-05,YIELD_CURVE,1.35
2012-12-06,YIELD_CURVE,1.34
2012-12-07,YIELD_CURVE,1.39
2012-12-10,YIELD_CURVE,1.39
2012-12-11,YIELD_CURVE,1.42
2012-12-12,YIELD_CURVE,1.47
2012-12-13,YIELD_CURVE,1.47
2012-12-14,YIELD_CURVE,1.48
2012-12-17,YIELD_CURVE,1.53
2012-12-18,YIELD_CURVE,1.56
2012-12-19,YIELD_CURVE,1.54
2012-12-20,YIELD_CURVE,1.53
2012-12-21,YIELD_CURVE,1.51
2012-12-24,YIELD_CURVE,1.53
2012-12-26,YIELD_CURVE,1.51
2012-12-27,YIELD_CURVE,1.48
2012-12-28,YIELD_CURVE,1.46
2012-12-31,YIELD_CURVE,1.53
2013-01-02,YIELD_CURVE,1.59
2013-01-03,YIELD_CURVE,1.65
2013-01-04,YIELD_CURVE,1.66
2013-01-07,YIELD_CURVE,1.65
2013-01-08,YIELD_CURVE,1.64
2013-01-09,YIELD_CURVE,1.64
2013-01-10,YIELD_CURVE,1.65
2013-01-11,YIELD_CURVE,1.63
2013-01-14,YIELD_CURVE,1.63
2013-01-15,YIELD_CURVE,1.6
2013-01-16,YIELD_CURVE,1.58
2013-01-17,YIELD_CURVE,1.61
2013-01-18,YIELD_CURVE,1.61
2013-01-22,YIELD_CURVE,1.6
2013-01-23,YIELD_CURVE,1.6
2013-01-24,YIELD_CURVE,1.65
2013-01-25,YIELD_CURVE,1.7
2013-01-28,YIELD_CURVE,1.71
2013-01-29,YIELD_CURVE,1.73
2013-01-30,YIELD_CURVE,1.76
2013-01-31,YIELD_CURVE,1.75
2013-02-01,YIELD_CURVE,1.77
2013-02-04,YIELD_CURVE,1.75
2013-02-05,YIELD_CURVE,1.77
2013-02-06,YIELD_CURVE,1.73
2013-02-07,YIELD_CURVE,1.74
2013-02-08,YIELD_CURVE,1.74
2013-02-11,YIELD_CURVE,1.72
2013-02-12,YIELD_CURVE,1.73
2013-02-13,YIELD_CURVE,1.76
2013-02-14,YIELD_CURVE,1.73
2013-02-15,YIELD_CURVE,1.72
2013-02-19,YIELD_CURVE,1.74
2013-02-20,YIELD_CURVE,1.75
2013-02-21,YIELD_CURVE,1.73
2013-02-22,YIELD_CURVE,1.7
2013-02-25,YIELD_CURVE,1.63
2013-02-26,YIELD_CURVE,1.63
2013-02-27,YIELD_CURVE,1.64
2013-02-28,YIELD_CURVE,1.64
2013-03-01,YIELD_CURVE,1.61
2013-03-04,YIELD_CURVE,1.64
2013-03-05,YIELD_CURVE,1.65
2013-03-06,YIELD_CURVE,1.7
2013-03-07,YIELD_CURVE,1.75
2013-03-08,YIELD_CURVE,1.79
2013-03-11,YIELD_CURVE,1.8
2013-03-12,YIELD_CURVE,1.76
2013-03-13,YIELD_CURVE,1.77
2013-03-14,YIELD_CURVE,1.77
2013-03-15,YIELD_CURVE,1.76
2013-03-18,YIELD_CURVE,1.7
2013-03-19,YIELD_CURVE,1.68
2013-03-20,YIELD_CURVE,1.7
2013-03-21,YIELD_CURVE,1.68
2013-03-22,YIELD_CURVE,1.67
2013-03-25,YIELD_CURVE,1.69
2013-03-26,YIELD_CURVE,1.67
2013-03-27,YIELD_CURVE,1.62
2013-03-28,YIELD_CURVE,1.62
2013-04-01,YIELD_CURVE,1.63
2013-04-02,YIELD_CURVE,1.63
2013-04-03,YIELD_CURVE,1.59
2013-04-04,YIELD_CURVE,1.56
2013-04-05,YIELD_CURVE,1.48
2013-04-08,YIELD_CURVE,1.52
2013-04-09,YIELD_CURVE,1.54
2013-04-10,YIELD_CURVE,1.6
2013-04-11,YIELD_CURVE,1.58
2013-04-12,YIELD_CURVE,1.53
2013-04-15,YIELD_CURVE,1.5
2013-04-16,YIELD_CURVE,1.51
2013-04-17,YIELD_CURVE,1.49
2013-04-18,YIELD_CURVE,1.48
2013-04-19,YIELD_CURVE,1.49
2013-04-22,YIELD_CURVE,1.48
2013-04-23,YIELD_CURVE,1.51
2013-04-24,YIELD_CURVE,1.5
2013-04-25,YIELD_CURVE,1.51
2013-04-26,YIELD_CURVE,1.48
2013-04-29,YIELD_CURVE,1.5
2013-04-30,YIELD_CURVE,1.48
2013-05-01,YIELD_CURVE,1.46
2013-05-02,YIELD_CURVE,1.46
2013-05-03,YIELD_CURVE,1.56
2013-05-06,YIELD_CURVE,1.58
2013-05-07,YIELD_CURVE,1.6
2013-05-08,YIELD_CURVE,1.59
2013-05-09,YIELD_CURVE,1.59
2013-05-10,YIELD_CURVE,1.64
2013-05-13,YIELD_CURVE,1.68
2013-05-14,YIELD_CURVE,1.7
2013-05-15,YIELD_CURVE,1.68
2013-05-16,YIELD_CURVE,1.64
2013-05-17,YIELD_CURVE,1.69
2013-05-20,YIELD_CURVE,1.71
2013-05-21,YIELD_CURVE,1.68
2013-05-22,YIELD_CURVE,1.77
2013-05-23,YIELD_CURVE,1.76
2013-05-24,YIELD_CURVE,1.75
2013-05-28,YIELD_CURVE,1.86
2013-05-29,YIELD_CURVE,1.83
2013-05-30,YIELD_CURVE,1.82
2013-05-31,YIELD_CURVE,1.86
2013-06-03,YIELD_CURVE,1.83
2013-06-04,YIELD_CURVE,1.82
2013-06-05,YIELD_CURVE,1.8
2013-06-06,YIELD_CURVE,1.78
2013-06-07,YIELD_CURVE,1.85
2013-06-10,YIELD_CURVE,1.9
2013-06-11,YIELD_CURVE,1.86
2013-06-12,YIELD_CURVE,1.91
2013-06-13,YIELD_CURVE,1.87
2013-06-14,YIELD_CURVE,1.85
2013-06-17,YIELD_CURVE,1.92
2013-06-18,YIELD_CURVE,1.93
2013-06-19,YIELD_CURVE,2.02
2013-06-20,YIELD_CURVE,2.08
2013-06-21,YIELD_CURVE,2.14
2013-06-24,YIELD_CURVE,2.15
2013-06-25,YIELD_CURVE,2.17
2013-06-26,YIELD_CURVE,2.16
2013-06-27,YIELD_CURVE,2.13
2013-06-28,YIELD_CURVE,2.16
2013-07-01,YIELD_CURVE,2.16
2013-07-02,YIELD_CURVE,2.14
2013-07-03,YIELD_CURVE,2.16
2013-07-05,YIELD_CURVE,2.33
2013-07-08,YIELD_CURVE,2.28
2013-07-09,YIELD_CURVE,2.28
2013-07-10,YIELD_CURVE,2.32
2013-07-11,YIELD_CURVE,2.26
2013-07-12,YIELD_CURVE,2.24
2013-07-15,YIELD_CURVE,2.23
2013-07-16,YIELD_CURVE,2.21
2013-07-17,YIELD_CURVE,2.2
2013-07-18,YIELD_CURVE,2.24
2013-07-19,YIELD_CURVE,2.18
2013-07-22,YIELD_CURVE,2.18
2013-07-23,YIELD_CURVE,2.2
2013-07-24,YIELD_CURVE,2.27
2013-07-25,YIELD_CURVE,2.29
2013-07-26,YIELD_CURVE,2.27
2013-07-29,YIELD_CURVE,2.28
2013-07-30,YIELD_CURVE,2.3
2013-07-31,YIELD_CURVE,2.29
2013-08-01,YIELD_CURVE,2.39
2013-08-02,YIELD_CURVE,2.33
2013-08-05,YIELD_CURVE,2.35
2013-08-06,YIELD_CURVE,2.35
2013-08-07,YIELD_CURVE,2.29
2013-08-08,YIELD_CURVE,2.28
2013-08-09,YIELD_CURVE,2.25
2013-08-12,YIELD_CURVE,2.29
2013-08-13,YIELD_CURVE,2.37
2013-08-14,YIELD_CURVE,2.37
2013-08-15,YIELD_CURVE,2.41
2013-08-16,YIELD_CURVE,2.48
2013-08-19,YIELD_CURVE,2.52
2013-08-20,YIELD_CURVE,2.46
2013-08-21,YIELD_CURVE,2.49
2013-08-22,YIELD_CURVE,2.48
2013-08-23,YIELD_CURVE,2.42
2013-08-26,YIELD_CURVE,2.38
2013-08-27,YIELD_CURVE,2.34
2013-08-28,YIELD_CURVE,2.38
2013-08-29,YIELD_CURVE,2.36
2013-08-30,YIELD_CURVE,2.39
2013-09-03,YIELD_CURVE,2.43
2013-09-04,YIELD_CURVE,2.44
2013-09-05,YIELD_CURVE,2.46
2013-09-06,YIELD_CURVE,2.48
2013-09-09,YIELD_CURVE,2.45
2013-09-10,YIELD_CURVE,2.46
2013-09-11,YIELD_CURVE,2.46
2013-09-12,YIELD_CURVE,2.47
2013-09-13,YIELD_CURVE,2.45
2013-09-16,YIELD_CURVE,2.47
2013-09-17,YIELD_CURVE,2.47
2013-09-18,YIELD_CURVE,2.35
2013-09-19,YIELD_CURVE,2.42
2013-09-20,YIELD_CURVE,2.41
2013-09-23,YIELD_CURVE,2.37
2013-09-24,YIELD_CURVE,2.32
2013-09-25,YIELD_CURVE,2.27
2013-09-26,YIELD_CURVE,2.32
2013-09-27,YIELD_CURVE,2.3
2013-09-30,YIELD_CURVE,2.31
2013-10-01,YIELD_CURVE,2.33
2013-10-02,YIELD_CURVE,2.32
2013-10-03,YIELD_CURVE,2.29
2013-10-04,YIELD_CURVE,2.33
2013-10-07,YIELD_CURVE,2.28
2013-10-08,YIELD_CURVE,2.26
2013-10-09,YIELD_CURVE,2.31
2013-10-10,YIELD_CURVE,2.36
2013-10-11,YIELD_CURVE,2.35
2013-10-15,YIELD_CURVE,2.38
2013-10-16,YIELD_CURVE,2.35
2013-10-17,YIELD_CURVE,2.28
2013-10-18,YIELD_CURVE,2.27
2013-10-21,YIELD_CURVE,2.3
2013-10-22,YIELD_CURVE,2.23
2013-10-23,YIELD_CURVE,2.2
2013-10-24,YIELD_CURVE,2.2
2013-10-25,YIELD_CURVE,2.21
2013-10-28,YIELD_CURVE,2.22
2013-10-29,YIELD_CURVE,2.22
2013-10-30,YIELD_CURVE,2.22
2013-10-31,YIELD_CURVE,2.26
2013-11-01,YIELD_CURVE,2.32
2013-11-04,YIELD_CURVE,2.31
2013-11-05,YIELD_CURVE,2.37
2013-11-06,YIELD_CURVE,2.37
2013-11-07,YIELD_CURVE,2.34
2013-11-08,YIELD_CURVE,2.45
2013-11-12,YIELD_CURVE,2.46
2013-11-13,YIELD_CURVE,2.43
2013-11-14,YIELD_CURVE,2.4
2013-11-15,YIELD_CURVE,2.4
2013-11-18,YIELD_CURVE,2.36
2013-11-19,YIELD_CURVE,2.42
2013-11-20,YIELD_CURVE,2.52
2013-11-21,YIELD_CURVE,2.5
2013-11-22,YIELD_CURVE,2.44
2013-11-25,YIELD_CURVE,2.44
2013-11-26,YIELD_CURVE,2.42
2013-11-27,YIELD_CURVE,2.46
2013-11-29,YIELD_CURVE,2.47
2013-12-02,YIELD_CURVE,2.51
2013-12-03,YIELD_CURVE,2.51
2013-12-04,YIELD_CURVE,2.54
2013-12-05,YIELD_CURVE,2.58
2013-12-06,YIELD_CURVE,2.58
2013-12-09,YIELD_CURVE,2.56
2013-12-10,YIELD_CURVE,2.51
2013-12-11,YIELD_CURVE,2.55
2013-12-12,YIELD_CURVE,2.55
2013-12-13,YIELD_CURVE,2.54
2013-12-16,YIELD_CURVE,2.55
2013-12-17,YIELD_CURVE,2.51
2013-12-18,YIELD_CURVE,2.57
2013-12-19,YIELD_CURVE,2.59
2013-12-20,YIELD_CURVE,2.52
2013-12-23,YIELD_CURVE,2.56
2013-12-24,YIELD_CURVE,2.61
2013-12-26,YIELD_CURVE,2.58
2013-12-27,YIELD_CURVE,2.62
2013-12-30,YIELD_CURVE,2.6
2013-12-31,YIELD_CURVE,2.66
2014-01-02,YIELD_CURVE,2.61
2014-01-03,YIELD_CURVE,2.6
2014-01-06,YIELD_CURVE,2.58
2014-01-07,YIELD_CURVE,2.56
2014-01-08,YIELD_CURVE,2.58
2014-01-09,YIELD_CURVE,2.53
2014-01-10,YIELD_CURVE,2.49
2014-01-13,YIELD_CURVE,2.45
2014-01-14,YIELD_CURVE,2.49
2014-01-15,YIELD_CURVE,2.49
2014-01-16,YIELD_CURVE,2.45
2014-01-17,YIELD_CURVE,2.44
2014-01-21,YIELD_CURVE,2.45
2014-01-22,YIELD_CURVE,2.43
2014-01-23,YIELD_CURVE,2.4
2014-01-24,YIELD_CURVE,2.38
2014-01-27,YIELD_CURVE,2.41
2014-01-28,YIELD_CURVE,2.39
2014-01-29,YIELD_CURVE,2.33
2014-01-30,YIELD_CURVE,2.36
2014-01-31,YIELD_CURVE,2.33
2014-02-03,YIELD_CURVE,2.31
2014-02-04,YIELD_CURVE,2.33
2014-02-05,YIELD_CURVE,2.38
2014-02-06,YIELD_CURVE,2.4
2014-02-07,YIELD_CURVE,2.41
2014-02-10,YIELD_CURVE,2.38
2014-02-11,YIELD_CURVE,2.4
2014-02-12,YIELD_CURVE,2.45
2014-02-13,YIELD_CURVE,2.41
2014-02-14,YIELD_CURVE,2.43
2014-02-18,YIELD_CURVE,2.4
2014-02-19,YIELD_CURVE,2.4
2014-02-20,YIELD_CURVE,2.42
2014-02-21,YIELD_CURVE,2.4
2014-02-24,YIELD_CURVE,2.4
2014-02-25,YIELD_CURVE,2.36
2014-02-26,YIELD_CURVE,2.34
2014-02-27,YIELD_CURVE,2.32
2014-02-28,YIELD_CURVE,2.33
2014-03-03,YIELD_CURVE,2.28
2014-03-04,YIELD_CURVE,2.37
2014-03-05,YIELD_CURVE,2.37
2014-03-06,YIELD_CURVE,2.37
2014-03-07,YIELD_CURVE,2.42
2014-03-10,YIELD_CURVE,2.42
2014-03-11,YIELD_CURVE,2.4
2014-03-12,YIELD_CURVE,2.36
2014-03-13,YIELD_CURVE,2.32
2014-03-14,YIELD_CURVE,2.29
2014-03-17,YIELD_CURVE,2.32
2014-03-18,YIELD_CURVE,2.32
2014-03-19,YIELD_CURVE,2.31
2014-03-20,YIELD_CURVE,2.34
2014-03-21,YIELD_CURVE,2.3
2014-03-24,YIELD_CURVE,2.27
2014-03-25,YIELD_CURVE,2.28
2014-03-26,YIELD_CURVE,2.26
2014-03-27,YIELD_CURVE,2.24
2014-03-28,YIELD_CURVE,2.28
2014-03-31,YIELD_CURVE,2.29
2014-04-01,YIELD_CURVE,2.33
2014-04-02,YIELD_CURVE,2.35
2014-04-03,YIELD_CURVE,2.34
2014-04-04,YIELD_CURVE,2.31
2014-04-07,YIELD_CURVE,2.3
2014-04-08,YIELD_CURVE,2.29
2014-04-09,YIELD_CURVE,2.34
2014-04-10,YIELD_CURVE,2.28
2014-04-11,YIELD_CURVE,2.26
2014-04-14,YIELD_CURVE,2.28
2014-04-15,YIELD_CURVE,2.25
2014-04-16,YIELD_CURVE,2.26
2014-04-17,YIELD_CURVE,2.3
2014-04-21,YIELD_CURVE,2.31
2014-04-22,YIELD_CURVE,2.28
2014-04-23,YIELD_CURVE,2.27
2014-04-24,YIELD_CURVE,2.27
2014-04-25,YIELD_CURVE,2.25
2014-04-28,YIELD_CURVE,2.26
2014-04-29,YIELD_CURVE,2.27
2014-04-30,YIELD_CURVE,2.25
2014-05-01,YIELD_CURVE,2.22
2014-05-02,YIELD_CURVE,2.18
2014-05-05,YIELD_CURVE,2.2
2014-05-06,YIELD_CURVE,2.18
2014-05-07,YIELD_CURVE,2.21
2014-05-08,YIELD_CURVE,2.21
2014-05-09,YIELD_CURVE,2.22
2014-05-12,YIELD_CURVE,2.25
2014-05-13,YIELD_CURVE,2.22
2014-05-14,YIELD_CURVE,2.15
2014-05-15,YIELD_CURVE,2.12
2014-05-16,YIELD_CURVE,2.14
2014-05-19,YIELD_CURVE,2.18
2014-05-20,YIELD_CURVE,2.17
2014-05-21,YIELD_CURVE,2.17
2014-05-22,YIELD_CURVE,2.19
2014-05-23,YIELD_CURVE,2.17
2014-05-27,YIELD_CURVE,2.13
2014-05-28,YIELD_CURVE,2.07
2014-05-29,YIELD_CURVE,2.08
2014-05-30,YIELD_CURVE,2.11
2014-06-02,YIELD_CURVE,2.15
2014-06-03,YIELD_CURVE,2.19
2014-06-04,YIELD_CURVE,2.2
2014-06-05,YIELD_CURVE,2.19
2014-06-06,YIELD_CURVE,2.19
2014-06-09,YIELD_CURVE,2.19
2014-06-10,YIELD_CURVE,2.19
2014-06-11,YIELD_CURVE,2.21
2014-06-12,YIELD_CURVE,2.16
2014-06-13,YIELD_CURVE,2.15
2014-06-16,YIELD_CURVE,2.12
2014-06-17,YIELD_CURVE,2.15
2014-06-18,YIELD_CURVE,2.13
2014-06-19,YIELD_CURVE,2.16
2014-06-20,YIELD_CURVE,2.13
2014-06-23,YIELD_CURVE,2.15
2014-06-24,YIELD_CURVE,2.1
2014-06-25,YIELD_CURVE,2.09
2014-06-26,YIELD_CURVE,2.07
2014-06-27,YIELD_CURVE,2.09
2014-06-30,YIELD_CURVE,2.06
2014-07-01,YIELD_CURVE,2.11
2014-07-02,YIELD_CURVE,2.15
2014-07-03,YIELD_CURVE,2.13
2014-07-07,YIELD_CURVE,2.11
2014-07-08,YIELD_CURVE,2.07
2014-07-09,YIELD_CURVE,2.06
2014-07-10,YIELD_CURVE,2.09
2014-07-11,YIELD_CURVE,2.05
2014-07-14,YIELD_CURVE,2.07
2014-07-15,YIELD_CURVE,2.07
2014-07-16,YIELD_CURVE,2.05
2014-07-17,YIELD_CURVE,2.0
2014-07-18,YIELD_CURVE,1.99
2014-07-21,YIELD_CURVE,1.98
2014-07-22,YIELD_CURVE,1.99
2014-07-23,YIELD_CURVE,1.98
2014-07-24,YIELD_CURVE,1.99
2014-07-25,YIELD_CURVE,1.95
2014-07-28,YIELD_CURVE,1.96
2014-07-29,YIELD_CURVE,1.93
2014-07-30,YIELD_CURVE,2.01
2014-07-31,YIELD_CURVE,2.05
2014-08-01,YIELD_CURVE,2.05
2014-08-04,YIELD_CURVE,2.04
2014-08-05,YIELD_CURVE,2.02
2014-08-06,YIELD_CURVE,2.01
2014-08-07,YIELD_CURVE,1.99
2014-08-08,YIELD_CURVE,1.99
2014-08-11,YIELD_CURVE,1.97
2014-08-12,YIELD_CURVE,2.01
2014-08-13,YIELD_CURVE,2.0
2014-08-14,YIELD_CURVE,1.98
2014-08-15,YIELD_CURVE,1.92
2014-08-18,YIELD_CURVE,1.95
2014-08-19,YIELD_CURVE,1.94
2014-08-20,YIELD_CURVE,1.94
2014-08-21,YIELD_CURVE,1.92
2014-08-22,YIELD_CURVE,1.87
2014-08-25,YIELD_CURVE,1.86
2014-08-26,YIELD_CURVE,1.87
2014-08-27,YIELD_CURVE,1.86
2014-08-28,YIELD_CURVE,1.84
2014-08-29,YIELD_CURVE,1.87
2014-09-02,YIELD_CURVE,1.89
2014-09-03,YIELD_CURVE,1.89
2014-09-04,YIELD_CURVE,1.91
2014-09-05,YIELD_CURVE,1.94
2014-09-08,YIELD_CURVE,1.94
2014-09-09,YIELD_CURVE,1.94
2014-09-10,YIELD_CURVE,1.96
2014-09-11,YIELD_CURVE,1.96
2014-09-12,YIELD_CURVE,2.04
2014-09-15,YIELD_CURVE,2.02
2014-09-16,YIELD_CURVE,2.05
2014-09-17,YIELD_CURVE,2.03
2014-09-18,YIELD_CURVE,2.04
2014-09-19,YIELD_CURVE,2.0
2014-09-22,YIELD_CURVE,1.99
2014-09-23,YIELD_CURVE,1.97
2014-09-24,YIELD_CURVE,1.98
2014-09-25,YIELD_CURVE,1.96
2014-09-26,YIELD_CURVE,1.95
2014-09-29,YIELD_CURVE,1.92
2014-09-30,YIELD_CURVE,1.94
2014-10-01,YIELD_CURVE,1.89
2014-10-02,YIELD_CURVE,1.91
2014-10-03,YIELD_CURVE,1.88
2014-10-06,YIELD_CURVE,1.89
2014-10-07,YIELD_CURVE,1.84
2014-10-08,YIELD_CURVE,1.89
2014-10-09,YIELD_CURVE,1.88
2014-10-10,YIELD_CURVE,1.86
2014-10-14,YIELD_CURVE,1.82
2014-10-15,YIELD_CURVE,1.81
2014-10-16,YIELD_CURVE,1.82
2014-10-17,YIELD_CURVE,1.83
2014-10-20,YIELD_CURVE,1.83
2014-10-21,YIELD_CURVE,1.85
2014-10-22,YIELD_CURVE,1.84
2014-10-23,YIELD_CURVE,1.88
2014-10-24,YIELD_CURVE,1.88
2014-10-27,YIELD_CURVE,1.86
2014-10-28,YIELD_CURVE,1.88
2014-10-29,YIELD_CURVE,1.86
2014-10-30,YIELD_CURVE,1.84
2014-10-31,YIELD_CURVE,1.85
2014-11-03,YIELD_CURVE,1.84
2014-11-04,YIELD_CURVE,1.83
2014-11-05,YIELD_CURVE,1.84
2014-11-06,YIELD_CURVE,1.85
2014-11-07,YIELD_CURVE,1.81
2014-11-10,YIELD_CURVE,1.83
2014-11-12,YIELD_CURVE,1.82
2014-11-13,YIELD_CURVE,1.82
2014-11-14,YIELD_CURVE,1.78
2014-11-17,YIELD_CURVE,1.8
2014-11-18,YIELD_CURVE,1.79
2014-11-19,YIELD_CURVE,1.82
2014-11-20,YIELD_CURVE,1.81
2014-11-21,YIELD_CURVE,1.78
2014-11-24,YIELD_CURVE,1.77
2014-11-25,YIELD_CURVE,1.76
2014-11-26,YIELD_CURVE,1.71
2014-11-28,YIELD_CURVE,1.71
2014-12-01,YIELD_CURVE,1.73
2014-12-02,YIELD_CURVE,1.73
2014-12-03,YIELD_CURVE,1.72
2014-12-04,YIELD_CURVE,1.7
2014-12-05,YIELD_CURVE,1.66
2014-12-08,YIELD_CURVE,1.62
2014-12-09,YIELD_CURVE,1.58
2014-12-10,YIELD_CURVE,1.59
2014-12-11,YIELD_CURVE,1.57
2014-12-12,YIELD_CURVE,1.54
2014-12-15,YIELD_CURVE,1.52
2014-12-16,YIELD_CURVE,1.49
2014-12-17,YIELD_CURVE,1.52
2014-12-18,YIELD_CURVE,1.55
2014-12-19,YIELD_CURVE,1.5
2014-12-22,YIELD_CURVE,1.46
2014-12-23,YIELD_CURVE,1.53
2014-12-24,YIELD_CURVE,1.54
2014-12-26,YIELD_CURVE,1.52
2014-12-29,YIELD_CURVE,1.5
2014-12-30,YIELD_CURVE,1.51
2014-12-31,YIELD_CURVE,1.5
2015-01-02,YIELD_CURVE,1.46
2015-01-05,YIELD_CURVE,1.36
2015-01-06,YIELD_CURVE,1.32
2015-01-07,YIELD_CURVE,1.34
2015-01-08,YIELD_CURVE,1.41
2015-01-09,YIELD_CURVE,1.39
2015-01-12,YIELD_CURVE,1.36
2015-01-13,YIELD_CURVE,1.37
2015-01-14,YIELD_CURVE,1.35
2015-01-15,YIELD_CURVE,1.33
2015-01-16,YIELD_CURVE,1.34
2015-01-20,YIELD_CURVE,1.29
2015-01-21,YIELD_CURVE,1.34
2015-01-22,YIELD_CURVE,1.37
2015-01-23,YIELD_CURVE,1.29
2015-01-26,YIELD_CURVE,1.29
2015-01-27,YIELD_CURVE,1.29
2015-01-28,YIELD_CURVE,1.23
2015-01-29,YIELD_CURVE,1.26
2015-01-30,YIELD_CURVE,1.21
2015-02-02,YIELD_CURVE,1.19
2015-02-03,YIELD_CURVE,1.27
2015-02-04,YIELD_CURVE,1.29
2015-02-05,YIELD_CURVE,1.31
2015-02-06,YIELD_CURVE,1.3
2015-02-09,YIELD_CURVE,1.31
2015-02-10,YIELD_CURVE,1.34
2015-02-11,YIELD_CURVE,1.33
2015-02-12,YIELD_CURVE,1.38
2015-02-13,YIELD_CURVE,1.36
2015-02-17,YIELD_CURVE,1.44
2015-02-18,YIELD_CURVE,1.45
2015-02-19,YIELD_CURVE,1.44
2015-02-20,YIELD_CURVE,1.46
2015-02-23,YIELD_CURVE,1.42
2015-02-24,YIELD_CURVE,1.39
2015-02-25,YIELD_CURVE,1.35
2015-02-26,YIELD_CURVE,1.37
2015-02-27,YIELD_CURVE,1.37
2015-03-02,YIELD_CURVE,1.42
2015-03-03,YIELD_CURVE,1.44
2015-03-04,YIELD_CURVE,1.46
2015-03-05,YIELD_CURVE,1.46
2015-03-06,YIELD_CURVE,1.51
2015-03-09,YIELD_CURVE,1.5
2015-03-10,YIELD_CURVE,1.44
2015-03-11,YIELD_CURVE,1.41
2015-03-12,YIELD_CURVE,1.43
2015-03-13,YIELD_CURVE,1.45
2015-03-16,YIELD_CURVE,1.44
2015-03-17,YIELD_CURVE,1.36
2015-03-18,YIELD_CURVE,1.36
2015-03-19,YIELD_CURVE,1.35
2015-03-20,YIELD_CURVE,1.33
2015-03-23,YIELD_CURVE,1.32
2015-03-24,YIELD_CURVE,1.3
2015-03-25,YIELD_CURVE,1.34
2015-03-26,YIELD_CURVE,1.4
2015-03-27,YIELD_CURVE,1.37
2015-03-30,YIELD_CURVE,1.38
2015-03-31,YIELD_CURVE,1.38
2015-04-01,YIELD_CURVE,1.32
2015-04-02,YIELD_CURVE,1.37
2015-04-03,YIELD_CURVE,1.36
2015-04-06,YIELD_CURVE,1.41
2015-04-07,YIELD_CURVE,1.37
2015-04-08,YIELD_CURVE,1.38
2015-04-09,YIELD_CURVE,1.41
2015-04-10,YIELD_CURVE,1.39
2015-04-13,YIELD_CURVE,1.4
2015-04-14,YIELD_CURVE,1.37
2015-04-15,YIELD_CURVE,1.4
2015-04-16,YIELD_CURVE,1.4
2015-04-17,YIELD_CURVE,1.36
2015-04-20,YIELD_CURVE,1.35
2015-04-21,YIELD_CURVE,1.37
2015-04-22,YIELD_CURVE,1.42
2015-04-23,YIELD_CURVE,1.41
2015-04-24,YIELD_CURVE,1.39
2015-04-27,YIELD_CURVE,1.4
2015-04-28,YIELD_CURVE,1.44
2015-04-29,YIELD_CURVE,1.5
2015-04-30,YIELD_CURVE,1.47
2015-05-01,YIELD_CURVE,1.52
2015-05-04,YIELD_CURVE,1.56
2015-05-05,YIELD_CURVE,1.57
2015-05-06,YIELD_CURVE,1.6
2015-05-07,YIELD_CURVE,1.55
2015-05-08,YIELD_CURVE,1.57
2015-05-11,YIELD_CURVE,1.66
2015-05-12,YIELD_CURVE,1.67
2015-05-13,YIELD_CURVE,1.68
2015-05-14,YIELD_CURVE,1.67
2015-05-15,YIELD_CURVE,1.59
2015-05-18,YIELD_CURVE,1.65
2015-05-19,YIELD_CURVE,1.64
2015-05-20,YIELD_CURVE,1.66
2015-05-21,YIELD_CURVE,1.59
2015-05-22,YIELD_CURVE,1.57
2015-05-26,YIELD_CURVE,1.5
2015-05-27,YIELD_CURVE,1.5
2015-05-28,YIELD_CURVE,1.51
2015-05-29,YIELD_CURVE,1.51
2015-06-01,YIELD_CURVE,1.55
2015-06-02,YIELD_CURVE,1.63
2015-06-03,YIELD_CURVE,1.69
2015-06-04,YIELD_CURVE,1.65
2015-06-05,YIELD_CURVE,1.68
2015-06-08,YIELD_CURVE,1.69
2015-06-09,YIELD_CURVE,1.7
2015-06-10,YIELD_CURVE,1.75
2015-06-11,YIELD_CURVE,1.66
2015-06-12,YIELD_CURVE,1.65
2015-06-15,YIELD_CURVE,1.64
2015-06-16,YIELD_CURVE,1.61
2015-06-17,YIELD_CURVE,1.65
2015-06-18,YIELD_CURVE,1.69
2015-06-19,YIELD_CURVE,1.61
2015-06-22,YIELD_CURVE,1.69
2015-06-23,YIELD_CURVE,1.72
2015-06-24,YIELD_CURVE,1.7
2015-06-25,YIELD_CURVE,1.72
2015-06-26,YIELD_CURVE,1.77
2015-06-29,YIELD_CURVE,1.69
2015-06-30,YIELD_CURVE,1.71
2015-07-01,YIELD_CURVE,1.74
2015-07-02,YIELD_CURVE,1.76
2015-07-06,YIELD_CURVE,1.7
2015-07-07,YIELD_CURVE,1.69
2015-07-08,YIELD_CURVE,1.67
2015-07-09,YIELD_CURVE,1.72
2015-07-10,YIELD_CURVE,1.77
2015-07-13,YIELD_CURVE,1.75
2015-07-14,YIELD_CURVE,1.75
2015-07-15,YIELD_CURVE,1.72
2015-07-16,YIELD_CURVE,1.69
2015-07-17,YIELD_CURVE,1.66
2015-07-20,YIELD_CURVE,1.67
2015-07-21,YIELD_CURVE,1.64
2015-07-22,YIELD_CURVE,1.58
2015-07-23,YIELD_CURVE,1.57
2015-07-24,YIELD_CURVE,1.57
2015-07-27,YIELD_CURVE,1.55
2015-07-28,YIELD_CURVE,1.57
2015-07-29,YIELD_CURVE,1.59
2015-07-30,YIELD_CURVE,1.56
2015-07-31,YIELD_CURVE,1.53
2015-08-03,YIELD_CURVE,1.48
2015-08-04,YIELD_CURVE,1.49
2015-08-05,YIELD_CURVE,1.55
2015-08-06,YIELD_CURVE,1.52
2015-08-07,YIELD_CURVE,1.45
2015-08-10,YIELD_CURVE,1.51
2015-08-11,YIELD_CURVE,1.47
2015-08-12,YIELD_CURVE,1.47
2015-08-13,YIELD_CURVE,1.47
2015-08-14,YIELD_CURVE,1.47
2015-08-17,YIELD_CURVE,1.44
2015-08-18,YIELD_CURVE,1.46
2015-08-19,YIELD_CURVE,1.45
2015-08-20,YIELD_CURVE,1.4
2015-08-21,YIELD_CURVE,1.41
2015-08-24,YIELD_CURVE,1.42
2015-08-25,YIELD_CURVE,1.45
2015-08-26,YIELD_CURVE,1.51
2015-08-27,YIELD_CURVE,1.5
2015-08-28,YIELD_CURVE,1.47
2015-08-31,YIELD_CURVE,1.47
2015-09-01,YIELD_CURVE,1.47
2015-09-02,YIELD_CURVE,1.48
2015-09-03,YIELD_CURVE,1.47
2015-09-04,YIELD_CURVE,1.42
2015-09-08,YIELD_CURVE,1.46
2015-09-09,YIELD_CURVE,1.46
2015-09-10,YIELD_CURVE,1.48
2015-09-11,YIELD_CURVE,1.49
2015-09-14,YIELD_CURVE,1.45
2015-09-15,YIELD_CURVE,1.46
2015-09-16,YIELD_CURVE,1.48
2015-09-17,YIELD_CURVE,1.51
2015-09-18,YIELD_CURVE,1.44
2015-09-21,YIELD_CURVE,1.48
2015-09-22,YIELD_CURVE,1.45
2015-09-23,YIELD_CURVE,1.46
2015-09-24,YIELD_CURVE,1.46
2015-09-25,YIELD_CURVE,1.47
2015-09-28,YIELD_CURVE,1.43
2015-09-29,YIELD_CURVE,1.41
2015-09-30,YIELD_CURVE,1.42
2015-10-01,YIELD_CURVE,1.41
2015-10-02,YIELD_CURVE,1.41
2015-10-05,YIELD_CURVE,1.46
2015-10-06,YIELD_CURVE,1.44
2015-10-07,YIELD_CURVE,1.43
2015-10-08,YIELD_CURVE,1.47
2015-10-09,YIELD_CURVE,1.47
2015-10-13,YIELD_CURVE,1.42
2015-10-14,YIELD_CURVE,1.42
2015-10-15,YIELD_CURVE,1.43
2015-10-16,YIELD_CURVE,1.43
2015-10-19,YIELD_CURVE,1.43
2015-10-20,YIELD_CURVE,1.42
2015-10-21,YIELD_CURVE,1.4
2015-10-22,YIELD_CURVE,1.43
2015-10-23,YIELD_CURVE,1.43
2015-10-26,YIELD_CURVE,1.41
2015-10-27,YIELD_CURVE,1.4
2015-10-28,YIELD_CURVE,1.37
2015-10-29,YIELD_CURVE,1.44
2015-10-30,YIELD_CURVE,1.41
2015-11-02,YIELD_CURVE,1.43
2015-11-03,YIELD_CURVE,1.43
2015-11-04,YIELD_CURVE,1.41
2015-11-05,YIELD_CURVE,1.41
2015-11-06,YIELD_CURVE,1.44
2015-11-09,YIELD_CURVE,1.47
2015-11-10,YIELD_CURVE,1.45
2015-11-12,YIELD_CURVE,1.43
2015-11-13,YIELD_CURVE,1.42
2015-11-16,YIELD_CURVE,1.39
2015-11-17,YIELD_CURVE,1.39
2015-11-18,YIELD_CURVE,1.37
2015-11-19,YIELD_CURVE,1.33
2015-11-20,YIELD_CURVE,1.33
2015-11-23,YIELD_CURVE,1.31
2015-11-24,YIELD_CURVE,1.31
2015-11-25,YIELD_CURVE,1.3
2015-11-27,YIELD_CURVE,1.3
2015-11-30,YIELD_CURVE,1.27
2015-12-01,YIELD_CURVE,1.24
2015-12-02,YIELD_CURVE,1.24
2015-12-03,YIELD_CURVE,1.37
2015-12-04,YIELD_CURVE,1.32
2015-12-07,YIELD_CURVE,1.29
2015-12-08,YIELD_CURVE,1.3
2015-12-09,YIELD_CURVE,1.29
2015-12-10,YIELD_CURVE,1.29
2015-12-11,YIELD_CURVE,1.25
2015-12-14,YIELD_CURVE,1.26
2015-12-15,YIELD_CURVE,1.3
2015-12-16,YIELD_CURVE,1.28
2015-12-17,YIELD_CURVE,1.24
2015-12-18,YIELD_CURVE,1.22
2015-12-21,YIELD_CURVE,1.24
2015-12-22,YIELD_CURVE,1.25
2015-12-23,YIELD_CURVE,1.26
2015-12-24,YIELD_CURVE,1.22
2015-12-28,YIELD_CURVE,1.19
2015-12-29,YIELD_CURVE,1.23
2015-12-30,YIELD_CURVE,1.23
2015-12-31,YIELD_CURVE,1.21
2016-01-04,YIELD_CURVE,1.22
2016-01-05,YIELD_CURVE,1.21
2016-01-06,YIELD_CURVE,1.19
2016-01-07,YIELD_CURVE,1.2
2016-01-08,YIELD_CURVE,1.19
2016-01-11,YIELD_CURVE,1.23
2016-01-12,YIELD_CURVE,1.19
2016-01-13,YIELD_CURVE,1.17
2016-01-14,YIELD_CURVE,1.2
2016-01-15,YIELD_CURVE,1.18
2016-01-19,YIELD_CURVE,1.18
2016-01-20,YIELD_CURVE,1.16
2016-01-21,YIELD_CURVE,1.18
2016-01-22,YIELD_CURVE,1.19
2016-01-25,YIELD_CURVE,1.15
2016-01-26,YIELD_CURVE,1.16
2016-01-27,YIELD_CURVE,1.18
2016-01-28,YIELD_CURVE,1.17
2016-01-29,YIELD_CURVE,1.18
2016-02-01,YIELD_CURVE,1.16
2016-02-02,YIELD_CURVE,1.12
2016-02-03,YIELD_CURVE,1.16
2016-02-04,YIELD_CURVE,1.17
2016-02-05,YIELD_CURVE,1.12
2016-02-08,YIELD_CURVE,1.09
2016-02-09,YIELD_CURVE,1.05
2016-02-10,YIELD_CURVE,1.0
2016-02-11,YIELD_CURVE,0.99
2016-02-12,YIELD_CURVE,1.03
2016-02-16,YIELD_CURVE,1.04
2016-02-17,YIELD_CURVE,1.07
2016-02-18,YIELD_CURVE,1.04
2016-02-19,YIELD_CURVE,1.0
2016-02-22,YIELD_CURVE,0.99
2016-02-23,YIELD_CURVE,0.98
2016-02-24,YIELD_CURVE,1.0
2016-02-25,YIELD_CURVE,0.99
2016-02-26,YIELD_CURVE,0.96
2016-02-29,YIELD_CURVE,0.96
2016-03-01,YIELD_CURVE,0.98
2016-03-02,YIELD_CURVE,0.99
2016-03-03,YIELD_CURVE,0.98
2016-03-04,YIELD_CURVE,1.0
2016-03-07,YIELD_CURVE,1.0
2016-03-08,YIELD_CURVE,0.95
2016-03-09,YIELD_CURVE,1.0
2016-03-10,YIELD_CURVE,1.0
2016-03-11,YIELD_CURVE,1.01
2016-03-14,YIELD_CURVE,1.0
2016-03-15,YIELD_CURVE,0.99
2016-03-16,YIELD_CURVE,1.07
2016-03-17,YIELD_CURVE,1.04
2016-03-18,YIELD_CURVE,1.04
2016-03-21,YIELD_CURVE,1.05
2016-03-22,YIELD_CURVE,1.03
2016-03-23,YIELD_CURVE,1.01
2016-03-24,YIELD_CURVE,1.02
2016-03-28,YIELD_CURVE,1.0
2016-03-29,YIELD_CURVE,1.03
2016-03-30,YIELD_CURVE,1.07
2016-03-31,YIELD_CURVE,1.05
2016-04-01,YIELD_CURVE,1.03
2016-04-04,YIELD_CURVE,1.03
2016-04-05,YIELD_CURVE,1.01
2016-04-06,YIELD_CURVE,1.03
2016-04-07,YIELD_CURVE,1.0
2016-04-08,YIELD_CURVE,1.02
2016-04-11,YIELD_CURVE,1.03
2016-04-12,YIELD_CURVE,1.05
2016-04-13,YIELD_CURVE,1.02
2016-04-14,YIELD_CURVE,1.03
2016-04-15,YIELD_CURVE,1.02
2016-04-18,YIELD_CURVE,1.03
2016-04-19,YIELD_CURVE,1.02
2016-04-20,YIELD_CURVE,1.05
2016-04-21,YIELD_CURVE,1.06
2016-04-22,YIELD_CURVE,1.05
2016-04-25,YIELD_CURVE,1.06
2016-04-26,YIELD_CURVE,1.08
2016-04-27,YIELD_CURVE,1.04
2016-04-28,YIELD_CURVE,1.06
2016-04-29,YIELD_CURVE,1.06
2016-05-02,YIELD_CURVE,1.08
2016-05-03,YIELD_CURVE,1.06
2016-05-04,YIELD_CURVE,1.04
2016-05-05,YIELD_CURVE,1.04
2016-05-06,YIELD_CURVE,1.05
2016-05-09,YIELD_CURVE,1.05
2016-05-10,YIELD_CURVE,1.05
2016-05-11,YIELD_CURVE,0.99
2016-05-12,YIELD_CURVE,0.99
2016-05-13,YIELD_CURVE,0.95
2016-05-16,YIELD_CURVE,0.96
2016-05-17,YIELD_CURVE,0.94
2016-05-18,YIELD_CURVE,0.97
2016-05-19,YIELD_CURVE,0.96
2016-05-20,YIELD_CURVE,0.96
2016-05-23,YIELD_CURVE,0.93
2016-05-24,YIELD_CURVE,0.94
2016-05-25,YIELD_CURVE,0.95
2016-05-26,YIELD_CURVE,0.96
2016-05-27,YIELD_CURVE,0.95
2016-05-31,YIELD_CURVE,0.97
2016-06-01,YIELD_CURVE,0.94
2016-06-02,YIELD_CURVE,0.92
2016-06-03,YIELD_CURVE,0.93
2016-06-06,YIELD_CURVE,0.93
2016-06-07,YIELD_CURVE,0.94
2016-06-08,YIELD_CURVE,0.93
2016-06-09,YIELD_CURVE,0.91
2016-06-10,YIELD_CURVE,0.91
2016-06-13,YIELD_CURVE,0.89
2016-06-14,YIELD_CURVE,0.88
2016-06-15,YIELD_CURVE,0.91
2016-06-16,YIELD_CURVE,0.87
2016-06-17,YIELD_CURVE,0.92
2016-06-20,YIELD_CURVE,0.93
2016-06-21,YIELD_CURVE,0.95
2016-06-22,YIELD_CURVE,0.94
2016-06-23,YIELD_CURVE,0.96
2016-06-24,YIELD_CURVE,0.93
2016-06-27,YIELD_CURVE,0.85
2016-06-28,YIELD_CURVE,0.85
2016-06-29,YIELD_CURVE,0.88
2016-06-30,YIELD_CURVE,0.91
2016-07-01,YIELD_CURVE,0.87
2016-07-05,YIELD_CURVE,0.81
2016-07-06,YIELD_CURVE,0.8
2016-07-07,YIELD_CURVE,0.82
2016-07-08,YIELD_CURVE,0.76
2016-07-11,YIELD_CURVE,0.77
2016-07-12,YIELD_CURVE,0.84
2016-07-13,YIELD_CURVE,0.8
2016-07-14,YIELD_CURVE,0.85
2016-07-15,YIELD_CURVE,0.89
2016-07-18,YIELD_CURVE,0.91
2016-07-19,YIELD_CURVE,0.86
2016-07-20,YIELD_CURVE,0.86
2016-07-21,YIELD_CURVE,0.87
2016-07-22,YIELD_CURVE,0.86
2016-07-25,YIELD_CURVE,0.86
2016-07-26,YIELD_CURVE,0.82
2016-07-27,YIELD_CURVE,0.79
2016-07-28,YIELD_CURVE,0.8
2016-07-29,YIELD_CURVE,0.79
2016-08-01,YIELD_CURVE,0.84
2016-08-02,YIELD_CURVE,0.88
2016-08-03,YIELD_CURVE,0.88
2016-08-04,YIELD_CURVE,0.87
2016-08-05,YIELD_CURVE,0.87
2016-08-08,YIELD_CURVE,0.85
2016-08-09,YIELD_CURVE,0.84
2016-08-10,YIELD_CURVE,0.81
2016-08-11,YIELD_CURVE,0.81
2016-08-12,YIELD_CURVE,0.8
2016-08-15,YIELD_CURVE,0.83
2016-08-16,YIELD_CURVE,0.81
2016-08-17,YIELD_CURVE,0.82
2016-08-18,YIELD_CURVE,0.82
2016-08-19,YIELD_CURVE,0.82
2016-08-22,YIELD_CURVE,0.79
2016-08-23,YIELD_CURVE,0.81
2016-08-24,YIELD_CURVE,0.8
2016-08-25,YIELD_CURVE,0.8
2016-08-26,YIELD_CURVE,0.78
2016-08-29,YIELD_CURVE,0.76
2016-08-30,YIELD_CURVE,0.77
2016-08-31,YIELD_CURVE,0.78
2016-09-01,YIELD_CURVE,0.79
2016-09-02,YIELD_CURVE,0.8
2016-09-06,YIELD_CURVE,0.81
2016-09-07,YIELD_CURVE,0.8
2016-09-08,YIELD_CURVE,0.83
2016-09-09,YIELD_CURVE,0.88
2016-09-12,YIELD_CURVE,0.89
2016-09-13,YIELD_CURVE,0.93
2016-09-14,YIELD_CURVE,0.93
2016-09-15,YIELD_CURVE,0.97
2016-09-16,YIELD_CURVE,0.93
2016-09-19,YIELD_CURVE,0.91
2016-09-20,YIELD_CURVE,0.9
2016-09-21,YIELD_CURVE,0.87
2016-09-22,YIELD_CURVE,0.84
2016-09-23,YIELD_CURVE,0.85
2016-09-26,YIELD_CURVE,0.83
2016-09-27,YIELD_CURVE,0.81
2016-09-28,YIELD_CURVE,0.82
2016-09-29,YIELD_CURVE,0.83
2016-09-30,YIELD_CURVE,0.83
2016-10-03,YIELD_CURVE,0.83
2016-10-04,YIELD_CURVE,0.87
2016-10-05,YIELD_CURVE,0.87
2016-10-06,YIELD_CURVE,0.89
2016-10-07,YIELD_CURVE,0.9
2016-10-11,YIELD_CURVE,0.9
2016-10-12,YIELD_CURVE,0.92
2016-10-13,YIELD_CURVE,0.9
2016-10-14,YIELD_CURVE,0.96
2016-10-17,YIELD_CURVE,0.96
2016-10-18,YIELD_CURVE,0.93
2016-10-19,YIELD_CURVE,0.95
2016-10-20,YIELD_CURVE,0.92
2016-10-21,YIELD_CURVE,0.9
2016-10-24,YIELD_CURVE,0.93
2016-10-25,YIELD_CURVE,0.91
2016-10-26,YIELD_CURVE,0.93
2016-10-27,YIELD_CURVE,0.98
2016-10-28,YIELD_CURVE,1.0
2016-10-31,YIELD_CURVE,0.98
2016-11-01,YIELD_CURVE,1.0
2016-11-02,YIELD_CURVE,1.0
2016-11-03,YIELD_CURVE,1.01
2016-11-04,YIELD_CURVE,0.99
2016-11-07,YIELD_CURVE,1.01
2016-11-08,YIELD_CURVE,1.01
2016-11-09,YIELD_CURVE,1.17
2016-11-10,YIELD_CURVE,1.23
2016-11-14,YIELD_CURVE,1.23
2016-11-15,YIELD_CURVE,1.21
2016-11-16,YIELD_CURVE,1.22
2016-11-17,YIELD_CURVE,1.25
2016-11-18,YIELD_CURVE,1.27
2016-11-21,YIELD_CURVE,1.25
2016-11-22,YIELD_CURVE,1.24
2016-11-23,YIELD_CURVE,1.24
2016-11-25,YIELD_CURVE,1.24
2016-11-28,YIELD_CURVE,1.21
2016-11-29,YIELD_CURVE,1.21
2016-11-30,YIELD_CURVE,1.26
2016-12-01,YIELD_CURVE,1.31
2016-12-02,YIELD_CURVE,1.29
2016-12-05,YIELD_CURVE,1.26
2016-12-06,YIELD_CURVE,1.27
2016-12-07,YIELD_CURVE,1.24
2016-12-08,YIELD_CURVE,1.28
2016-12-09,YIELD_CURVE,1.32
2016-12-12,YIELD_CURVE,1.34
2016-12-13,YIELD_CURVE,1.31
2016-12-14,YIELD_CURVE,1.27
2016-12-15,YIELD_CURVE,1.31
2016-12-16,YIELD_CURVE,1.32
2016-12-19,YIELD_CURVE,1.3
2016-12-20,YIELD_CURVE,1.32
2016-12-21,YIELD_CURVE,1.34
2016-12-22,YIELD_CURVE,1.33
2016-12-23,YIELD_CURVE,1.33
2016-12-27,YIELD_CURVE,1.29
2016-12-28,YIELD_CURVE,1.25
2016-12-29,YIELD_CURVE,1.27
2016-12-30,YIELD_CURVE,1.25
2017-01-03,YIELD_CURVE,1.23
2017-01-04,YIELD_CURVE,1.22
2017-01-05,YIELD_CURVE,1.2
2017-01-06,YIELD_CURVE,1.2
2017-01-09,YIELD_CURVE,1.17
2017-01-10,YIELD_CURVE,1.19
2017-01-11,YIELD_CURVE,1.18
2017-01-12,YIELD_CURVE,1.18
2017-01-13,YIELD_CURVE,1.19
2017-01-17,YIELD_CURVE,1.16
2017-01-18,YIELD_CURVE,1.19
2017-01-19,YIELD_CURVE,1.22
2017-01-20,YIELD_CURVE,1.28
2017-01-23,YIELD_CURVE,1.25
2017-01-24,YIELD_CURVE,1.26
2017-01-25,YIELD_CURVE,1.3
2017-01-26,YIELD_CURVE,1.3
2017-01-27,YIELD_CURVE,1.27
2017-01-30,YIELD_CURVE,1.27
2017-01-31,YIELD_CURVE,1.26
2017-02-01,YIELD_CURVE,1.26
2017-02-02,YIELD_CURVE,1.27
2017-02-03,YIELD_CURVE,1.28
2017-02-06,YIELD_CURVE,1.26
2017-02-07,YIELD_CURVE,1.24
2017-02-08,YIELD_CURVE,1.19
2017-02-09,YIELD_CURVE,1.2
2017-02-10,YIELD_CURVE,1.21
2017-02-13,YIELD_CURVE,1.23
2017-02-14,YIELD_CURVE,1.22
2017-02-15,YIELD_CURVE,1.24
2017-02-16,YIELD_CURVE,1.23
2017-02-17,YIELD_CURVE,1.21
2017-02-21,YIELD_CURVE,1.21
2017-02-22,YIELD_CURVE,1.2
2017-02-23,YIELD_CURVE,1.2
2017-02-24,YIELD_CURVE,1.19
2017-02-27,YIELD_CURVE,1.16
2017-02-28,YIELD_CURVE,1.14
2017-03-01,YIELD_CURVE,1.17
2017-03-02,YIELD_CURVE,1.17
2017-03-03,YIELD_CURVE,1.17
2017-03-06,YIELD_CURVE,1.18
2017-03-07,YIELD_CURVE,1.2
2017-03-08,YIELD_CURVE,1.21
2017-03-09,YIELD_CURVE,1.23
2017-03-10,YIELD_CURVE,1.22
2017-03-13,YIELD_CURVE,1.22
2017-03-14,YIELD_CURVE,1.2
2017-03-15,YIELD_CURVE,1.18
2017-03-16,YIELD_CURVE,1.18
2017-03-17,YIELD_CURVE,1.17
2017-03-20,YIELD_CURVE,1.17
2017-03-21,YIELD_CURVE,1.16
2017-03-22,YIELD_CURVE,1.13
2017-03-23,YIELD_CURVE,1.15
2017-03-24,YIELD_CURVE,1.14
2017-03-27,YIELD_CURVE,1.11
2017-03-28,YIELD_CURVE,1.12
2017-03-29,YIELD_CURVE,1.13
2017-03-30,YIELD_CURVE,1.14
2017-03-31,YIELD_CURVE,1.13
2017-04-03,YIELD_CURVE,1.11
2017-04-04,YIELD_CURVE,1.11
2017-04-05,YIELD_CURVE,1.1
2017-04-06,YIELD_CURVE,1.1
2017-04-07,YIELD_CURVE,1.09
2017-04-10,YIELD_CURVE,1.08
2017-04-11,YIELD_CURVE,1.08
2017-04-12,YIELD_CURVE,1.04
2017-04-13,YIELD_CURVE,1.03
2017-04-17,YIELD_CURVE,1.05
2017-04-18,YIELD_CURVE,1.0
2017-04-19,YIELD_CURVE,1.02
2017-04-20,YIELD_CURVE,1.03
2017-04-21,YIELD_CURVE,1.04
2017-04-24,YIELD_CURVE,1.03
2017-04-25,YIELD_CURVE,1.06
2017-04-26,YIELD_CURVE,1.04
2017-04-27,YIELD_CURVE,1.05
2017-04-28,YIELD_CURVE,1.01
2017-05-01,YIELD_CURVE,1.05
2017-05-02,YIELD_CURVE,1.02
2017-05-03,YIELD_CURVE,1.03
2017-05-04,YIELD_CURVE,1.04
2017-05-05,YIELD_CURVE,1.04
2017-05-08,YIELD_CURVE,1.06
2017-05-09,YIELD_CURVE,1.05
2017-05-10,YIELD_CURVE,1.06
2017-05-11,YIELD_CURVE,1.04
2017-05-12,YIELD_CURVE,1.04
2017-05-15,YIELD_CURVE,1.03
2017-05-16,YIELD_CURVE,1.04
2017-05-17,YIELD_CURVE,0.96
2017-05-18,YIELD_CURVE,0.96
2017-05-19,YIELD_CURVE,0.95
2017-05-22,YIELD_CURVE,0.96
2017-05-23,YIELD_CURVE,0.98
2017-05-24,YIELD_CURVE,0.97
2017-05-25,YIELD_CURVE,0.95
2017-05-26,YIELD_CURVE,0.95
2017-05-30,YIELD_CURVE,0.93
2017-05-31,YIELD_CURVE,0.93
2017-06-01,YIELD_CURVE,0.93
2017-06-02,YIELD_CURVE,0.87
2017-06-05,YIELD_CURVE,0.86
2017-06-06,YIELD_CURVE,0.84
2017-06-07,YIELD_CURVE,0.86
2017-06-08,YIELD_CURVE,0.86
2017-06-09,YIELD_CURVE,0.86
2017-06-12,YIELD_CURVE,0.86
2017-06-13,YIELD_CURVE,0.83
2017-06-14,YIELD_CURVE,0.8
2017-06-15,YIELD_CURVE,0.81
2017-06-16,YIELD_CURVE,0.84
2017-06-19,YIELD_CURVE,0.83
2017-06-20,YIELD_CURVE,0.8
2017-06-21,YIELD_CURVE,0.8
2017-06-22,YIELD_CURVE,0.81
2017-06-23,YIELD_CURVE,0.81
2017-06-26,YIELD_CURVE,0.78
2017-06-27,YIELD_CURVE,0.83
2017-06-28,YIELD_CURVE,0.88
2017-06-29,YIELD_CURVE,0.89
2017-06-30,YIELD_CURVE,0.93
2017-07-03,YIELD_CURVE,0.94
2017-07-05,YIELD_CURVE,0.92
2017-07-06,YIELD_CURVE,0.97
2017-07-07,YIELD_CURVE,0.99
2017-07-10,YIELD_CURVE,0.98
2017-07-11,YIELD_CURVE,1.0
2017-07-12,YIELD_CURVE,0.98
2017-07-13,YIELD_CURVE,0.98
2017-07-14,YIELD_CURVE,0.98
2017-07-17,YIELD_CURVE,0.95
2017-07-18,YIELD_CURVE,0.91
2017-07-19,YIELD_CURVE,0.9
2017-07-20,YIELD_CURVE,0.9
2017-07-21,YIELD_CURVE,0.88
2017-07-24,YIELD_CURVE,0.89
2017-07-25,YIELD_CURVE,0.93
2017-07-26,YIELD_CURVE,0.93
2017-07-27,YIELD_CURVE,0.96
2017-07-28,YIELD_CURVE,0.96
2017-07-31,YIELD_CURVE,0.96
2017-08-01,YIELD_CURVE,0.92
2017-08-02,YIELD_CURVE,0.91
2017-08-03,YIELD_CURVE,0.9
2017-08-04,YIELD_CURVE,0.91
2017-08-07,YIELD_CURVE,0.9
2017-08-08,YIELD_CURVE,0.93
2017-08-09,YIELD_CURVE,0.91
2017-08-10,YIELD_CURVE,0.87
2017-08-11,YIELD_CURVE,0.89
2017-08-14,YIELD_CURVE,0.89
2017-08-15,YIELD_CURVE,0.92
2017-08-16,YIELD_CURVE,0.9
2017-08-17,YIELD_CURVE,0.87
2017-08-18,YIELD_CURVE,0.86
2017-08-21,YIELD_CURVE,0.86
2017-08-22,YIELD_CURVE,0.89
2017-08-23,YIELD_CURVE,0.85
2017-08-24,YIELD_CURVE,0.86
2017-08-25,YIELD_CURVE,0.82
2017-08-28,YIELD_CURVE,0.83
2017-08-29,YIELD_CURVE,0.8
2017-08-30,YIELD_CURVE,0.82
2017-08-31,YIELD_CURVE,0.79
2017-09-01,YIELD_CURVE,0.81
2017-09-05,YIELD_CURVE,0.77
2017-09-06,YIELD_CURVE,0.8
2017-09-07,YIELD_CURVE,0.78
2017-09-08,YIELD_CURVE,0.79
2017-09-11,YIELD_CURVE,0.82
2017-09-12,YIELD_CURVE,0.84
2017-09-13,YIELD_CURVE,0.85
2017-09-14,YIELD_CURVE,0.83
2017-09-15,YIELD_CURVE,0.81
2017-09-18,YIELD_CURVE,0.83
2017-09-19,YIELD_CURVE,0.84
2017-09-20,YIELD_CURVE,0.83
2017-09-21,YIELD_CURVE,0.82
2017-09-22,YIELD_CURVE,0.8
2017-09-25,YIELD_CURVE,0.78
2017-09-26,YIELD_CURVE,0.79
2017-09-27,YIELD_CURVE,0.84
2017-09-28,YIELD_CURVE,0.86
2017-09-29,YIELD_CURVE,0.86
2017-10-02,YIELD_CURVE,0.85
2017-10-03,YIELD_CURVE,0.86
2017-10-04,YIELD_CURVE,0.86
2017-10-05,YIELD_CURVE,0.86
2017-10-06,YIELD_CURVE,0.83
2017-10-10,YIELD_CURVE,0.84
2017-10-11,YIELD_CURVE,0.84
2017-10-12,YIELD_CURVE,0.82
2017-10-13,YIELD_CURVE,0.77
2017-10-16,YIELD_CURVE,0.76
2017-10-17,YIELD_CURVE,0.76
2017-10-18,YIELD_CURVE,0.75
2017-10-19,YIELD_CURVE,0.75
2017-10-20,YIELD_CURVE,0.79
2017-10-23,YIELD_CURVE,0.8
2017-10-24,YIELD_CURVE,0.82
2017-10-25,YIELD_CURVE,0.83
2017-10-26,YIELD_CURVE,0.83
2017-10-27,YIELD_CURVE,0.83
2017-10-30,YIELD_CURVE,0.79
2017-10-31,YIELD_CURVE,0.78
2017-11-01,YIELD_CURVE,0.76
2017-11-02,YIELD_CURVE,0.74
2017-11-03,YIELD_CURVE,0.71
2017-11-06,YIELD_CURVE,0.71
2017-11-07,YIELD_CURVE,0.69
2017-11-08,YIELD_CURVE,0.67
2017-11-09,YIELD_CURVE,0.7
2017-11-10,YIELD_CURVE,0.73
2017-11-13,YIELD_CURVE,0.7
2017-11-14,YIELD_CURVE,0.7
2017-11-15,YIELD_CURVE,0.65
2017-11-16,YIELD_CURVE,0.65
2017-11-17,YIELD_CURVE,0.62
2017-11-20,YIELD_CURVE,0.6
2017-11-21,YIELD_CURVE,0.59
2017-11-22,YIELD_CURVE,0.58
2017-11-24,YIELD_CURVE,0.59
2017-11-27,YIELD_CURVE,0.58
2017-11-28,YIELD_CURVE,0.59
2017-11-29,YIELD_CURVE,0.59
2017-11-30,YIELD_CURVE,0.64
2017-12-01,YIELD_CURVE,0.59
2017-12-04,YIELD_CURVE,0.57
2017-12-05,YIELD_CURVE,0.53
2017-12-06,YIELD_CURVE,0.55
2017-12-07,YIELD_CURVE,0.57
2017-12-08,YIELD_CURVE,0.58
2017-12-11,YIELD_CURVE,0.57
2017-12-12,YIELD_CURVE,0.57
2017-12-13,YIELD_CURVE,0.57
2017-12-14,YIELD_CURVE,0.53
2017-12-15,YIELD_CURVE,0.51
2017-12-18,YIELD_CURVE,0.55
2017-12-19,YIELD_CURVE,0.59
2017-12-20,YIELD_CURVE,0.62
2017-12-21,YIELD_CURVE,0.59
2017-12-22,YIELD_CURVE,0.57
2017-12-26,YIELD_CURVE,0.55
2017-12-27,YIELD_CURVE,0.53
2017-12-28,YIELD_CURVE,0.52
2017-12-29,YIELD_CURVE,0.51
2018-01-02,YIELD_CURVE,0.54
2018-01-03,YIELD_CURVE,0.5
2018-01-04,YIELD_CURVE,0.5
2018-01-05,YIELD_CURVE,0.51
2018-01-08,YIELD_CURVE,0.53
2018-01-09,YIELD_CURVE,0.57
2018-01-10,YIELD_CURVE,0.57
2018-01-11,YIELD_CURVE,0.56
2018-01-12,YIELD_CURVE,0.56
2018-01-16,YIELD_CURVE,0.51
2018-01-17,YIELD_CURVE,0.52
2018-01-18,YIELD_CURVE,0.57
2018-01-19,YIELD_CURVE,0.58
2018-01-22,YIELD_CURVE,0.58
2018-01-23,YIELD_CURVE,0.57
2018-01-24,YIELD_CURVE,0.57
2018-01-25,YIELD_CURVE,0.55
2018-01-26,YIELD_CURVE,0.53
2018-01-29,YIELD_CURVE,0.59
2018-01-30,YIELD_CURVE,0.6
2018-01-31,YIELD_CURVE,0.58
2018-02-01,YIELD_CURVE,0.62
2018-02-02,YIELD_CURVE,0.69
2018-02-05,YIELD_CURVE,0.69
2018-02-06,YIELD_CURVE,0.69
2018-02-07,YIELD_CURVE,0.69
2018-02-08,YIELD_CURVE,0.72
2018-02-09,YIELD_CURVE,0.78
2018-02-12,YIELD_CURVE,0.77
2018-02-13,YIELD_CURVE,0.73
2018-02-14,YIELD_CURVE,0.74
2018-02-15,YIELD_CURVE,0.71
2018-02-16,YIELD_CURVE,0.66
2018-02-20,YIELD_CURVE,0.63
2018-02-21,YIELD_CURVE,0.68
2018-02-22,YIELD_CURVE,0.67
2018-02-23,YIELD_CURVE,0.63
2018-02-26,YIELD_CURVE,0.64
2018-02-27,YIELD_CURVE,0.63
2018-02-28,YIELD_CURVE,0.62
2018-03-01,YIELD_CURVE,0.59
2018-03-02,YIELD_CURVE,0.61
2018-03-05,YIELD_CURVE,0.64
2018-03-06,YIELD_CURVE,0.63
2018-03-07,YIELD_CURVE,0.64
2018-03-08,YIELD_CURVE,0.61
2018-03-09,YIELD_CURVE,0.63
2018-03-12,YIELD_CURVE,0.6
2018-03-13,YIELD_CURVE,0.58
2018-03-14,YIELD_CURVE,0.55
2018-03-15,YIELD_CURVE,0.53
2018-03-16,YIELD_CURVE,0.54
2018-03-19,YIELD_CURVE,0.54
2018-03-20,YIELD_CURVE,0.55
2018-03-21,YIELD_CURVE,0.58
2018-03-22,YIELD_CURVE,0.54
2018-03-23,YIELD_CURVE,0.54
2018-03-26,YIELD_CURVE,0.52
2018-03-27,YIELD_CURVE,0.52
2018-03-28,YIELD_CURVE,0.49
2018-03-29,YIELD_CURVE,0.47
2018-04-02,YIELD_CURVE,0.48
2018-04-03,YIELD_CURVE,0.51
2018-04-04,YIELD_CURVE,0.51
2018-04-05,YIELD_CURVE,0.53
2018-04-06,YIELD_CURVE,0.5
2018-04-09,YIELD_CURVE,0.49
2018-04-10,YIELD_CURVE,0.48
2018-04-11,YIELD_CURVE,0.47
2018-04-12,YIELD_CURVE,0.49
2018-04-13,YIELD_CURVE,0.45
2018-04-16,YIELD_CURVE,0.44
2018-04-17,YIELD_CURVE,0.41
2018-04-18,YIELD_CURVE,0.45
2018-04-19,YIELD_CURVE,0.48
2018-04-20,YIELD_CURVE,0.5
2018-04-23,YIELD_CURVE,0.49
2018-04-24,YIELD_CURVE,0.52
2018-04-25,YIELD_CURVE,0.54
2018-04-26,YIELD_CURVE,0.51
2018-04-27,YIELD_CURVE,0.47
2018-04-30,YIELD_CURVE,0.46
2018-05-01,YIELD_CURVE,0.47
2018-05-02,YIELD_CURVE,0.48
2018-05-03,YIELD_CURVE,0.45
2018-05-04,YIELD_CURVE,0.44
2018-05-07,YIELD_CURVE,0.46
2018-05-08,YIELD_CURVE,0.46
2018-05-09,YIELD_CURVE,0.46
2018-05-10,YIELD_CURVE,0.43
2018-05-11,YIELD_CURVE,0.43
2018-05-14,YIELD_CURVE,0.45
2018-05-15,YIELD_CURVE,0.5
2018-05-16,YIELD_CURVE,0.51
2018-05-17,YIELD_CURVE,0.54
2018-05-18,YIELD_CURVE,0.51
2018-05-21,YIELD_CURVE,0.48
2018-05-22,YIELD_CURVE,0.47
2018-05-23,YIELD_CURVE,0.48
2018-05-24,YIELD_CURVE,0.48
2018-05-25,YIELD_CURVE,0.45
2018-05-29,YIELD_CURVE,0.45
2018-05-30,YIELD_CURVE,0.42
2018-05-31,YIELD_CURVE,0.43
2018-06-01,YIELD_CURVE,0.42
2018-06-04,YIELD_CURVE,0.42
2018-06-05,YIELD_CURVE,0.43
2018-06-06,YIELD_CURVE,0.45
2018-06-07,YIELD_CURVE,0.43
2018-06-08,YIELD_CURVE,0.43
2018-06-11,YIELD_CURVE,0.44
2018-06-12,YIELD_CURVE,0.42
2018-06-13,YIELD_CURVE,0.39
2018-06-14,YIELD_CURVE,0.35
2018-06-15,YIELD_CURVE,0.38
2018-06-18,YIELD_CURVE,0.36
2018-06-19,YIELD_CURVE,0.35
2018-06-20,YIELD_CURVE,0.37
2018-06-21,YIELD_CURVE,0.34
2018-06-22,YIELD_CURVE,0.34
2018-06-25,YIELD_CURVE,0.33
2018-06-26,YIELD_CURVE,0.35
2018-06-27,YIELD_CURVE,0.31
2018-06-28,YIELD_CURVE,0.32
2018-06-29,YIELD_CURVE,0.33
2018-07-02,YIELD_CURVE,0.3
2018-07-03,YIELD_CURVE,0.3
2018-07-05,YIELD_CURVE,0.29
2018-07-06,YIELD_CURVE,0.29
2018-07-09,YIELD_CURVE,0.29
2018-07-10,YIELD_CURVE,0.28
2018-07-11,YIELD_CURVE,0.27
2018-07-12,YIELD_CURVE,0.25
2018-07-13,YIELD_CURVE,0.24
2018-07-16,YIELD_CURVE,0.26
2018-07-17,YIELD_CURVE,0.24
2018-07-18,YIELD_CURVE,0.28
2018-07-19,YIELD_CURVE,0.24
2018-07-20,YIELD_CURVE,0.29
2018-07-23,YIELD_CURVE,0.32
2018-07-24,YIELD_CURVE,0.32
2018-07-25,YIELD_CURVE,0.28
2018-07-26,YIELD_CURVE,0.29
2018-07-27,YIELD_CURVE,0.29
2018-07-30,YIELD_CURVE,0.32
2018-07-31,YIELD_CURVE,0.29
2018-08-01,YIELD_CURVE,0.33
2018-08-02,YIELD_CURVE,0.32
2018-08-03,YIELD_CURVE,0.32
2018-08-06,YIELD_CURVE,0.3
2018-08-07,YIELD_CURVE,0.3
2018-08-08,YIELD_CURVE,0.28
2018-08-09,YIELD_CURVE,0.29
2018-08-10,YIELD_CURVE,0.26
2018-08-13,YIELD_CURVE,0.27
2018-08-14,YIELD_CURVE,0.26
2018-08-15,YIELD_CURVE,0.25
2018-08-16,YIELD_CURVE,0.24
2018-08-17,YIELD_CURVE,0.26
2018-08-20,YIELD_CURVE,0.22
2018-08-21,YIELD_CURVE,0.24
2018-08-22,YIELD_CURVE,0.22
2018-08-23,YIELD_CURVE,0.21
2018-08-24,YIELD_CURVE,0.19
2018-08-27,YIELD_CURVE,0.18
2018-08-28,YIELD_CURVE,0.21
2018-08-29,YIELD_CURVE,0.22
2018-08-30,YIELD_CURVE,0.22
2018-08-31,YIELD_CURVE,0.24
2018-09-04,YIELD_CURVE,0.24
2018-09-05,YIELD_CURVE,0.24
2018-09-06,YIELD_CURVE,0.24
2018-09-07,YIELD_CURVE,0.23
2018-09-10,YIELD_CURVE,0.21
2018-09-11,YIELD_CURVE,0.22
2018-09-12,YIELD_CURVE,0.23
2018-09-13,YIELD_CURVE,0.21
2018-09-14,YIELD_CURVE,0.21
2018-09-17,YIELD_CURVE,0.21
2018-09-18,YIELD_CURVE,0.24
2018-09-19,YIELD_CURVE,0.27
2018-09-20,YIELD_CURVE,0.26
2018-09-21,YIELD_CURVE,0.26
2018-09-24,YIELD_CURVE,0.25
2018-09-25,YIELD_CURVE,0.27
2018-09-26,YIELD_CURVE,0.23
2018-09-27,YIELD_CURVE,0.23
2018-09-28,YIELD_CURVE,0.24
2018-10-01,YIELD_CURVE,0.27
2018-10-02,YIELD_CURVE,0.23
2018-10-03,YIELD_CURVE,0.3
2018-10-04,YIELD_CURVE,0.32
2018-10-05,YIELD_CURVE,0.35
2018-10-09,YIELD_CURVE,0.33
2018-10-10,YIELD_CURVE,0.34
2018-10-11,YIELD_CURVE,0.29
2018-10-12,YIELD_CURVE,0.3
2018-10-15,YIELD_CURVE,0.31
2018-10-16,YIELD_CURVE,0.29
2018-10-17,YIELD_CURVE,0.3
2018-10-18,YIELD_CURVE,0.3
2018-10-19,YIELD_CURVE,0.28
2018-10-22,YIELD_CURVE,0.28
2018-10-23,YIELD_CURVE,0.28
2018-10-24,YIELD_CURVE,0.26
2018-10-25,YIELD_CURVE,0.28
2018-10-26,YIELD_CURVE,0.27
2018-10-29,YIELD_CURVE,0.27
2018-10-30,YIELD_CURVE,0.28
2018-10-31,YIELD_CURVE,0.28
2018-11-01,YIELD_CURVE,0.3
2018-11-02,YIELD_CURVE,0.31
2018-11-05,YIELD_CURVE,0.29
2018-11-06,YIELD_CURVE,0.29
2018-11-07,YIELD_CURVE,0.26
2018-11-08,YIELD_CURVE,0.26
2018-11-09,YIELD_CURVE,0.25
2018-11-13,YIELD_CURVE,0.25
2018-11-14,YIELD_CURVE,0.26
2018-11-15,YIELD_CURVE,0.25
2018-11-16,YIELD_CURVE,0.27
2018-11-19,YIELD_CURVE,0.27
2018-11-20,YIELD_CURVE,0.27
2018-11-21,YIELD_CURVE,0.25
2018-11-23,YIELD_CURVE,0.24
2018-11-26,YIELD_CURVE,0.23
2018-11-27,YIELD_CURVE,0.23
2018-11-28,YIELD_CURVE,0.25
2018-11-29,YIELD_CURVE,0.22
2018-11-30,YIELD_CURVE,0.21
2018-12-03,YIELD_CURVE,0.15
2018-12-04,YIELD_CURVE,0.11
2018-12-06,YIELD_CURVE,0.12
2018-12-07,YIELD_CURVE,0.13
2018-12-10,YIELD_CURVE,0.13
2018-12-11,YIELD_CURVE,0.11
2018-12-12,YIELD_CURVE,0.14
2018-12-13,YIELD_CURVE,0.16
2018-12-14,YIELD_CURVE,0.16
2018-12-17,YIELD_CURVE,0.16
2018-12-18,YIELD_CURVE,0.17
2018-12-19,YIELD_CURVE,0.14
2018-12-20,YIELD_CURVE,0.12
2018-12-21,YIELD_CURVE,0.16
2018-12-24,YIELD_CURVE,0.19
2018-12-26,YIELD_CURVE,0.2
2018-12-27,YIELD_CURVE,0.21
2018-12-28,YIELD_CURVE,0.2
2018-12-31,YIELD_CURVE,0.21
2019-01-02,YIELD_CURVE,0.16
2019-01-03,YIELD_CURVE,0.17
2019-01-04,YIELD_CURVE,0.17
2019-01-07,YIELD_CURVE,0.17
2019-01-08,YIELD_CURVE,0.15
2019-01-09,YIELD_CURVE,0.18
2019-01-10,YIELD_CURVE,0.18
2019-01-11,YIELD_CURVE,0.16
2019-01-14,YIELD_CURVE,0.18
2019-01-15,YIELD_CURVE,0.19
2019-01-16,YIELD_CURVE,0.18
2019-01-17,YIELD_CURVE,0.19
2019-01-18,YIELD_CURVE,0.17
2019-01-22,YIELD_CURVE,0.16
2019-01-23,YIELD_CURVE,0.18
2019-01-24,YIELD_CURVE,0.16
2019-01-25,YIELD_CURVE,0.16
2019-01-28,YIELD_CURVE,0.15
2019-01-29,YIELD_CURVE,0.16
2019-01-30,YIELD_CURVE,0.18
2019-01-31,YIELD_CURVE,0.18
2019-02-01,YIELD_CURVE,0.18
2019-02-04,YIELD_CURVE,0.2
2019-02-05,YIELD_CURVE,0.18
2019-02-06,YIELD_CURVE,0.18
2019-02-07,YIELD_CURVE,0.17
2019-02-08,YIELD_CURVE,0.18
2019-02-11,YIELD_CURVE,0.17
2019-02-12,YIELD_CURVE,0.18
2019-02-13,YIELD_CURVE,0.18
2019-02-14,YIELD_CURVE,0.16
2019-02-15,YIELD_CURVE,0.14
2019-02-19,YIELD_CURVE,0.15
2019-02-20,YIELD_CURVE,0.15
2019-02-21,YIELD_CURVE,0.16
2019-02-22,YIELD_CURVE,0.17
2019-02-25,YIELD_CURVE,0.16
2019-02-26,YIELD_CURVE,0.16
2019-02-27,YIELD_CURVE,0.19
2019-02-28,YIELD_CURVE,0.21
2019-03-01,YIELD_CURVE,0.21
2019-03-04,YIELD_CURVE,0.17
2019-03-05,YIELD_CURVE,0.17
2019-03-06,YIELD_CURVE,0.17
2019-03-07,YIELD_CURVE,0.17
2019-03-08,YIELD_CURVE,0.17
2019-03-11,YIELD_CURVE,0.17
2019-03-12,YIELD_CURVE,0.16
2019-03-13,YIELD_CURVE,0.16
2019-03-14,YIELD_CURVE,0.17
2019-03-15,YIELD_CURVE,0.16
2019-03-18,YIELD_CURVE,0.15
2019-03-19,YIELD_CURVE,0.15
2019-03-20,YIELD_CURVE,0.14
2019-03-21,YIELD_CURVE,0.13
2019-03-22,YIELD_CURVE,0.13
2019-03-25,YIELD_CURVE,0.17
2019-03-26,YIELD_CURVE,0.17
2019-03-27,YIELD_CURVE,0.17
2019-03-28,YIELD_CURVE,0.16
2019-03-29,YIELD_CURVE,0.14
2019-04-01,YIELD_CURVE,0.16
2019-04-02,YIELD_CURVE,0.18
2019-04-03,YIELD_CURVE,0.19
2019-04-04,YIELD_CURVE,0.18
2019-04-05,YIELD_CURVE,0.15
2019-04-08,YIELD_CURVE,0.16
2019-04-09,YIELD_CURVE,0.16
2019-04-10,YIELD_CURVE,0.17
2019-04-11,YIELD_CURVE,0.16
2019-04-12,YIELD_CURVE,0.16
2019-04-15,YIELD_CURVE,0.15
2019-04-16,YIELD_CURVE,0.19
2019-04-17,YIELD_CURVE,0.19
2019-04-18,YIELD_CURVE,0.19
2019-04-22,YIELD_CURVE,0.21
2019-04-23,YIELD_CURVE,0.21
2019-04-24,YIELD_CURVE,0.21
2019-04-25,YIELD_CURVE,0.21
2019-04-26,YIELD_CURVE,0.23
2019-04-29,YIELD_CURVE,0.24
2019-04-30,YIELD_CURVE,0.24
2019-05-01,YIELD_CURVE,0.21
2019-05-02,YIELD_CURVE,0.2
2019-05-03,YIELD_CURVE,0.21
2019-05-06,YIELD_CURVE,0.2
2019-05-07,YIELD_CURVE,0.17
2019-05-08,YIELD_CURVE,0.19
2019-05-09,YIELD_CURVE,0.19
2019-05-10,YIELD_CURVE,0.21
2019-05-13,YIELD_CURVE,0.22
2019-05-14,YIELD_CURVE,0.22
2019-05-15,YIELD_CURVE,0.21
2019-05-16,YIELD_CURVE,0.2
2019-05-17,YIELD_CURVE,0.19
2019-05-20,YIELD_CURVE,0.2
2019-05-21,YIELD_CURVE,0.17
2019-05-22,YIELD_CURVE,0.16
2019-05-23,YIELD_CURVE,0.19
2019-05-24,YIELD_CURVE,0.16
2019-05-28,YIELD_CURVE,0.14
2019-05-29,YIELD_CURVE,0.16
2019-05-30,YIELD_CURVE,0.16
2019-05-31,YIELD_CURVE,0.19
2019-06-03,YIELD_CURVE,0.25
2019-06-04,YIELD_CURVE,0.24
2019-06-05,YIELD_CURVE,0.29
2019-06-06,YIELD_CURVE,0.24
2019-06-07,YIELD_CURVE,0.24
2019-06-10,YIELD_CURVE,0.25
2019-06-11,YIELD_CURVE,0.22
2019-06-12,YIELD_CURVE,0.25
2019-06-13,YIELD_CURVE,0.27
2019-06-14,YIELD_CURVE,0.25
2019-06-17,YIELD_CURVE,0.23
2019-06-18,YIELD_CURVE,0.2
2019-06-19,YIELD_CURVE,0.29
2019-06-20,YIELD_CURVE,0.29
2019-06-21,YIELD_CURVE,0.3
2019-06-24,YIELD_CURVE,0.3
2019-06-25,YIELD_CURVE,0.29
2019-06-26,YIELD_CURVE,0.28
2019-06-27,YIELD_CURVE,0.27
2019-06-28,YIELD_CURVE,0.25
2019-07-01,YIELD_CURVE,0.25
2019-07-02,YIELD_CURVE,0.21
2019-07-03,YIELD_CURVE,0.19
2019-07-05,YIELD_CURVE,0.17
2019-07-08,YIELD_CURVE,0.17
2019-07-09,YIELD_CURVE,0.15
2019-07-10,YIELD_CURVE,0.25
2019-07-11,YIELD_CURVE,0.28
2019-07-12,YIELD_CURVE,0.28
2019-07-15,YIELD_CURVE,0.26
2019-07-16,YIELD_CURVE,0.26
2019-07-17,YIELD_CURVE,0.23
2019-07-18,YIELD_CURVE,0.27
2019-07-19,YIELD_CURVE,0.25
2019-07-22,YIELD_CURVE,0.25
2019-07-23,YIELD_CURVE,0.25
2019-07-24,YIELD_CURVE,0.22
2019-07-25,YIELD_CURVE,0.22
2019-07-26,YIELD_CURVE,0.22
2019-07-29,YIELD_CURVE,0.21
2019-07-30,YIELD_CURVE,0.21
2019-07-31,YIELD_CURVE,0.13
2019-08-01,YIELD_CURVE,0.17
2019-08-02,YIELD_CURVE,0.14
2019-08-05,YIELD_CURVE,0.16
2019-08-06,YIELD_CURVE,0.13
2019-08-07,YIELD_CURVE,0.12
2019-08-08,YIELD_CURVE,0.1
2019-08-09,YIELD_CURVE,0.11
2019-08-12,YIELD_CURVE,0.07
2019-08-13,YIELD_CURVE,0.02
2019-08-14,YIELD_CURVE,0.01
2019-08-15,YIELD_CURVE,0.04
2019-08-16,YIELD_CURVE,0.07
2019-08-19,YIELD_CURVE,0.07
2019-08-20,YIELD_CURVE,0.05
2019-08-21,YIELD_CURVE,0.03
2019-08-22,YIELD_CURVE,0.01
2019-08-23,YIELD_CURVE,0.01
2019-08-26,YIELD_CURVE,0.0
2019-08-27,YIELD_CURVE,-0.04
2019-08-28,YIELD_CURVE,-0.03
2019-08-29,YIELD_CURVE,-0.03
2019-08-30,YIELD_CURVE,0.0
2019-09-03,YIELD_CURVE,0.0
2019-09-04,YIELD_CURVE,0.04
2019-09-05,YIELD_CURVE,0.02
2019-09-06,YIELD_CURVE,0.02
2019-09-09,YIELD_CURVE,0.05
2019-09-10,YIELD_CURVE,0.05
2019-09-11,YIELD_CURVE,0.07
2019-09-12,YIELD_CURVE,0.07
2019-09-13,YIELD_CURVE,0.11
2019-09-16,YIELD_CURVE,0.1
2019-09-17,YIELD_CURVE,0.09
2019-09-18,YIELD_CURVE,0.03
2019-09-19,YIELD_CURVE,0.05
2019-09-20,YIELD_CURVE,0.05
2019-09-23,YIELD_CURVE,0.04
2019-09-24,YIELD_CURVE,0.04
2019-09-25,YIELD_CURVE,0.05
2019-09-26,YIELD_CURVE,0.04
2019-09-27,YIELD_CURVE,0.06
2019-09-30,YIELD_CURVE,0.05
2019-10-01,YIELD_CURVE,0.09
2019-10-02,YIELD_CURVE,0.12
2019-10-03,YIELD_CURVE,0.15
2019-10-04,YIELD_CURVE,0.12
2019-10-07,YIELD_CURVE,0.1
2019-10-08,YIELD_CURVE,0.12
2019-10-09,YIELD_CURVE,0.12
2019-10-10,YIELD_CURVE,0.14
2019-10-11,YIELD_CURVE,0.13
2019-10-15,YIELD_CURVE,0.16
2019-10-16,YIELD_CURVE,0.17
2019-10-17,YIELD_CURVE,0.16
2019-10-18,YIELD_CURVE,0.18
2019-10-21,YIELD_CURVE,0.18
2019-10-22,YIELD_CURVE,0.18
2019-10-23,YIELD_CURVE,0.19
2019-10-24,YIELD_CURVE,0.19
2019-10-25,YIELD_CURVE,0.17
2019-10-28,YIELD_CURVE,0.21
2019-10-29,YIELD_CURVE,0.2
2019-10-30,YIELD_CURVE,0.17
2019-10-31,YIELD_CURVE,0.17
2019-11-01,YIELD_CURVE,0.17
2019-11-04,YIELD_CURVE,0.19
2019-11-05,YIELD_CURVE,0.23
2019-11-06,YIELD_CURVE,0.2
2019-11-07,YIELD_CURVE,0.24
2019-11-08,YIELD_CURVE,0.26
2019-11-12,YIELD_CURVE,0.26
2019-11-13,YIELD_CURVE,0.25
2019-11-14,YIELD_CURVE,0.24
2019-11-15,YIELD_CURVE,0.23
2019-11-18,YIELD_CURVE,0.21
2019-11-19,YIELD_CURVE,0.19
2019-11-20,YIELD_CURVE,0.17
2019-11-21,YIELD_CURVE,0.17
2019-11-22,YIELD_CURVE,0.16
2019-11-25,YIELD_CURVE,0.15
2019-11-26,YIELD_CURVE,0.16
2019-11-27,YIELD_CURVE,0.14
2019-11-29,YIELD_CURVE,0.17
2019-12-02,YIELD_CURVE,0.22
2019-12-03,YIELD_CURVE,0.19
2019-12-04,YIELD_CURVE,0.19
2019-12-05,YIELD_CURVE,0.22
2019-12-06,YIELD_CURVE,0.23
2019-12-09,YIELD_CURVE,0.2
2019-12-10,YIELD_CURVE,0.2
2019-12-11,YIELD_CURVE,0.18
2019-12-12,YIELD_CURVE,0.24
2019-12-13,YIELD_CURVE,0.21
2019-12-16,YIELD_CURVE,0.24
2019-12-17,YIELD_CURVE,0.26
2019-12-18,YIELD_CURVE,0.29
2019-12-19,YIELD_CURVE,0.3
2019-12-20,YIELD_CURVE,0.29
2019-12-23,YIELD_CURVE,0.29
2019-12-24,YIELD_CURVE,0.28
2019-12-26,YIELD_CURVE,0.26
2019-12-27,YIELD_CURVE,0.29
2019-12-30,YIELD_CURVE,0.32
2019-12-31,YIELD_CURVE,0.34
2020-01-02,YIELD_CURVE,0.3
2020-01-03,YIELD_CURVE,0.27
2020-01-06,YIELD_CURVE,0.27
2020-01-07,YIELD_CURVE,0.29
2020-01-08,YIELD_CURVE,0.29
2020-01-09,YIELD_CURVE,0.27
2020-01-10,YIELD_CURVE,0.27
2020-01-13,YIELD_CURVE,0.27
2020-01-14,YIELD_CURVE,0.24
2020-01-15,YIELD_CURVE,0.23
2020-01-16,YIELD_CURVE,0.23
2020-01-17,YIELD_CURVE,0.26
2020-01-21,YIELD_CURVE,0.25
2020-01-22,YIELD_CURVE,0.24
2020-01-23,YIELD_CURVE,0.23
2020-01-24,YIELD_CURVE,0.21
2020-01-27,YIELD_CURVE,0.17
2020-01-28,YIELD_CURVE,0.2
2020-01-29,YIELD_CURVE,0.18
2020-01-30,YIELD_CURVE,0.16
2020-01-31,YIELD_CURVE,0.18
2020-02-03,YIELD_CURVE,0.18
2020-02-04,YIELD_CURVE,0.2
2020-02-05,YIELD_CURVE,0.22
2020-02-06,YIELD_CURVE,0.21
2020-02-07,YIELD_CURVE,0.18
2020-02-10,YIELD_CURVE,0.19
2020-02-11,YIELD_CURVE,0.18
2020-02-12,YIELD_CURVE,0.18
2020-02-13,YIELD_CURVE,0.17
2020-02-14,YIELD_CURVE,0.17
2020-02-18,YIELD_CURVE,0.14
2020-02-19,YIELD_CURVE,0.14
2020-02-20,YIELD_CURVE,0.13
2020-02-21,YIELD_CURVE,0.12
2020-02-24,YIELD_CURVE,0.12
2020-02-25,YIELD_CURVE,0.13
2020-02-26,YIELD_CURVE,0.17
2020-02-27,YIELD_CURVE,0.19
2020-02-28,YIELD_CURVE,0.27
2020-03-02,YIELD_CURVE,0.26
2020-03-03,YIELD_CURVE,0.31
2020-03-04,YIELD_CURVE,0.35
2020-03-05,YIELD_CURVE,0.33
2020-03-06,YIELD_CURVE,0.25
2020-03-09,YIELD_CURVE,0.16
2020-03-10,YIELD_CURVE,0.26
2020-03-11,YIELD_CURVE,0.32
2020-03-12,YIELD_CURVE,0.38
2020-03-13,YIELD_CURVE,0.45
2020-03-16,YIELD_CURVE,0.37
2020-03-17,YIELD_CURVE,0.55
2020-03-18,YIELD_CURVE,0.64
2020-03-19,YIELD_CURVE,0.68
2020-03-20,YIELD_CURVE,0.55
2020-03-23,YIELD_CURVE,0.48
2020-03-24,YIELD_CURVE,0.46
2020-03-25,YIELD_CURVE,0.54
2020-03-26,YIELD_CURVE,0.53
2020-03-27,YIELD_CURVE,0.47
2020-03-30,YIELD_CURVE,0.47
2020-03-31,YIELD_CURVE,0.47
2020-04-01,YIELD_CURVE,0.39
2020-04-02,YIELD_CURVE,0.4
2020-04-03,YIELD_CURVE,0.39
2020-04-06,YIELD_CURVE,0.4
2020-04-07,YIELD_CURVE,0.47
2020-04-08,YIELD_CURVE,0.5
2020-04-09,YIELD_CURVE,0.5
2020-04-13,YIELD_CURVE,0.51
2020-04-14,YIELD_CURVE,0.53
2020-04-15,YIELD_CURVE,0.43
2020-04-16,YIELD_CURVE,0.41
2020-04-17,YIELD_CURVE,0.45
2020-04-20,YIELD_CURVE,0.43
2020-04-21,YIELD_CURVE,0.38
2020-04-22,YIELD_CURVE,0.41
2020-04-23,YIELD_CURVE,0.39
2020-04-24,YIELD_CURVE,0.38
2020-04-27,YIELD_CURVE,0.43
2020-04-28,YIELD_CURVE,0.42
2020-04-29,YIELD_CURVE,0.43
2020-04-30,YIELD_CURVE,0.44
2020-05-01,YIELD_CURVE,0.44
2020-05-04,YIELD_CURVE,0.45
2020-05-05,YIELD_CURVE,0.47
2020-05-06,YIELD_CURVE,0.55
2020-05-07,YIELD_CURVE,0.5
2020-05-08,YIELD_CURVE,0.53
2020-05-11,YIELD_CURVE,0.56
2020-05-12,YIELD_CURVE,0.52
2020-05-13,YIELD_CURVE,0.48
2020-05-14,YIELD_CURVE,0.47
2020-05-15,YIELD_CURVE,0.48
2020-05-18,YIELD_CURVE,0.55
2020-05-19,YIELD_CURVE,0.53
2020-05-20,YIELD_CURVE,0.52
2020-05-21,YIELD_CURVE,0.51
2020-05-22,YIELD_CURVE,0.49
2020-05-26,YIELD_CURVE,0.51
2020-05-27,YIELD_CURVE,0.49
2020-05-28,YIELD_CURVE,0.53
2020-05-29,YIELD_CURVE,0.49
2020-06-01,YIELD_CURVE,0.52
2020-06-02,YIELD_CURVE,0.51
2020-06-03,YIELD_CURVE,0.58
2020-06-04,YIELD_CURVE,0.63
2020-06-05,YIELD_CURVE,0.69
2020-06-08,YIELD_CURVE,0.66
2020-06-09,YIELD_CURVE,0.64
2020-06-10,YIELD_CURVE,0.58
2020-06-11,YIELD_CURVE,0.47
2020-06-12,YIELD_CURVE,0.52
2020-06-15,YIELD_CURVE,0.52
2020-06-16,YIELD_CURVE,0.54
2020-06-17,YIELD_CURVE,0.55
2020-06-18,YIELD_CURVE,0.52
2020-06-19,YIELD_CURVE,0.51
2020-06-22,YIELD_CURVE,0.52
2020-06-23,YIELD_CURVE,0.54
2020-06-24,YIELD_CURVE,0.5
2020-06-25,YIELD_CURVE,0.51
2020-06-26,YIELD_CURVE,0.47
2020-06-29,YIELD_CURVE,0.48
2020-06-30,YIELD_CURVE,0.5
2020-07-01,YIELD_CURVE,0.52
2020-07-02,YIELD_CURVE,0.52
2020-07-06,YIELD_CURVE,0.53
2020-07-07,YIELD_CURVE,0.49
2020-07-08,YIELD_CURVE,0.51
2020-07-09,YIELD_CURVE,0.46
2020-07-10,YIELD_CURVE,0.49
2020-07-13,YIELD_CURVE,0.48
2020-07-14,YIELD_CURVE,0.49
2020-07-15,YIELD_CURVE,0.48
2020-07-16,YIELD_CURVE,0.46
2020-07-17,YIELD_CURVE,0.5
2020-07-20,YIELD_CURVE,0.46
2020-07-21,YIELD_CURVE,0.47
2020-07-22,YIELD_CURVE,0.46
2020-07-23,YIELD_CURVE,0.43
2020-07-24,YIELD_CURVE,0.45
2020-07-27,YIELD_CURVE,0.47
2020-07-28,YIELD_CURVE,0.45
2020-07-29,YIELD_CURVE,0.46
2020-07-30,YIELD_CURVE,0.44
2020-07-31,YIELD_CURVE,0.44
2020-08-03,YIELD_CURVE,0.45
2020-08-04,YIELD_CURVE,0.41
2020-08-05,YIELD_CURVE,0.44
2020-08-06,YIELD_CURVE,0.44
2020-08-07,YIELD_CURVE,0.44
2020-08-10,YIELD_CURVE,0.45
2020-08-11,YIELD_CURVE,0.48
2020-08-12,YIELD_CURVE,0.53
2020-08-13,YIELD_CURVE,0.55
2020-08-14,YIELD_CURVE,0.57
2020-08-17,YIELD_CURVE,0.55
2020-08-18,YIELD_CURVE,0.53
2020-08-19,YIELD_CURVE,0.54
2020-08-20,YIELD_CURVE,0.52
2020-08-21,YIELD_CURVE,0.48
2020-08-24,YIELD_CURVE,0.51
2020-08-25,YIELD_CURVE,0.54
2020-08-26,YIELD_CURVE,0.53
2020-08-27,YIELD_CURVE,0.58
2020-08-28,YIELD_CURVE,0.6
2020-08-31,YIELD_CURVE,0.58
2020-09-01,YIELD_CURVE,0.55
2020-09-02,YIELD_CURVE,0.52
2020-09-03,YIELD_CURVE,0.5
2020-09-04,YIELD_CURVE,0.58
2020-09-08,YIELD_CURVE,0.55
2020-09-09,YIELD_CURVE,0.57
2020-09-10,YIELD_CURVE,0.54
2020-09-11,YIELD_CURVE,0.54
2020-09-14,YIELD_CURVE,0.54
2020-09-15,YIELD_CURVE,0.54
2020-09-16,YIELD_CURVE,0.55
2020-09-17,YIELD_CURVE,0.56
2020-09-18,YIELD_CURVE,0.56
2020-09-21,YIELD_CURVE,0.54
2020-09-22,YIELD_CURVE,0.55
2020-09-23,YIELD_CURVE,0.54
2020-09-24,YIELD_CURVE,0.53
2020-09-25,YIELD_CURVE,0.54
2020-09-28,YIELD_CURVE,0.53
2020-09-29,YIELD_CURVE,0.55
2020-09-30,YIELD_CURVE,0.56
2020-10-01,YIELD_CURVE,0.54
2020-10-02,YIELD_CURVE,0.57
2020-10-05,YIELD_CURVE,0.64
2020-10-06,YIELD_CURVE,0.62
2020-10-07,YIELD_CURVE,0.65
2020-10-08,YIELD_CURVE,0.65
2020-10-09,YIELD_CURVE,0.63
2020-10-13,YIELD_CURVE,0.58
2020-10-14,YIELD_CURVE,0.59
2020-10-15,YIELD_CURVE,0.6
2020-10-16,YIELD_CURVE,0.62
2020-10-19,YIELD_CURVE,0.62
2020-10-20,YIELD_CURVE,0.67
2020-10-21,YIELD_CURVE,0.69
2020-10-22,YIELD_CURVE,0.71
2020-10-23,YIELD_CURVE,0.67
2020-10-26,YIELD_CURVE,0.65
2020-10-27,YIELD_CURVE,0.63
2020-10-28,YIELD_CURVE,0.63
2020-10-29,YIELD_CURVE,0.69
2020-10-30,YIELD_CURVE,0.74
2020-11-02,YIELD_CURVE,0.71
2020-11-03,YIELD_CURVE,0.73
2020-11-04,YIELD_CURVE,0.64
2020-11-05,YIELD_CURVE,0.65
2020-11-06,YIELD_CURVE,0.67
2020-11-09,YIELD_CURVE,0.79
2020-11-10,YIELD_CURVE,0.79
2020-11-12,YIELD_CURVE,0.71
2020-11-13,YIELD_CURVE,0.72
2020-11-16,YIELD_CURVE,0.72
2020-11-17,YIELD_CURVE,0.69
2020-11-18,YIELD_CURVE,0.72
2020-11-19,YIELD_CURVE,0.68
2020-11-20,YIELD_CURVE,0.67
2020-11-23,YIELD_CURVE,0.7
2020-11-24,YIELD_CURVE,0.72
2020-11-25,YIELD_CURVE,0.71
2020-11-27,YIELD_CURVE,0.68
2020-11-30,YIELD_CURVE,0.68
2020-12-01,YIELD_CURVE,0.75
2020-12-02,YIELD_CURVE,0.79
2020-12-03,YIELD_CURVE,0.76
2020-12-04,YIELD_CURVE,0.81
2020-12-07,YIELD_CURVE,0.8
2020-12-08,YIELD_CURVE,0.78
2020-12-09,YIELD_CURVE,0.79
2020-12-10,YIELD_CURVE,0.78
2020-12-11,YIELD_CURVE,0.79
2020-12-14,YIELD_CURVE,0.77
2020-12-15,YIELD_CURVE,0.81
2020-12-16,YIELD_CURVE,0.79
2020-12-17,YIELD_CURVE,0.81
2020-12-18,YIELD_CURVE,0.82
2020-12-21,YIELD_CURVE,0.82
2020-12-22,YIELD_CURVE,0.8
2020-12-23,YIELD_CURVE,0.83
2020-12-24,YIELD_CURVE,0.81
2020-12-28,YIELD_CURVE,0.81
2020-12-29,YIELD_CURVE,0.82
2020-12-30,YIELD_CURVE,0.81
2020-12-31,YIELD_CURVE,0.8
2021-01-04,YIELD_CURVE,0.82
2021-01-05,YIELD_CURVE,0.83
2021-01-06,YIELD_CURVE,0.9
2021-01-07,YIELD_CURVE,0.94
2021-01-08,YIELD_CURVE,0.99
2021-01-11,YIELD_CURVE,1.01
2021-01-12,YIELD_CURVE,1.01
2021-01-13,YIELD_CURVE,0.96
2021-01-14,YIELD_CURVE,0.99
2021-01-15,YIELD_CURVE,0.98
2021-01-19,YIELD_CURVE,0.96
2021-01-20,YIELD_CURVE,0.97
2021-01-21,YIELD_CURVE,0.99
2021-01-22,YIELD_CURVE,0.97
2021-01-25,YIELD_CURVE,0.92
2021-01-26,YIELD_CURVE,0.94
2021-01-27,YIELD_CURVE,0.92
2021-01-28,YIELD_CURVE,0.95
2021-01-29,YIELD_CURVE,1.0
2021-02-01,YIELD_CURVE,0.98
2021-02-02,YIELD_CURVE,1.01
2021-02-03,YIELD_CURVE,1.04
2021-02-04,YIELD_CURVE,1.04
2021-02-05,YIELD_CURVE,1.1
2021-02-08,YIELD_CURVE,1.08
2021-02-09,YIELD_CURVE,1.07
2021-02-10,YIELD_CURVE,1.04
2021-02-11,YIELD_CURVE,1.05
2021-02-12,YIELD_CURVE,1.09
2021-02-16,YIELD_CURVE,1.17
2021-02-17,YIELD_CURVE,1.18
2021-02-18,YIELD_CURVE,1.18
2021-02-19,YIELD_CURVE,1.23
2021-02-22,YIELD_CURVE,1.26
2021-02-23,YIELD_CURVE,1.26
2021-02-24,YIELD_CURVE,1.26
2021-02-25,YIELD_CURVE,1.37
2021-02-26,YIELD_CURVE,1.3
2021-03-01,YIELD_CURVE,1.32
2021-03-02,YIELD_CURVE,1.29
2021-03-03,YIELD_CURVE,1.33
2021-03-04,YIELD_CURVE,1.4
2021-03-05,YIELD_CURVE,1.42
2021-03-08,YIELD_CURVE,1.42
2021-03-09,YIELD_CURVE,1.38
2021-03-10,YIELD_CURVE,1.37
2021-03-11,YIELD_CURVE,1.4
2021-03-12,YIELD_CURVE,1.5
2021-03-15,YIELD_CURVE,1.48
2021-03-16,YIELD_CURVE,1.47
2021-03-17,YIELD_CURVE,1.5
2021-03-18,YIELD_CURVE,1.55
2021-03-19,YIELD_CURVE,1.58
2021-03-22,YIELD_CURVE,1.54
2021-03-23,YIELD_CURVE,1.48
2021-03-24,YIELD_CURVE,1.48
2021-03-25,YIELD_CURVE,1.49
2021-03-26,YIELD_CURVE,1.53
2021-03-29,YIELD_CURVE,1.59
2021-03-30,YIELD_CURVE,1.57
2021-03-31,YIELD_CURVE,1.58
2021-04-01,YIELD_CURVE,1.52
2021-04-02,YIELD_CURVE,1.53
2021-04-05,YIELD_CURVE,1.56
2021-04-06,YIELD_CURVE,1.51
2021-04-07,YIELD_CURVE,1.52
2021-04-08,YIELD_CURVE,1.5
2021-04-09,YIELD_CURVE,1.51
2021-04-12,YIELD_CURVE,1.51
2021-04-13,YIELD_CURVE,1.48
2021-04-14,YIELD_CURVE,1.48
2021-04-15,YIELD_CURVE,1.4
2021-04-16,YIELD_CURVE,1.43
2021-04-19,YIELD_CURVE,1.45
2021-04-20,YIELD_CURVE,1.43
2021-04-21,YIELD_CURVE,1.42
2021-04-22,YIELD_CURVE,1.41
2021-04-23,YIELD_CURVE,1.42
2021-04-26,YIELD_CURVE,1.4
2021-04-27,YIELD_CURVE,1.46
2021-04-28,YIELD_CURVE,1.46
2021-04-29,YIELD_CURVE,1.49
2021-04-30,YIELD_CURVE,1.49
2021-05-03,YIELD_CURVE,1.47
2021-05-04,YIELD_CURVE,1.45
2021-05-05,YIELD_CURVE,1.43
2021-05-06,YIELD_CURVE,1.42
2021-05-07,YIELD_CURVE,1.46
2021-05-10,YIELD_CURVE,1.47
2021-05-11,YIELD_CURVE,1.48
2021-05-12,YIELD_CURVE,1.53
2021-05-13,YIELD_CURVE,1.5
2021-05-14,YIELD_CURVE,1.47
2021-05-17,YIELD_CURVE,1.48
2021-05-18,YIELD_CURVE,1.48
2021-05-19,YIELD_CURVE,1.52
2021-05-20,YIELD_CURVE,1.48
2021-05-21,YIELD_CURVE,1.46
2021-05-24,YIELD_CURVE,1.46
2021-05-25,YIELD_CURVE,1.41
2021-05-26,YIELD_CURVE,1.44
2021-05-27,YIELD_CURVE,1.47
2021-05-28,YIELD_CURVE,1.44
2021-06-01,YIELD_CURVE,1.46
2021-06-02,YIELD_CURVE,1.46
2021-06-03,YIELD_CURVE,1.47
2021-06-04,YIELD_CURVE,1.42
2021-06-07,YIELD_CURVE,1.41
2021-06-08,YIELD_CURVE,1.39
2021-06-09,YIELD_CURVE,1.34
2021-06-10,YIELD_CURVE,1.31
2021-06-11,YIELD_CURVE,1.31
2021-06-14,YIELD_CURVE,1.35
2021-06-15,YIELD_CURVE,1.35
2021-06-16,YIELD_CURVE,1.36
2021-06-17,YIELD_CURVE,1.29
2021-06-18,YIELD_CURVE,1.19
2021-06-21,YIELD_CURVE,1.23
2021-06-22,YIELD_CURVE,1.23
2021-06-23,YIELD_CURVE,1.24
2021-06-24,YIELD_CURVE,1.23
2021-06-25,YIELD_CURVE,1.26
2021-06-28,YIELD_CURVE,1.24
2021-06-29,YIELD_CURVE,1.22
2021-06-30,YIELD_CURVE,1.2
2021-07-01,YIELD_CURVE,1.23
2021-07-02,YIELD_CURVE,1.2
2021-07-06,YIELD_CURVE,1.15
2021-07-07,YIELD_CURVE,1.11
2021-07-08,YIELD_CURVE,1.11
2021-07-09,YIELD_CURVE,1.14
2021-07-12,YIELD_CURVE,1.15
2021-07-13,YIELD_CURVE,1.16
2021-07-14,YIELD_CURVE,1.14
2021-07-15,YIELD_CURVE,1.08
2021-07-16,YIELD_CURVE,1.06
2021-07-19,YIELD_CURVE,0.98
2021-07-20,YIELD_CURVE,1.03
2021-07-21,YIELD_CURVE,1.08
2021-07-22,YIELD_CURVE,1.07
2021-07-23,YIELD_CURVE,1.08
2021-07-26,YIELD_CURVE,1.07
2021-07-27,YIELD_CURVE,1.05
2021-07-28,YIELD_CURVE,1.06
2021-07-29,YIELD_CURVE,1.08
2021-07-30,YIELD_CURVE,1.05
2021-08-02,YIELD_CURVE,1.03
2021-08-03,YIELD_CURVE,1.02
2021-08-04,YIELD_CURVE,1.02
2021-08-05,YIELD_CURVE,1.02
2021-08-06,YIELD_CURVE,1.1
2021-08-09,YIELD_CURVE,1.1
2021-08-10,YIELD_CURVE,1.12
2021-08-11,YIELD_CURVE,1.12
2021-08-12,YIELD_CURVE,1.13
2021-08-13,YIELD_CURVE,1.06
2021-08-16,YIELD_CURVE,1.05
2021-08-17,YIELD_CURVE,1.03
2021-08-18,YIELD_CURVE,1.04
2021-08-19,YIELD_CURVE,1.02
2021-08-20,YIELD_CURVE,1.03
2021-08-23,YIELD_CURVE,1.02
2021-08-24,YIELD_CURVE,1.05
2021-08-25,YIELD_CURVE,1.12
2021-08-26,YIELD_CURVE,1.09
2021-08-27,YIELD_CURVE,1.09
2021-08-30,YIELD_CURVE,1.09
2021-08-31,YIELD_CURVE,1.1
2021-09-01,YIELD_CURVE,1.11
2021-09-02,YIELD_CURVE,1.09
2021-09-03,YIELD_CURVE,1.12
2021-09-07,YIELD_CURVE,1.16
2021-09-08,YIELD_CURVE,1.13
2021-09-09,YIELD_CURVE,1.07
2021-09-10,YIELD_CURVE,1.12
2021-09-13,YIELD_CURVE,1.12
2021-09-14,YIELD_CURVE,1.07
2021-09-15,YIELD_CURVE,1.1
2021-09-16,YIELD_CURVE,1.11
2021-09-17,YIELD_CURVE,1.14
2021-09-20,YIELD_CURVE,1.08
2021-09-21,YIELD_CURVE,1.11
2021-09-22,YIELD_CURVE,1.07
2021-09-23,YIELD_CURVE,1.14
2021-09-24,YIELD_CURVE,1.18
2021-09-27,YIELD_CURVE,1.17
2021-09-28,YIELD_CURVE,1.23
2021-09-29,YIELD_CURVE,1.25
2021-09-30,YIELD_CURVE,1.24
2021-10-01,YIELD_CURVE,1.21
2021-10-04,YIELD_CURVE,1.22
2021-10-05,YIELD_CURVE,1.26
2021-10-06,YIELD_CURVE,1.23
2021-10-07,YIELD_CURVE,1.26
2021-10-08,YIELD_CURVE,1.29
2021-10-12,YIELD_CURVE,1.24
2021-10-13,YIELD_CURVE,1.19
2021-10-14,YIELD_CURVE,1.16
2021-10-15,YIELD_CURVE,1.18
2021-10-18,YIELD_CURVE,1.15
2021-10-19,YIELD_CURVE,1.24
2021-10-20,YIELD_CURVE,1.25
2021-10-21,YIELD_CURVE,1.23
2021-10-22,YIELD_CURVE,1.18
2021-10-25,YIELD_CURVE,1.17
2021-10-26,YIELD_CURVE,1.16
2021-10-27,YIELD_CURVE,1.04
2021-10-28,YIELD_CURVE,1.07
2021-10-29,YIELD_CURVE,1.07
2021-11-01,YIELD_CURVE,1.08
2021-11-02,YIELD_CURVE,1.1
2021-11-03,YIELD_CURVE,1.13
2021-11-04,YIELD_CURVE,1.12
2021-11-05,YIELD_CURVE,1.06
2021-11-08,YIELD_CURVE,1.06
2021-11-09,YIELD_CURVE,1.05
2021-11-10,YIELD_CURVE,1.05
2021-11-12,YIELD_CURVE,1.05
2021-11-15,YIELD_CURVE,1.1
2021-11-16,YIELD_CURVE,1.09
2021-11-17,YIELD_CURVE,1.08
2021-11-18,YIELD_CURVE,1.07
2021-11-19,YIELD_CURVE,1.02
2021-11-22,YIELD_CURVE,1.0
2021-11-23,YIELD_CURVE,1.07
2021-11-24,YIELD_CURVE,1.0
2021-11-26,YIELD_CURVE,0.98
2021-11-29,YIELD_CURVE,1.01
2021-11-30,YIELD_CURVE,0.91
2021-12-01,YIELD_CURVE,0.87
2021-12-02,YIELD_CURVE,0.81
2021-12-03,YIELD_CURVE,0.75
2021-12-06,YIELD_CURVE,0.78
2021-12-07,YIELD_CURVE,0.78
2021-12-08,YIELD_CURVE,0.84
2021-12-09,YIELD_CURVE,0.79
2021-12-10,YIELD_CURVE,0.81
2021-12-13,YIELD_CURVE,0.76
2021-12-14,YIELD_CURVE,0.77
2021-12-15,YIELD_CURVE,0.78
2021-12-16,YIELD_CURVE,0.8
2021-12-17,YIELD_CURVE,0.75
2021-12-20,YIELD_CURVE,0.78
2021-12-21,YIELD_CURVE,0.78
2021-12-22,YIELD_CURVE,0.78
2021-12-23,YIELD_CURVE,0.79
2021-12-27,YIELD_CURVE,0.72
2021-12-28,YIELD_CURVE,0.75
2021-12-29,YIELD_CURVE,0.8
2021-12-30,YIELD_CURVE,0.79
2021-12-31,YIELD_CURVE,0.79
2022-01-03,YIELD_CURVE,0.85
2022-01-04,YIELD_CURVE,0.89
2022-01-05,YIELD_CURVE,0.88
2022-01-06,YIELD_CURVE,0.85
2022-01-07,YIELD_CURVE,0.89
2022-01-10,YIELD_CURVE,0.86
2022-01-11,YIELD_CURVE,0.85
2022-01-12,YIELD_CURVE,0.82
2022-01-13,YIELD_CURVE,0.79
2022-01-14,YIELD_CURVE,0.79
2022-01-18,YIELD_CURVE,0.81
2022-01-19,YIELD_CURVE,0.79
2022-01-20,YIELD_CURVE,0.75
2022-01-21,YIELD_CURVE,0.74
2022-01-24,YIELD_CURVE,0.76
2022-01-25,YIELD_CURVE,0.76
2022-01-26,YIELD_CURVE,0.72
2022-01-27,YIELD_CURVE,0.63
2022-01-28,YIELD_CURVE,0.63
2022-01-31,YIELD_CURVE,0.61
2022-02-01,YIELD_CURVE,0.63
2022-02-02,YIELD_CURVE,0.62
2022-02-03,YIELD_CURVE,0.63
2022-02-04,YIELD_CURVE,0.62
2022-02-07,YIELD_CURVE,0.62
2022-02-08,YIELD_CURVE,0.61
2022-02-09,YIELD_CURVE,0.58
2022-02-10,YIELD_CURVE,0.42
2022-02-11,YIELD_CURVE,0.42
2022-02-14,YIELD_CURVE,0.4
2022-02-15,YIELD_CURVE,0.47
2022-02-16,YIELD_CURVE,0.51
2022-02-17,YIELD_CURVE,0.48
2022-02-18,YIELD_CURVE,0.45
2022-02-22,YIELD_CURVE,0.38
2022-02-23,YIELD_CURVE,0.41
2022-02-24,YIELD_CURVE,0.42
2022-02-25,YIELD_CURVE,0.42
2022-02-28,YIELD_CURVE,0.39
2022-03-01,YIELD_CURVE,0.41
2022-03-02,YIELD_CURVE,0.36
2022-03-03,YIELD_CURVE,0.33
2022-03-04,YIELD_CURVE,0.24
2022-03-07,YIELD_CURVE,0.23
2022-03-08,YIELD_CURVE,0.23
2022-03-09,YIELD_CURVE,0.26
2022-03-10,YIELD_CURVE,0.26
2022-03-11,YIELD_CURVE,0.25
2022-03-14,YIELD_CURVE,0.27
2022-03-15,YIELD_CURVE,0.3
2022-03-16,YIELD_CURVE,0.24
2022-03-17,YIELD_CURVE,0.26
2022-03-18,YIELD_CURVE,0.17
2022-03-21,YIELD_CURVE,0.18
2022-03-22,YIELD_CURVE,0.2
2022-03-23,YIELD_CURVE,0.19
2022-03-24,YIELD_CURVE,0.21
2022-03-25,YIELD_CURVE,0.18
2022-03-28,YIELD_CURVE,0.11
2022-03-29,YIELD_CURVE,0.06
2022-03-30,YIELD_CURVE,0.04
2022-03-31,YIELD_CURVE,0.04
2022-04-01,YIELD_CURVE,-0.05
2022-04-04,YIELD_CURVE,-0.01
2022-04-05,YIELD_CURVE,0.03
2022-04-06,YIELD_CURVE,0.11
2022-04-07,YIELD_CURVE,0.19
2022-04-08,YIELD_CURVE,0.19
2022-04-11,YIELD_CURVE,0.29
2022-04-12,YIELD_CURVE,0.33
2022-04-13,YIELD_CURVE,0.33
2022-04-14,YIELD_CURVE,0.36
2022-04-18,YIELD_CURVE,0.39
2022-04-19,YIELD_CURVE,0.32
2022-04-20,YIELD_CURVE,0.25
2022-04-21,YIELD_CURVE,0.22
2022-04-22,YIELD_CURVE,0.18
2022-04-25,YIELD_CURVE,0.18
2022-04-26,YIELD_CURVE,0.23
2022-04-27,YIELD_CURVE,0.24
2022-04-28,YIELD_CURVE,0.22
2022-04-29,YIELD_CURVE,0.19
2022-05-02,YIELD_CURVE,0.26
2022-05-03,YIELD_CURVE,0.19
2022-05-04,YIELD_CURVE,0.27
2022-05-05,YIELD_CURVE,0.34
2022-05-06,YIELD_CURVE,0.4
2022-05-09,YIELD_CURVE,0.44
2022-05-10,YIELD_CURVE,0.37
2022-05-11,YIELD_CURVE,0.25
2022-05-12,YIELD_CURVE,0.28
2022-05-13,YIELD_CURVE,0.32
2022-05-16,YIELD_CURVE,0.3
2022-05-17,YIELD_CURVE,0.27
2022-05-18,YIELD_CURVE,0.21
2022-05-19,YIELD_CURVE,0.21
2022-05-20,YIELD_CURVE,0.18
2022-05-23,YIELD_CURVE,0.21
2022-05-24,YIELD_CURVE,0.26
2022-05-25,YIELD_CURVE,0.27
2022-05-26,YIELD_CURVE,0.29
2022-05-27,YIELD_CURVE,0.27
2022-05-31,YIELD_CURVE,0.32
2022-06-01,YIELD_CURVE,0.28
2022-06-02,YIELD_CURVE,0.27
2022-06-03,YIELD_CURVE,0.3
2022-06-06,YIELD_CURVE,0.31
2022-06-07,YIELD_CURVE,0.23
2022-06-08,YIELD_CURVE,0.25
2022-06-09,YIELD_CURVE,0.21
2022-06-10,YIELD_CURVE,0.09
2022-06-13,YIELD_CURVE,0.03
2022-06-14,YIELD_CURVE,0.04
2022-06-15,YIELD_CURVE,0.13
2022-06-16,YIELD_CURVE,0.14
2022-06-17,YIELD_CURVE,0.08
2022-06-21,YIELD_CURVE,0.1
2022-06-22,YIELD_CURVE,0.1
2022-06-23,YIELD_CURVE,0.08
2022-06-24,YIELD_CURVE,0.09
2022-06-27,YIELD_CURVE,0.12
2022-06-28,YIELD_CURVE,0.1
2022-06-29,YIELD_CURVE,0.04
2022-06-30,YIELD_CURVE,0.06
2022-07-01,YIELD_CURVE,0.04
2022-07-05,YIELD_CURVE,0.0
2022-07-06,YIELD_CURVE,-0.04
2022-07-07,YIELD_CURVE,-0.02
2022-07-08,YIELD_CURVE,-0.03
2022-07-11,YIELD_CURVE,-0.08
2022-07-12,YIELD_CURVE,-0.07
2022-07-13,YIELD_CURVE,-0.22
2022-07-14,YIELD_CURVE,-0.19
2022-07-15,YIELD_CURVE,-0.2
2022-07-18,YIELD_CURVE,-0.19
2022-07-19,YIELD_CURVE,-0.22
2022-07-20,YIELD_CURVE,-0.21
2022-07-21,YIELD_CURVE,-0.19
2022-07-22,YIELD_CURVE,-0.21
2022-07-25,YIELD_CURVE,-0.19
2022-07-26,YIELD_CURVE,-0.21
2022-07-27,YIELD_CURVE,-0.18
2022-07-28,YIELD_CURVE,-0.17
2022-07-29,YIELD_CURVE,-0.22
2022-08-01,YIELD_CURVE,-0.3
2022-08-02,YIELD_CURVE,-0.31
2022-08-03,YIELD_CURVE,-0.37
2022-08-04,YIELD_CURVE,-0.35
2022-08-05,YIELD_CURVE,-0.41
2022-08-08,YIELD_CURVE,-0.44
2022-08-09,YIELD_CURVE,-0.48
2022-08-10,YIELD_CURVE,-0.45
2022-08-11,YIELD_CURVE,-0.36
2022-08-12,YIELD_CURVE,-0.41
2022-08-15,YIELD_CURVE,-0.41
2022-08-16,YIELD_CURVE,-0.43
2022-08-17,YIELD_CURVE,-0.39
2022-08-18,YIELD_CURVE,-0.34
2022-08-19,YIELD_CURVE,-0.27
2022-08-22,YIELD_CURVE,-0.29
2022-08-23,YIELD_CURVE,-0.24
2022-08-24,YIELD_CURVE,-0.25
2022-08-25,YIELD_CURVE,-0.32
2022-08-26,YIELD_CURVE,-0.33
2022-08-29,YIELD_CURVE,-0.3
2022-08-30,YIELD_CURVE,-0.35
2022-08-31,YIELD_CURVE,-0.3
2022-09-01,YIELD_CURVE,-0.25
2022-09-02,YIELD_CURVE,-0.2
2022-09-06,YIELD_CURVE,-0.17
2022-09-07,YIELD_CURVE,-0.18
2022-09-08,YIELD_CURVE,-0.19
2022-09-09,YIELD_CURVE,-0.23
2022-09-12,YIELD_CURVE,-0.21
2022-09-13,YIELD_CURVE,-0.33
2022-09-14,YIELD_CURVE,-0.37
2022-09-15,YIELD_CURVE,-0.42
2022-09-16,YIELD_CURVE,-0.4
2022-09-19,YIELD_CURVE,-0.46
2022-09-20,YIELD_CURVE,-0.39
2022-09-21,YIELD_CURVE,-0.51
2022-09-22,YIELD_CURVE,-0.41
2022-09-23,YIELD_CURVE,-0.51
2022-09-26,YIELD_CURVE,-0.39
2022-09-27,YIELD_CURVE,-0.33
2022-09-28,YIELD_CURVE,-0.35
2022-09-29,YIELD_CURVE,-0.4
2022-09-30,YIELD_CURVE,-0.39
2022-10-03,YIELD_CURVE,-0.45
2022-10-04,YIELD_CURVE,-0.48
2022-10-05,YIELD_CURVE,-0.39
2022-10-06,YIELD_CURVE,-0.4
2022-10-07,YIELD_CURVE,-0.41
2022-10-11,YIELD_CURVE,-0.37
2022-10-12,YIELD_CURVE,-0.37
2022-10-13,YIELD_CURVE,-0.5
2022-10-14,YIELD_CURVE,-0.48
2022-10-17,YIELD_CURVE,-0.43
2022-10-18,YIELD_CURVE,-0.42
2022-10-19,YIELD_CURVE,-0.41
2022-10-20,YIELD_CURVE,-0.38
2022-10-21,YIELD_CURVE,-0.28
2022-10-24,YIELD_CURVE,-0.25
2022-10-25,YIELD_CURVE,-0.32
2022-10-26,YIELD_CURVE,-0.35
2022-10-27,YIELD_CURVE,-0.34
2022-10-28,YIELD_CURVE,-0.39
2022-10-31,YIELD_CURVE,-0.41
2022-11-01,YIELD_CURVE,-0.47
2022-11-02,YIELD_CURVE,-0.51
2022-11-03,YIELD_CURVE,-0.57
2022-11-04,YIELD_CURVE,-0.49
2022-11-07,YIELD_CURVE,-0.5
2022-11-08,YIELD_CURVE,-0.53
2022-11-09,YIELD_CURVE,-0.49
2022-11-10,YIELD_CURVE,-0.52
2022-11-14,YIELD_CURVE,-0.52
2022-11-15,YIELD_CURVE,-0.57
2022-11-16,YIELD_CURVE,-0.68
2022-11-17,YIELD_CURVE,-0.66
2022-11-18,YIELD_CURVE,-0.69
2022-11-21,YIELD_CURVE,-0.65
2022-11-22,YIELD_CURVE,-0.71
2022-11-23,YIELD_CURVE,-0.75
2022-11-25,YIELD_CURVE,-0.74
2022-11-28,YIELD_CURVE,-0.77
2022-11-29,YIELD_CURVE,-0.73
2022-11-30,YIELD_CURVE,-0.7
2022-12-01,YIELD_CURVE,-0.72
2022-12-02,YIELD_CURVE,-0.77
2022-12-05,YIELD_CURVE,-0.81
2022-12-06,YIELD_CURVE,-0.83
2022-12-07,YIELD_CURVE,-0.84
2022-12-08,YIELD_CURVE,-0.83
2022-12-09,YIELD_CURVE,-0.76
2022-12-12,YIELD_CURVE,-0.78
2022-12-13,YIELD_CURVE,-0.71
2022-12-14,YIELD_CURVE,-0.74
2022-12-15,YIELD_CURVE,-0.79
2022-12-16,YIELD_CURVE,-0.69
2022-12-19,YIELD_CURVE,-0.68
2022-12-20,YIELD_CURVE,-0.56
2022-12-21,YIELD_CURVE,-0.53
2022-12-22,YIELD_CURVE,-0.57
2022-12-23,YIELD_CURVE,-0.56
2022-12-27,YIELD_CURVE,-0.48
2022-12-28,YIELD_CURVE,-0.43
2022-12-29,YIELD_CURVE,-0.51
2022-12-30,YIELD_CURVE,-0.53
2023-01-03,YIELD_CURVE,-0.61
2023-01-04,YIELD_CURVE,-0.67
2023-01-05,YIELD_CURVE,-0.74
2023-01-06,YIELD_CURVE,-0.69
2023-01-09,YIELD_CURVE,-0.66
2023-01-10,YIELD_CURVE,-0.63
2023-01-11,YIELD_CURVE,-0.66
2023-01-12,YIELD_CURVE,-0.69
2023-01-13,YIELD_CURVE,-0.73
2023-01-17,YIELD_CURVE,-0.65
2023-01-18,YIELD_CURVE,-0.69
2023-01-19,YIELD_CURVE,-0.7
2023-01-20,YIELD_CURVE,-0.66
2023-01-23,YIELD_CURVE,-0.69
2023-01-24,YIELD_CURVE,-0.66
2023-01-25,YIELD_CURVE,-0.65
2023-01-26,YIELD_CURVE,-0.68
2023-01-27,YIELD_CURVE,-0.67
2023-01-30,YIELD_CURVE,-0.7
2023-01-31,YIELD_CURVE,-0.69
2023-02-01,YIELD_CURVE,-0.7
2023-02-02,YIELD_CURVE,-0.69
2023-02-03,YIELD_CURVE,-0.77
2023-02-06,YIELD_CURVE,-0.81
2023-02-07,YIELD_CURVE,-0.8
2023-02-08,YIELD_CURVE,-0.82
2023-02-09,YIELD_CURVE,-0.81
2023-02-10,YIELD_CURVE,-0.76
2023-02-13,YIELD_CURVE,-0.8
2023-02-14,YIELD_CURVE,-0.83
2023-02-15,YIELD_CURVE,-0.81
2023-02-16,YIELD_CURVE,-0.76
2023-02-17,YIELD_CURVE,-0.78
2023-02-21,YIELD_CURVE,-0.72
2023-02-22,YIELD_CURVE,-0.73
2023-02-23,YIELD_CURVE,-0.78
2023-02-24,YIELD_CURVE,-0.83
2023-02-27,YIELD_CURVE,-0.86
2023-02-28,YIELD_CURVE,-0.89
2023-03-01,YIELD_CURVE,-0.88
2023-03-02,YIELD_CURVE,-0.81
2023-03-03,YIELD_CURVE,-0.89
2023-03-06,YIELD_CURVE,-0.91
2023-03-07,YIELD_CURVE,-1.03
2023-03-08,YIELD_CURVE,-1.07
2023-03-09,YIELD_CURVE,-0.97
2023-03-10,YIELD_CURVE,-0.9
2023-03-13,YIELD_CURVE,-0.48
2023-03-14,YIELD_CURVE,-0.56
2023-03-15,YIELD_CURVE,-0.42
2023-03-16,YIELD_CURVE,-0.58
2023-03-17,YIELD_CURVE,-0.42
2023-03-20,YIELD_CURVE,-0.45
2023-03-21,YIELD_CURVE,-0.58
2023-03-22,YIELD_CURVE,-0.48
2023-03-23,YIELD_CURVE,-0.38
2023-03-24,YIELD_CURVE,-0.38
2023-03-27,YIELD_CURVE,-0.41
2023-03-28,YIELD_CURVE,-0.47
2023-03-29,YIELD_CURVE,-0.51
2023-03-30,YIELD_CURVE,-0.55
2023-03-31,YIELD_CURVE,-0.58
2023-04-03,YIELD_CURVE,-0.54
2023-04-04,YIELD_CURVE,-0.49
2023-04-05,YIELD_CURVE,-0.49
2023-04-06,YIELD_CURVE,-0.52
2023-04-07,YIELD_CURVE,-0.58
2023-04-10,YIELD_CURVE,-0.59
2023-04-11,YIELD_CURVE,-0.6
2023-04-12,YIELD_CURVE,-0.54
2023-04-13,YIELD_CURVE,-0.51
2023-04-14,YIELD_CURVE,-0.56
2023-04-17,YIELD_CURVE,-0.58
2023-04-18,YIELD_CURVE,-0.61
2023-04-19,YIELD_CURVE,-0.64
2023-04-20,YIELD_CURVE,-0.6
2023-04-21,YIELD_CURVE,-0.6
2023-04-24,YIELD_CURVE,-0.6
2023-04-25,YIELD_CURVE,-0.46
2023-04-26,YIELD_CURVE,-0.47
2023-04-27,YIELD_CURVE,-0.54
2023-04-28,YIELD_CURVE,-0.6
2023-05-01,YIELD_CURVE,-0.55
2023-05-02,YIELD_CURVE,-0.53
2023-05-03,YIELD_CURVE,-0.51
2023-05-04,YIELD_CURVE,-0.38
2023-05-05,YIELD_CURVE,-0.48
2023-05-08,YIELD_CURVE,-0.48
2023-05-09,YIELD_CURVE,-0.48
2023-05-10,YIELD_CURVE,-0.47
2023-05-11,YIELD_CURVE,-0.5
2023-05-12,YIELD_CURVE,-0.52
2023-05-15,YIELD_CURVE,-0.49
2023-05-16,YIELD_CURVE,-0.52
2023-05-17,YIELD_CURVE,-0.55
2023-05-18,YIELD_CURVE,-0.59
2023-05-19,YIELD_CURVE,-0.58
2023-05-22,YIELD_CURVE,-0.57
2023-05-23,YIELD_CURVE,-0.56
2023-05-24,YIELD_CURVE,-0.58
2023-05-25,YIELD_CURVE,-0.67
2023-05-26,YIELD_CURVE,-0.74
2023-05-30,YIELD_CURVE,-0.77
2023-05-31,YIELD_CURVE,-0.76
2023-06-01,YIELD_CURVE,-0.72
2023-06-02,YIELD_CURVE,-0.81
2023-06-05,YIELD_CURVE,-0.77
2023-06-06,YIELD_CURVE,-0.81
2023-06-07,YIELD_CURVE,-0.77
2023-06-08,YIELD_CURVE,-0.79
2023-06-09,YIELD_CURVE,-0.84
2023-06-12,YIELD_CURVE,-0.82
2023-06-13,YIELD_CURVE,-0.83
2023-06-14,YIELD_CURVE,-0.91
2023-06-15,YIELD_CURVE,-0.9
2023-06-16,YIELD_CURVE,-0.93
2023-06-20,YIELD_CURVE,-0.94
2023-06-21,YIELD_CURVE,-0.96
2023-06-22,YIELD_CURVE,-0.97
2023-06-23,YIELD_CURVE,-0.97
2023-06-26,YIELD_CURVE,-0.93
2023-06-27,YIELD_CURVE,-0.97
2023-06-28,YIELD_CURVE,-1.0
2023-06-29,YIELD_CURVE,-1.02
2023-06-30,YIELD_CURVE,-1.06
2023-07-03,YIELD_CURVE,-1.08
2023-07-05,YIELD_CURVE,-0.99
2023-07-06,YIELD_CURVE,-0.94
2023-07-07,YIELD_CURVE,-0.88
2023-07-10,YIELD_CURVE,-0.84
2023-07-11,YIELD_CURVE,-0.89
2023-07-12,YIELD_CURVE,-0.86
2023-07-13,YIELD_CURVE,-0.83
2023-07-14,YIELD_CURVE,-0.91
2023-07-17,YIELD_CURVE,-0.93
2023-07-18,YIELD_CURVE,-0.94
2023-07-19,YIELD_CURVE,-0.99
2023-07-20,YIELD_CURVE,-0.95
2023-07-21,YIELD_CURVE,-0.98
2023-07-24,YIELD_CURVE,-0.95
2023-07-25,YIELD_CURVE,-0.94
2023-07-26,YIELD_CURVE,-0.96
2023-07-27,YIELD_CURVE,-0.9
2023-07-28,YIELD_CURVE,-0.91
2023-07-31,YIELD_CURVE,-0.91
2023-08-01,YIELD_CURVE,-0.87
2023-08-02,YIELD_CURVE,-0.8
2023-08-03,YIELD_CURVE,-0.7
2023-08-04,YIELD_CURVE,-0.73
2023-08-07,YIELD_CURVE,-0.67
2023-08-08,YIELD_CURVE,-0.72
2023-08-09,YIELD_CURVE,-0.79
2023-08-10,YIELD_CURVE,-0.73
2023-08-11,YIELD_CURVE,-0.73
2023-08-14,YIELD_CURVE,-0.77
2023-08-15,YIELD_CURVE,-0.71
2023-08-16,YIELD_CURVE,-0.69
2023-08-17,YIELD_CURVE,-0.64
2023-08-18,YIELD_CURVE,-0.66
2023-08-21,YIELD_CURVE,-0.63
2023-08-22,YIELD_CURVE,-0.68
2023-08-23,YIELD_CURVE,-0.76
2023-08-24,YIELD_CURVE,-0.75
2023-08-25,YIELD_CURVE,-0.78
2023-08-28,YIELD_CURVE,-0.78
2023-08-29,YIELD_CURVE,-0.75
2023-08-30,YIELD_CURVE,-0.78
2023-08-31,YIELD_CURVE,-0.76
2023-09-01,YIELD_CURVE,-0.69
2023-09-05,YIELD_CURVE,-0.67
2023-09-06,YIELD_CURVE,-0.71
2023-09-07,YIELD_CURVE,-0.67
2023-09-08,YIELD_CURVE,-0.72
2023-09-11,YIELD_CURVE,-0.68
2023-09-12,YIELD_CURVE,-0.71
2023-09-13,YIELD_CURVE,-0.71
2023-09-14,YIELD_CURVE,-0.71
2023-09-15,YIELD_CURVE,-0.69
2023-09-18,YIELD_CURVE,-0.73
2023-09-19,YIELD_CURVE,-0.71
2023-09-20,YIELD_CURVE,-0.77
2023-09-21,YIELD_CURVE,-0.63
2023-09-22,YIELD_CURVE,-0.66
2023-09-25,YIELD_CURVE,-0.54
2023-09-26,YIELD_CURVE,-0.48
2023-09-27,YIELD_CURVE,-0.49
2023-09-28,YIELD_CURVE,-0.45
2023-09-29,YIELD_CURVE,-0.44
2023-10-02,YIELD_CURVE,-0.43
2023-10-03,YIELD_CURVE,-0.34
2023-10-04,YIELD_CURVE,-0.32
2023-10-05,YIELD_CURVE,-0.31
2023-10-06,YIELD_CURVE,-0.3
2023-10-10,YIELD_CURVE,-0.3
2023-10-11,YIELD_CURVE,-0.41
2023-10-12,YIELD_CURVE,-0.36
2023-10-13,YIELD_CURVE,-0.41
2023-10-16,YIELD_CURVE,-0.38
2023-10-17,YIELD_CURVE,-0.36
2023-10-18,YIELD_CURVE,-0.28
2023-10-19,YIELD_CURVE,-0.16
2023-10-20,YIELD_CURVE,-0.14
2023-10-23,YIELD_CURVE,-0.19
2023-10-24,YIELD_CURVE,-0.19
2023-10-25,YIELD_CURVE,-0.13
2023-10-26,YIELD_CURVE,-0.16
2023-10-27,YIELD_CURVE,-0.15
2023-10-30,YIELD_CURVE,-0.15
2023-10-31,YIELD_CURVE,-0.19
2023-11-01,YIELD_CURVE,-0.18
2023-11-02,YIELD_CURVE,-0.31
2023-11-03,YIELD_CURVE,-0.26
2023-11-06,YIELD_CURVE,-0.26
2023-11-07,YIELD_CURVE,-0.33
2023-11-08,YIELD_CURVE,-0.44
2023-11-09,YIELD_CURVE,-0.41
2023-11-10,YIELD_CURVE,-0.43
2023-11-13,YIELD_CURVE,-0.39
2023-11-14,YIELD_CURVE,-0.36
2023-11-15,YIELD_CURVE,-0.37
2023-11-16,YIELD_CURVE,-0.38
2023-11-17,YIELD_CURVE,-0.44
2023-11-20,YIELD_CURVE,-0.47
2023-11-21,YIELD_CURVE,-0.45
2023-11-22,YIELD_CURVE,-0.47
2023-11-24,YIELD_CURVE,-0.45
2023-11-27,YIELD_CURVE,-0.45
2023-11-28,YIELD_CURVE,-0.39
2023-11-29,YIELD_CURVE,-0.37
2023-11-30,YIELD_CURVE,-0.36
2023-12-01,YIELD_CURVE,-0.34
2023-12-04,YIELD_CURVE,-0.36
2023-12-05,YIELD_CURVE,-0.39
2023-12-06,YIELD_CURVE,-0.48
2023-12-07,YIELD_CURVE,-0.44
2023-12-08,YIELD_CURVE,-0.48
2023-12-11,YIELD_CURVE,-0.48
2023-12-12,YIELD_CURVE,-0.53
2023-12-13,YIELD_CURVE,-0.42
2023-12-14,YIELD_CURVE,-0.45
2023-12-15,YIELD_CURVE,-0.53
2023-12-18,YIELD_CURVE,-0.48
2023-12-19,YIELD_CURVE,-0.48
2023-12-20,YIELD_CURVE,-0.48
2023-12-21,YIELD_CURVE,-0.44
2023-12-22,YIELD_CURVE,-0.41
2023-12-26,YIELD_CURVE,-0.37
2023-12-27,YIELD_CURVE,-0.41
2023-12-28,YIELD_CURVE,-0.42
2023-12-29,YIELD_CURVE,-0.35
2024-01-02,YIELD_CURVE,-0.38
2024-01-03,YIELD_CURVE,-0.42
2024-01-04,YIELD_CURVE,-0.39
2024-01-05,YIELD_CURVE,-0.35
2024-01-08,YIELD_CURVE,-0.35
2024-01-09,YIELD_CURVE,-0.34
2024-01-10,YIELD_CURVE,-0.33
2024-01-11,YIELD_CURVE,-0.28
2024-01-12,YIELD_CURVE,-0.18
2024-01-16,YIELD_CURVE,-0.15
2024-01-17,YIELD_CURVE,-0.24
2024-01-18,YIELD_CURVE,-0.2
2024-01-19,YIELD_CURVE,-0.24
2024-01-22,YIELD_CURVE,-0.26
2024-01-23,YIELD_CURVE,-0.17
2024-01-24,YIELD_CURVE,-0.16
2024-01-25,YIELD_CURVE,-0.14
2024-01-26,YIELD_CURVE,-0.19
2024-01-29,YIELD_CURVE,-0.21
2024-01-30,YIELD_CURVE,-0.3
2024-01-31,YIELD_CURVE,-0.28
2024-02-01,YIELD_CURVE,-0.33
2024-02-02,YIELD_CURVE,-0.33
2024-02-05,YIELD_CURVE,-0.29
2024-02-06,YIELD_CURVE,-0.3
2024-02-07,YIELD_CURVE,-0.32
2024-02-08,YIELD_CURVE,-0.31
2024-02-09,YIELD_CURVE,-0.31
2024-02-12,YIELD_CURVE,-0.29
2024-02-13,YIELD_CURVE,-0.33
2024-02-14,YIELD_CURVE,-0.29
2024-02-15,YIELD_CURVE,-0.32
2024-02-16,YIELD_CURVE,-0.34
2024-02-20,YIELD_CURVE,-0.32
2024-02-21,YIELD_CURVE,-0.32
2024-02-22,YIELD_CURVE,-0.36
2024-02-23,YIELD_CURVE,-0.41
2024-02-26,YIELD_CURVE,-0.41
2024-02-27,YIELD_CURVE,-0.39
2024-02-28,YIELD_CURVE,-0.37
2024-02-29,YIELD_CURVE,-0.39
2024-03-01,YIELD_CURVE,-0.35
2024-03-04,YIELD_CURVE,-0.39
2024-03-05,YIELD_CURVE,-0.41
2024-03-06,YIELD_CURVE,-0.44
2024-03-07,YIELD_CURVE,-0.41
2024-03-08,YIELD_CURVE,-0.39
2024-03-11,YIELD_CURVE,-0.41
2024-03-12,YIELD_CURVE,-0.42
2024-03-13,YIELD_CURVE,-0.42
2024-03-14,YIELD_CURVE,-0.39
2024-03-15,YIELD_CURVE,-0.41
2024-03-18,YIELD_CURVE,-0.39
2024-03-19,YIELD_CURVE,-0.38
2024-03-20,YIELD_CURVE,-0.32
2024-03-21,YIELD_CURVE,-0.35
2024-03-22,YIELD_CURVE,-0.37
2024-03-25,YIELD_CURVE,-0.29
2024-03-26,YIELD_CURVE,-0.32
2024-03-27,YIELD_CURVE,-0.34
2024-03-28,YIELD_CURVE,-0.39
2024-04-01,YIELD_CURVE,-0.39
2024-04-02,YIELD_CURVE,-0.34
2024-04-03,YIELD_CURVE,-0.32
2024-04-04,YIELD_CURVE,-0.34
2024-04-05,YIELD_CURVE,-0.34
2024-04-08,YIELD_CURVE,-0.36
2024-04-09,YIELD_CURVE,-0.38
2024-04-10,YIELD_CURVE,-0.42
2024-04-11,YIELD_CURVE,-0.37
2024-04-12,YIELD_CURVE,-0.38
2024-04-15,YIELD_CURVE,-0.3
2024-04-16,YIELD_CURVE,-0.3
2024-04-17,YIELD_CURVE,-0.34
2024-04-18,YIELD_CURVE,-0.34
2024-04-19,YIELD_CURVE,-0.35
2024-04-22,YIELD_CURVE,-0.35
2024-04-23,YIELD_CURVE,-0.25
2024-04-24,YIELD_CURVE,-0.24
2024-04-25,YIELD_CURVE,-0.26
2024-04-26,YIELD_CURVE,-0.29
2024-04-29,YIELD_CURVE,-0.34
2024-04-30,YIELD_CURVE,-0.35
2024-05-01,YIELD_CURVE,-0.33
2024-05-02,YIELD_CURVE,-0.29
2024-05-03,YIELD_CURVE,-0.31
2024-05-06,YIELD_CURVE,-0.33
2024-05-07,YIELD_CURVE,-0.35
2024-05-08,YIELD_CURVE,-0.36
2024-05-09,YIELD_CURVE,-0.35
2024-05-10,YIELD_CURVE,-0.37
2024-05-13,YIELD_CURVE,-0.37
2024-05-14,YIELD_CURVE,-0.36
2024-05-15,YIELD_CURVE,-0.37
2024-05-16,YIELD_CURVE,-0.4
2024-05-17,YIELD_CURVE,-0.41
2024-05-20,YIELD_CURVE,-0.38
2024-05-21,YIELD_CURVE,-0.41
2024-05-22,YIELD_CURVE,-0.43
2024-05-23,YIELD_CURVE,-0.44
2024-05-24,YIELD_CURVE,-0.47
2024-05-28,YIELD_CURVE,-0.4
2024-05-29,YIELD_CURVE,-0.35
2024-05-30,YIELD_CURVE,-0.37
2024-05-31,YIELD_CURVE,-0.38
2024-06-03,YIELD_CURVE,-0.41
2024-06-04,YIELD_CURVE,-0.44
2024-06-05,YIELD_CURVE,-0.43
2024-06-06,YIELD_CURVE,-0.44
2024-06-07,YIELD_CURVE,-0.44
2024-06-10,YIELD_CURVE,-0.4
2024-06-11,YIELD_CURVE,-0.42
2024-06-12,YIELD_CURVE,-0.44
2024-06-13,YIELD_CURVE,-0.44
2024-06-14,YIELD_CURVE,-0.47
2024-06-17,YIELD_CURVE,-0.47
2024-06-18,YIELD_CURVE,-0.47
2024-06-20,YIELD_CURVE,-0.45
2024-06-21,YIELD_CURVE,-0.45
2024-06-24,YIELD_CURVE,-0.46
2024-06-25,YIELD_CURVE,-0.42
2024-06-26,YIELD_CURVE,-0.39
2024-06-27,YIELD_CURVE,-0.41
2024-06-28,YIELD_CURVE,-0.35
2024-07-01,YIELD_CURVE,-0.29
2024-07-02,YIELD_CURVE,-0.31
2024-07-03,YIELD_CURVE,-0.35
2024-07-05,YIELD_CURVE,-0.32
2024-07-08,YIELD_CURVE,-0.34
2024-07-09,YIELD_CURVE,-0.32
2024-07-10,YIELD_CURVE,-0.34
2024-07-11,YIELD_CURVE,-0.3
2024-07-12,YIELD_CURVE,-0.27
2024-07-15,YIELD_CURVE,-0.21
2024-07-16,YIELD_CURVE,-0.26
2024-07-17,YIELD_CURVE,-0.26
2024-07-18,YIELD_CURVE,-0.26
2024-07-19,YIELD_CURVE,-0.24
2024-07-22,YIELD_CURVE,-0.24
2024-07-23,YIELD_CURVE,-0.15
2024-07-24,YIELD_CURVE,-0.09
2024-07-25,YIELD_CURVE,-0.14
2024-07-26,YIELD_CURVE,-0.16
2024-07-29,YIELD_CURVE,-0.19
2024-07-30,YIELD_CURVE,-0.2
2024-07-31,YIELD_CURVE,-0.2
2024-08-01,YIELD_CURVE,-0.17
2024-08-02,YIELD_CURVE,-0.08
2024-08-05,YIELD_CURVE,-0.11
2024-08-06,YIELD_CURVE,-0.09
2024-08-07,YIELD_CURVE,-0.04
2024-08-08,YIELD_CURVE,-0.05
2024-08-09,YIELD_CURVE,-0.11
2024-08-12,YIELD_CURVE,-0.11
2024-08-13,YIELD_CURVE,-0.08
2024-08-14,YIELD_CURVE,-0.11
2024-08-15,YIELD_CURVE,-0.16
2024-08-16,YIELD_CURVE,-0.17
2024-08-19,YIELD_CURVE,-0.2
2024-08-20,YIELD_CURVE,-0.17
2024-08-21,YIELD_CURVE,-0.13
2024-08-22,YIELD_CURVE,-0.13
2024-08-23,YIELD_CURVE,-0.09
2024-08-26,YIELD_CURVE,-0.09
2024-08-27,YIELD_CURVE,0.0
2024-08-28,YIELD_CURVE,0.01
2024-08-29,YIELD_CURVE,0.0
2024-08-30,YIELD_CURVE,0.0
2024-09-03,YIELD_CURVE,-0.04
2024-09-04,YIELD_CURVE,0.01
2024-09-05,YIELD_CURVE,-0.02
2024-09-06,YIELD_CURVE,0.06
2024-09-09,YIELD_CURVE,0.02
2024-09-10,YIELD_CURVE,0.06
2024-09-11,YIELD_CURVE,0.03
2024-09-12,YIELD_CURVE,0.04
2024-09-13,YIELD_CURVE,0.09
2024-09-16,YIELD_CURVE,0.07
2024-09-17,YIELD_CURVE,0.06
2024-09-18,YIELD_CURVE,0.09
2024-09-19,YIELD_CURVE,0.14
2024-09-20,YIELD_CURVE,0.18
2024-09-23,YIELD_CURVE,0.18
2024-09-24,YIELD_CURVE,0.25
2024-09-25,YIELD_CURVE,0.26
2024-09-26,YIELD_CURVE,0.19
2024-09-27,YIELD_CURVE,0.2
2024-09-30,YIELD_CURVE,0.15
2024-10-01,YIELD_CURVE,0.13
2024-10-02,YIELD_CURVE,0.16
2024-10-03,YIELD_CURVE,0.15
2024-10-04,YIELD_CURVE,0.05
2024-10-07,YIELD_CURVE,0.04
2024-10-08,YIELD_CURVE,0.06
2024-10-09,YIELD_CURVE,0.07
2024-10-10,YIELD_CURVE,0.11
2024-10-11,YIELD_CURVE,0.13
2024-10-15,YIELD_CURVE,0.08
2024-10-16,YIELD_CURVE,0.09
2024-10-17,YIELD_CURVE,0.13
2024-10-18,YIELD_CURVE,0.13
2024-10-21,YIELD_CURVE,0.17
2024-10-22,YIELD_CURVE,0.17
2024-10-23,YIELD_CURVE,0.17
2024-10-24,YIELD_CURVE,0.14
2024-10-25,YIELD_CURVE,0.14
2024-10-28,YIELD_CURVE,0.16
2024-10-29,YIELD_CURVE,0.17
2024-10-30,YIELD_CURVE,0.14
2024-10-31,YIELD_CURVE,0.12
2024-11-01,YIELD_CURVE,0.16
2024-11-04,YIELD_CURVE,0.14
2024-11-05,YIELD_CURVE,0.07
2024-11-06,YIELD_CURVE,0.15
2024-11-07,YIELD_CURVE,0.1
2024-11-08,YIELD_CURVE,0.04
2024-11-12,YIELD_CURVE,0.09
2024-11-13,YIELD_CURVE,0.17
2024-11-14,YIELD_CURVE,0.09
2024-11-15,YIELD_CURVE,0.12
2024-11-18,YIELD_CURVE,0.13
2024-11-19,YIELD_CURVE,0.12
2024-11-20,YIELD_CURVE,0.1
2024-11-21,YIELD_CURVE,0.09
2024-11-22,YIELD_CURVE,0.04
2024-11-25,YIELD_CURVE,0.06
2024-11-26,YIELD_CURVE,0.09
2024-11-27,YIELD_CURVE,0.06
2024-11-29,YIELD_CURVE,0.05
2024-12-02,YIELD_CURVE,0.02
2024-12-03,YIELD_CURVE,0.06
2024-12-04,YIELD_CURVE,0.06
2024-12-05,YIELD_CURVE,0.02
2024-12-06,YIELD_CURVE,0.05
2024-12-09,YIELD_CURVE,0.07
2024-12-10,YIELD_CURVE,0.07
2024-12-11,YIELD_CURVE,0.11
2024-12-12,YIELD_CURVE,0.14
2024-12-13,YIELD_CURVE,0.15
2024-12-16,YIELD_CURVE,0.14
2024-12-17,YIELD_CURVE,0.15
2024-12-18,YIELD_CURVE,0.15
2024-12-19,YIELD_CURVE,0.25
2024-12-20,YIELD_CURVE,0.22
2024-12-23,YIELD_CURVE,0.29
2024-12-24,YIELD_CURVE,0.3
2024-12-26,YIELD_CURVE,0.28
2024-12-27,YIELD_CURVE,0.31
2024-12-30,YIELD_CURVE,0.31
2024-12-31,YIELD_CURVE,0.33
2010-08-01,GPR,90.22557830810547
2010-08-02,GPR,117.83837127685547
2010-08-03,GPR,112.56298065185547
2010-08-04,GPR,99.5685043334961
2010-08-05,GPR,85.46356201171875
2010-08-06,GPR,64.68528747558594
2010-08-07,GPR,52.48243713378906
2010-08-08,GPR,85.4432144165039
2010-08-09,GPR,48.00822830200195
2010-08-10,GPR,77.12614440917969
2010-08-11,GPR,69.17195129394531
2010-08-12,GPR,83.66990661621094
2010-08-13,GPR,54.12692642211914
2010-08-14,GPR,46.4107551574707
2010-08-15,GPR,61.98151779174805
2010-08-16,GPR,66.96566009521484
2010-08-17,GPR,83.65069580078125
2010-08-18,GPR,108.86372375488281
2010-08-19,GPR,96.27484130859375
2010-08-20,GPR,57.42262649536133
2010-08-21,GPR,80.34212493896484
2010-08-22,GPR,71.36590576171875
2010-08-23,GPR,76.51311492919922
2010-08-24,GPR,105.28943634033203
2010-08-25,GPR,97.31837463378906
2010-08-26,GPR,83.9590835571289
2010-08-27,GPR,95.1482162475586
2010-08-28,GPR,71.94717407226562
2010-08-29,GPR,65.9874038696289
2010-08-30,GPR,97.03926849365234
2010-08-31,GPR,123.15957641601562
2010-09-01,GPR,94.7530746459961
2010-09-02,GPR,60.68281555175781
2010-09-03,GPR,81.19038391113281
2010-09-04,GPR,55.995361328125
2010-09-05,GPR,37.7142448425293
2010-09-06,GPR,52.41404724121094
2010-09-07,GPR,113.9554672241211
2010-09-08,GPR,87.17283630371094
2010-09-09,GPR,45.96228790283203
2010-09-10,GPR,86.666015625
2010-09-11,GPR,21.70396614074707
2010-09-12,GPR,45.068946838378906
2010-09-13,GPR,71.60271453857422
2010-09-14,GPR,80.19900512695312
2010-09-15,GPR,63.128170013427734
2010-09-16,GPR,61.403690338134766
2010-09-17,GPR,89.34310913085938
2010-09-18,GPR,60.37820053100586
2010-09-19,GPR,72.29810333251953
2010-09-20,GPR,70.04185485839844
2010-09-21,GPR,100.86990356445312
2010-09-22,GPR,67.37425231933594
2010-09-23,GPR,80.06205749511719
2010-09-24,GPR,91.22930908203125
2010-09-25,GPR,62.550453186035156
2010-09-26,GPR,64.01097106933594
2010-09-27,GPR,95.32569122314453
2010-09-28,GPR,89.32766723632812
2010-09-29,GPR,82.90054321289062
2010-09-30,GPR,69.40618133544922
2010-10-01,GPR,80.87020111083984
2010-10-02,GPR,27.019311904907227
2010-10-03,GPR,45.61194610595703
2010-10-04,GPR,75.46617126464844
2010-10-05,GPR,111.25634002685547
2010-10-06,GPR,98.46273040771484
2010-10-07,GPR,104.35934448242188
2010-10-08,GPR,67.21151733398438
2010-10-09,GPR,55.82979202270508
2010-10-10,GPR,55.20946502685547
2010-10-11,GPR,70.21652221679688
2010-10-12,GPR,64.5305404663086
2010-10-13,GPR,52.52485656738281
2010-10-14,GPR,77.56256103515625
2010-10-15,GPR,71.87647247314453
2010-10-16,GPR,45.550968170166016
2010-10-17,GPR,77.17451477050781
2010-10-18,GPR,30.70746421813965
2010-10-19,GPR,83.68592071533203
2010-10-20,GPR,69.56391906738281
2010-10-21,GPR,43.10032272338867
2010-10-22,GPR,65.01024627685547
2010-10-23,GPR,40.6616325378418
2010-10-24,GPR,63.09653091430664
2010-10-25,GPR,50.78228759765625
2010-10-26,GPR,44.563690185546875
2010-10-27,GPR,85.60568237304688
2010-10-28,GPR,55.86671829223633
2010-10-29,GPR,78.20037078857422
2010-10-30,GPR,98.13050842285156
2010-10-31,GPR,42.5467414855957
2010-11-01,GPR,130.50672912597656
2010-11-02,GPR,130.6160430908203
2010-11-03,GPR,81.79179382324219
2010-11-04,GPR,79.7408447265625
2010-11-05,GPR,54.94014358520508
2010-11-06,GPR,58.6295166015625
2010-11-07,GPR,65.06829833984375
2010-11-08,GPR,92.57479858398438
2010-11-09,GPR,131.48008728027344
2010-11-10,GPR,79.36360168457031
2010-11-11,GPR,87.63406372070312
2010-11-12,GPR,75.50946807861328
2010-11-13,GPR,47.89254379272461
2010-11-14,GPR,70.89152526855469
2010-11-15,GPR,120.9535903930664
2010-11-16,GPR,121.2349853515625
2010-11-17,GPR,77.66468811035156
2010-11-18,GPR,73.96996307373047
2010-11-19,GPR,103.71417236328125
2010-11-20,GPR,82.29981994628906
2010-11-21,GPR,119.66583251953125
2010-11-22,GPR,113.15013122558594
2010-11-23,GPR,77.37921905517578
2010-11-24,GPR,166.79205322265625
2010-11-25,GPR,91.48633575439453
2010-11-26,GPR,56.32421112060547
2010-11-27,GPR,66.41739654541016
2010-11-28,GPR,67.98179626464844
2010-11-29,GPR,159.03428649902344
2010-11-30,GPR,183.40769958496094
2010-12-01,GPR,94.04766082763672
2010-12-02,GPR,100.17845916748047
2010-12-03,GPR,86.44165802001953
2010-12-04,GPR,88.63056945800781
2010-12-05,GPR,42.703453063964844
2010-12-06,GPR,110.68245697021484
2010-12-07,GPR,127.92436218261719
2010-12-08,GPR,67.67610931396484
2010-12-09,GPR,88.63056945800781
2010-12-10,GPR,61.2244987487793
2010-12-11,GPR,52.62440490722656
2010-12-12,GPR,70.34410095214844
2010-12-13,GPR,72.62633514404297
2010-12-14,GPR,67.45047760009766
2010-12-15,GPR,72.64402770996094
2010-12-16,GPR,136.46005249023438
2010-12-17,GPR,107.16203308105469
2010-12-18,GPR,79.54708099365234
2010-12-19,GPR,89.52886199951172
2010-12-20,GPR,128.2569580078125
2010-12-21,GPR,156.8079376220703
2010-12-22,GPR,163.8302459716797
2010-12-23,GPR,124.6888656616211
2010-12-24,GPR,126.52168273925781
2010-12-25,GPR,131.3352813720703
2010-12-26,GPR,104.92296600341797
2010-12-27,GPR,87.47978210449219
2010-12-28,GPR,134.57305908203125
2010-12-29,GPR,53.03965377807617
2010-12-30,GPR,161.357177734375
2010-12-31,GPR,45.37763977050781
2011-01-01,GPR,83.27684020996094
2011-01-02,GPR,60.84307861328125
2011-01-03,GPR,74.2015151977539
2011-01-04,GPR,119.25243377685547
2011-01-05,GPR,44.563690185546875
2011-01-06,GPR,74.0829849243164
2011-01-07,GPR,74.59210968017578
2011-01-08,GPR,81.79179382324219
2011-01-09,GPR,83.45616912841797
2011-01-10,GPR,96.13255310058594
2011-01-11,GPR,89.32766723632812
2011-01-12,GPR,74.32042694091797
2011-01-13,GPR,61.53376388549805
2011-01-14,GPR,66.92056274414062
2011-01-15,GPR,70.84191131591797
2011-01-16,GPR,32.66831970214844
2011-01-17,GPR,91.63396453857422
2011-01-18,GPR,56.982242584228516
2011-01-19,GPR,62.640323638916016
2011-01-20,GPR,59.08705139160156
2011-01-21,GPR,88.97392272949219
2011-01-22,GPR,61.294490814208984
2011-01-23,GPR,72.8764877319336
2011-01-24,GPR,106.99507904052734
2011-01-25,GPR,204.19937133789062
2011-01-26,GPR,113.75102233886719
2011-01-27,GPR,68.67119598388672
2011-01-28,GPR,69.63356018066406
2011-01-29,GPR,63.65000534057617
2011-01-30,GPR,46.4107551574707
2011-01-31,GPR,89.41900634765625
2011-02-01,GPR,118.03402709960938
2011-02-02,GPR,98.82798767089844
2011-02-03,GPR,113.2795181274414
2011-02-04,GPR,94.64479064941406
2011-02-05,GPR,66.14111328125
2011-02-06,GPR,52.37261199951172
2011-02-07,GPR,59.578556060791016
2011-02-08,GPR,56.59284210205078
2011-02-09,GPR,86.5784683227539
2011-02-10,GPR,104.0421371459961
2011-02-11,GPR,97.6264877319336
2011-02-12,GPR,59.68590545654297
2011-02-13,GPR,69.80506896972656
2011-02-14,GPR,76.56786346435547
2011-02-15,GPR,55.579994201660156
2011-02-16,GPR,62.22502899169922
2011-02-17,GPR,88.42582702636719
2011-02-18,GPR,66.4507064819336
2011-02-19,GPR,76.46487426757812
2011-02-20,GPR,61.68655014038086
2011-02-21,GPR,108.9972152709961
2011-02-22,GPR,163.8302459716797
2011-02-23,GPR,73.44939422607422
2011-02-24,GPR,144.02468872070312
2011-02-25,GPR,137.7366943359375
2011-02-26,GPR,128.1565399169922
2011-02-27,GPR,62.14948654174805
2011-02-28,GPR,107.25624084472656
2011-03-01,GPR,178.95901489257812
2011-03-02,GPR,126.99939727783203
2011-03-03,GPR,154.95379638671875
2011-03-04,GPR,119.61127471923828
2011-03-05,GPR,87.87358093261719
2011-03-06,GPR,50.86476135253906
2011-03-07,GPR,138.72427368164062
2011-03-08,GPR,166.0056610107422
2011-03-09,GPR,199.4664306640625
2011-03-10,GPR,136.30661010742188
2011-03-11,GPR,136.77268981933594
2011-03-12,GPR,93.12439727783203
2011-03-13,GPR,103.51773834228516
2011-03-14,GPR,87.9781265258789
2011-03-15,GPR,141.81134033203125
2011-03-16,GPR,166.35165405273438
2011-03-17,GPR,116.2304458618164
2011-03-18,GPR,147.7964324951172
2011-03-19,GPR,133.5103302001953
2011-03-20,GPR,95.84282684326172
2011-03-21,GPR,151.39047241210938
2011-03-22,GPR,192.9297637939453
2011-03-23,GPR,231.2828826904297
2011-03-24,GPR,144.67994689941406
2011-03-25,GPR,130.91949462890625
2011-03-26,GPR,103.26298522949219
2011-03-27,GPR,101.72952270507812
2011-03-28,GPR,131.84349060058594
2011-03-29,GPR,196.35418701171875
2011-03-30,GPR,125.13372039794922
2011-03-31,GPR,126.22554016113281
2011-04-01,GPR,125.87757110595703
2011-04-02,GPR,65.73689270019531
2011-04-03,GPR,72.01234436035156
2011-04-04,GPR,71.92547607421875
2011-04-05,GPR,103.40233612060547
2011-04-06,GPR,130.38829040527344
2011-04-07,GPR,74.62199401855469
2011-04-08,GPR,84.77043914794922
2011-04-09,GPR,51.972572326660156
2011-04-10,GPR,74.30058288574219
2011-04-11,GPR,98.69049072265625
2011-04-12,GPR,88.33514404296875
2011-04-13,GPR,111.53427124023438
2011-04-14,GPR,110.64944458007812
2011-04-15,GPR,86.82132720947266
2011-04-16,GPR,67.21931457519531
2011-04-17,GPR,30.169103622436523
2011-04-18,GPR,86.95490264892578
2011-04-19,GPR,96.63265991210938
2011-04-20,GPR,80.7943344116211
2011-04-21,GPR,117.58607482910156
2011-04-22,GPR,81.57286834716797
2011-04-23,GPR,73.87528228759766
2011-04-24,GPR,93.87843322753906
2011-04-25,GPR,78.18482208251953
2011-04-26,GPR,144.02468872070312
2011-04-27,GPR,124.72569274902344
2011-04-28,GPR,110.53406524658203
2011-04-29,GPR,68.87517547607422
2011-04-30,GPR,114.09954833984375
2011-05-01,GPR,69.49442291259766
2011-05-02,GPR,115.2568588256836
2011-05-03,GPR,269.19287109375
2011-05-04,GPR,113.01701354980469
2011-05-05,GPR,101.1986083984375
2011-05-06,GPR,104.74522399902344
2011-05-07,GPR,120.40609741210938
2011-05-08,GPR,51.961849212646484
2011-05-09,GPR,126.04299926757812
2011-05-10,GPR,140.8026580810547
2011-05-11,GPR,88.7294921875
2011-05-12,GPR,80.9588851928711
2011-05-13,GPR,114.1140365600586
2011-05-14,GPR,53.38319778442383
2011-05-15,GPR,94.28560638427734
2011-05-16,GPR,87.17283630371094
2011-05-17,GPR,74.639404296875
2011-05-18,GPR,85.3180923461914
2011-05-19,GPR,150.25360107421875
2011-05-20,GPR,81.48226928710938
2011-05-21,GPR,65.41405487060547
2011-05-22,GPR,84.93763732910156
2011-05-23,GPR,119.9306640625
2011-05-24,GPR,134.65721130371094
2011-05-25,GPR,119.10356140136719
2011-05-26,GPR,103.62940979003906
2011-05-27,GPR,94.45203399658203
2011-05-28,GPR,69.73827362060547
2011-05-29,GPR,72.29810333251953
2011-05-30,GPR,112.04273986816406
2011-05-31,GPR,140.02398681640625
2011-06-01,GPR,96.12361145019531
2011-06-02,GPR,86.354736328125
2011-06-03,GPR,66.98822784423828
2011-06-04,GPR,53.747894287109375
2011-06-05,GPR,77.79023742675781
2011-06-06,GPR,62.42275619506836
2011-06-07,GPR,106.61982727050781
2011-06-08,GPR,122.13936614990234
2011-06-09,GPR,101.33381652832031
2011-06-10,GPR,90.61734771728516
2011-06-11,GPR,52.62440490722656
2011-06-12,GPR,103.89971923828125
2011-06-13,GPR,105.76525115966797
2011-06-14,GPR,43.3272819519043
2011-06-15,GPR,81.83572387695312
2011-06-16,GPR,115.51518249511719
2011-06-17,GPR,77.9061050415039
2011-06-18,GPR,67.31720733642578
2011-06-19,GPR,65.33663940429688
2011-06-20,GPR,74.1619644165039
2011-06-21,GPR,79.22998046875
2011-06-22,GPR,56.08184814453125
2011-06-23,GPR,128.5777130126953
2011-06-24,GPR,115.043212890625
2011-06-25,GPR,74.31127166748047
2011-06-26,GPR,73.46420288085938
2011-06-27,GPR,108.47199249267578
2011-06-28,GPR,66.17350006103516
2011-06-29,GPR,81.51732635498047
2011-06-30,GPR,101.40513610839844
2011-07-01,GPR,88.8176040649414
2011-07-02,GPR,52.95401382446289
2011-07-03,GPR,98.58832550048828
2011-07-04,GPR,70.36500549316406
2011-07-05,GPR,83.86247253417969
2011-07-06,GPR,41.548736572265625
2011-07-07,GPR,93.25922393798828
2011-07-08,GPR,65.35699462890625
2011-07-09,GPR,66.89118194580078
2011-07-10,GPR,83.9442138671875
2011-07-11,GPR,84.93763732910156
2011-07-12,GPR,75.82986450195312
2011-07-13,GPR,92.94522094726562
2011-07-14,GPR,74.88043212890625
2011-07-15,GPR,91.54486083984375
2011-07-16,GPR,51.18130111694336
2011-07-17,GPR,59.38866424560547
2011-07-18,GPR,72.8036880493164
2011-07-19,GPR,126.4942398071289
2011-07-20,GPR,92.12239074707031
2011-07-21,GPR,90.60633850097656
2011-07-22,GPR,62.43583297729492
2011-07-23,GPR,82.05442810058594
2011-07-24,GPR,33.392818450927734
2011-07-25,GPR,83.91838073730469
2011-07-26,GPR,92.6003646850586
2011-07-27,GPR,88.66615295410156
2011-07-28,GPR,101.98326873779297
2011-07-29,GPR,95.42375946044922
2011-07-30,GPR,74.82776641845703
2011-07-31,GPR,53.21393585205078
2011-08-01,GPR,88.10020446777344
2011-08-02,GPR,90.46023559570312
2011-08-03,GPR,86.63004302978516
2011-08-04,GPR,77.03646087646484
2011-08-05,GPR,51.97543716430664
2011-08-06,GPR,30.84327507019043
2011-08-07,GPR,74.82186126708984
2011-08-08,GPR,94.76786804199219
2011-08-09,GPR,63.13661575317383
2011-08-10,GPR,44.114097595214844
2011-08-11,GPR,91.38117980957031
2011-08-12,GPR,69.30058288574219
2011-08-13,GPR,46.178916931152344
2011-08-14,GPR,39.671470642089844
2011-08-15,GPR,131.05657958984375
2011-08-16,GPR,54.5106086730957
2011-08-17,GPR,38.834320068359375
2011-08-18,GPR,109.4460678100586
2011-08-19,GPR,119.64898681640625
2011-08-20,GPR,111.22051239013672
2011-08-21,GPR,39.671470642089844
2011-08-22,GPR,143.45765686035156
2011-08-23,GPR,197.70501708984375
2011-08-24,GPR,159.73345947265625
2011-08-25,GPR,109.68766784667969
2011-08-26,GPR,93.75191497802734
2011-08-27,GPR,87.86651611328125
2011-08-28,GPR,55.51789855957031
2011-08-29,GPR,125.17124938964844
2011-08-30,GPR,61.34384536743164
2011-08-31,GPR,91.10472106933594
2011-09-01,GPR,90.60633850097656
2011-09-02,GPR,105.27227783203125
2011-09-03,GPR,91.36085510253906
2011-09-04,GPR,54.304386138916016
2011-09-05,GPR,123.4190673828125
2011-09-06,GPR,138.56492614746094
2011-09-07,GPR,87.84709930419922
2011-09-08,GPR,99.44561767578125
2011-09-09,GPR,90.50731658935547
2011-09-10,GPR,95.78508758544922
2011-09-11,GPR,53.14279556274414
2011-09-12,GPR,110.15664672851562
2011-09-13,GPR,111.98429107666016
2011-09-14,GPR,78.36181640625
2011-09-15,GPR,85.37545776367188
2011-09-16,GPR,72.69947814941406
2011-09-17,GPR,69.4011001586914
2011-09-18,GPR,53.91158676147461
2011-09-19,GPR,56.625091552734375
2011-09-20,GPR,70.64717864990234
2011-09-21,GPR,102.08763122558594
2011-09-22,GPR,84.1607666015625
2011-09-23,GPR,93.08572387695312
2011-09-24,GPR,57.93043518066406
2011-09-25,GPR,39.51373291015625
2011-09-26,GPR,73.34098052978516
2011-09-27,GPR,86.86112976074219
2011-09-28,GPR,55.84939956665039
2011-09-29,GPR,93.68878173828125
2011-09-30,GPR,68.4011001586914
2011-10-01,GPR,82.06195831298828
2011-10-02,GPR,37.430145263671875
2011-10-03,GPR,92.0157699584961
2011-10-04,GPR,73.61261749267578
2011-10-05,GPR,66.10445404052734
2011-10-06,GPR,86.47265625
2011-10-07,GPR,74.47611236572266
2011-10-08,GPR,48.00822830200195
2011-10-09,GPR,38.66810607910156
2011-10-10,GPR,55.35139083862305
2011-10-11,GPR,85.24990844726562
2011-10-12,GPR,137.2508544921875
2011-10-13,GPR,135.9896240234375
2011-10-14,GPR,73.91124725341797
2011-10-15,GPR,68.78255462646484
2011-10-16,GPR,54.193336486816406
2011-10-17,GPR,96.44184112548828
2011-10-18,GPR,114.35791778564453
2011-10-19,GPR,51.13114547729492
2011-10-20,GPR,72.08696746826172
2011-10-21,GPR,110.52729034423828
2011-10-22,GPR,64.29456329345703
2011-10-23,GPR,71.88211822509766
2011-10-24,GPR,96.52515411376953
2011-10-25,GPR,82.53282928466797
2011-10-26,GPR,64.39116668701172
2011-10-27,GPR,53.972591400146484
2011-10-28,GPR,51.45736312866211
2011-10-29,GPR,48.421024322509766
2011-10-30,GPR,59.82063674926758
2011-10-31,GPR,82.71080780029297
2011-11-01,GPR,80.11046600341797
2011-11-02,GPR,37.60396957397461
2011-11-03,GPR,110.41893005371094
2011-11-04,GPR,111.48065185546875
2011-11-05,GPR,60.730403900146484
2011-11-06,GPR,31.851613998413086
2011-11-07,GPR,65.59539794921875
2011-11-08,GPR,82.42171478271484
2011-11-09,GPR,112.76825714111328
2011-11-10,GPR,80.2463150024414
2011-11-11,GPR,66.76000213623047
2011-11-12,GPR,52.101646423339844
2011-11-13,GPR,76.73902130126953
2011-11-14,GPR,95.59480285644531
2011-11-15,GPR,114.09954833984375
2011-11-16,GPR,83.44913482666016
2011-11-17,GPR,108.66275787353516
2011-11-18,GPR,109.06854248046875
2011-11-19,GPR,75.71583557128906
2011-11-20,GPR,58.42271041870117
2011-11-21,GPR,111.56315612792969
2011-11-22,GPR,58.25148391723633
2011-11-23,GPR,102.48828125
2011-11-24,GPR,67.84777069091797
2011-11-25,GPR,83.16069793701172
2011-11-26,GPR,49.87923049926758
2011-11-27,GPR,113.0796127319336
2011-11-28,GPR,105.4183120727539
2011-11-29,GPR,107.72577667236328
2011-11-30,GPR,84.24638366699219
2011-12-01,GPR,104.02568054199219
2011-12-02,GPR,104.30795288085938
2011-12-03,GPR,76.69346618652344
2011-12-04,GPR,58.45708084106445
2011-12-05,GPR,97.07157897949219
2011-12-06,GPR,73.94124603271484
2011-12-07,GPR,49.84187698364258
2011-12-08,GPR,87.08116912841797
2011-12-09,GPR,71.6583023071289
2011-12-10,GPR,32.534149169921875
2011-12-11,GPR,33.940242767333984
2011-12-12,GPR,99.59353637695312
2011-12-13,GPR,89.63418579101562
2011-12-14,GPR,113.05692291259766
2011-12-15,GPR,82.23851776123047
2011-12-16,GPR,118.86456298828125
2011-12-17,GPR,48.182804107666016
2011-12-18,GPR,68.86834716796875
2011-12-19,GPR,86.1526107788086
2011-12-20,GPR,180.24853515625
2011-12-21,GPR,80.14276123046875
2011-12-22,GPR,83.3827133178711
2011-12-23,GPR,75.76393127441406
2011-12-24,GPR,93.64148712158203
2011-12-25,GPR,62.946659088134766
2011-12-26,GPR,103.26950073242188
2011-12-27,GPR,68.30036163330078
2011-12-28,GPR,86.666015625
2011-12-29,GPR,115.55469512939453
2011-12-30,GPR,125.90361785888672
2011-12-31,GPR,57.4433708190918
2012-01-01,GPR,72.44184112548828
2012-01-02,GPR,60.10707473754883
2012-01-03,GPR,88.10020446777344
2012-01-04,GPR,76.9422836303711
2012-01-05,GPR,82.43946838378906
2012-01-06,GPR,100.59858703613281
2012-01-07,GPR,73.74918365478516
2012-01-08,GPR,55.72543716430664
2012-01-09,GPR,88.3912582397461
2012-01-10,GPR,66.64337158203125
2012-01-11,GPR,103.96586608886719
2012-01-12,GPR,103.84225463867188
2012-01-13,GPR,98.1017074584961
2012-01-14,GPR,102.56485748291016
2012-01-15,GPR,53.321006774902344
2012-01-16,GPR,72.8570556640625
2012-01-17,GPR,56.625091552734375
2012-01-18,GPR,73.85881042480469
2012-01-19,GPR,103.19525909423828
2012-01-20,GPR,70.93292236328125
2012-01-21,GPR,60.43781280517578
2012-01-22,GPR,39.20198440551758
2012-01-23,GPR,109.54258728027344
2012-01-24,GPR,103.51773834228516
2012-01-25,GPR,65.62960052490234
2012-01-26,GPR,85.76227569580078
2012-01-27,GPR,58.41665267944336
2012-01-28,GPR,51.401912689208984
2012-01-29,GPR,38.2219352722168
2012-01-30,GPR,128.4284210205078
2012-01-31,GPR,69.98382568359375
2012-02-01,GPR,134.9707489013672
2012-02-02,GPR,57.816890716552734
2012-02-03,GPR,102.98137664794922
2012-02-04,GPR,65.95157623291016
2012-02-05,GPR,40.39716720581055
2012-02-06,GPR,124.92127990722656
2012-02-07,GPR,142.98854064941406
2012-02-08,GPR,82.25337219238281
2012-02-09,GPR,85.78363037109375
2012-02-10,GPR,68.33390808105469
2012-02-11,GPR,51.00617599487305
2012-02-12,GPR,45.37763977050781
2012-02-13,GPR,61.8345947265625
2012-02-14,GPR,80.42071533203125
2012-02-15,GPR,128.7169189453125
2012-02-16,GPR,81.79179382324219
2012-02-17,GPR,49.788089752197266
2012-02-18,GPR,90.71519470214844
2012-02-19,GPR,42.46881866455078
2012-02-20,GPR,150.11636352539062
2012-02-21,GPR,141.4915771484375
2012-02-22,GPR,101.14710235595703
2012-02-23,GPR,68.30036163330078
2012-02-24,GPR,152.73109436035156
2012-02-25,GPR,133.7548828125
2012-02-26,GPR,51.557472229003906
2012-02-27,GPR,54.99793243408203
2012-02-28,GPR,113.57374572753906
2012-02-29,GPR,146.89878845214844
2012-03-01,GPR,91.45125579833984
2012-03-02,GPR,99.75540924072266
2012-03-03,GPR,70.7939682006836
2012-03-04,GPR,94.46485900878906
2012-03-05,GPR,116.52247619628906
2012-03-06,GPR,110.7882080078125
2012-03-07,GPR,138.18359375
2012-03-08,GPR,154.152587890625
2012-03-09,GPR,132.3766326904297
2012-03-10,GPR,24.94820785522461
2012-03-11,GPR,46.09934997558594
2012-03-12,GPR,71.49427032470703
2012-03-13,GPR,64.65402221679688
2012-03-14,GPR,69.15589904785156
2012-03-15,GPR,64.95230865478516
2012-03-16,GPR,72.73102569580078
2012-03-17,GPR,53.292789459228516
2012-03-18,GPR,31.608470916748047
2012-03-19,GPR,106.99507904052734
2012-03-20,GPR,104.6073989868164
2012-03-21,GPR,124.37675476074219
2012-03-22,GPR,67.60342407226562
2012-03-23,GPR,93.311767578125
2012-03-24,GPR,51.31344223022461
2012-03-25,GPR,51.45736312866211
2012-03-26,GPR,79.66934967041016
2012-03-27,GPR,116.36654663085938
2012-03-28,GPR,149.5762939453125
2012-03-29,GPR,83.44913482666016
2012-03-30,GPR,103.07345581054688
2012-03-31,GPR,91.24769592285156
2012-04-01,GPR,141.78305053710938
2012-04-02,GPR,154.47207641601562
2012-04-03,GPR,134.50100708007812
2012-04-04,GPR,126.0838851928711
2012-04-05,GPR,116.87487030029297
2012-04-06,GPR,88.2839584350586
2012-04-07,GPR,91.53900146484375
2012-04-08,GPR,76.59115600585938
2012-04-09,GPR,126.88357543945312
2012-04-10,GPR,116.15497589111328
2012-04-11,GPR,85.70198059082031
2012-04-12,GPR,136.67489624023438
2012-04-13,GPR,112.74003601074219
2012-04-14,GPR,83.18555450439453
2012-04-15,GPR,56.67891311645508
2012-04-16,GPR,136.95370483398438
2012-04-17,GPR,117.74530029296875
2012-04-18,GPR,99.26673889160156
2012-04-19,GPR,65.09412384033203
2012-04-20,GPR,100.38084411621094
2012-04-21,GPR,48.29644012451172
2012-04-22,GPR,60.47283935546875
2012-04-23,GPR,90.46023559570312
2012-04-24,GPR,93.36894226074219
2012-04-25,GPR,83.9510269165039
2012-04-26,GPR,118.67997741699219
2012-04-27,GPR,84.50428009033203
2012-04-28,GPR,34.00411605834961
2012-04-29,GPR,69.93904876708984
2012-04-30,GPR,99.85459899902344
2012-05-01,GPR,75.19068908691406
2012-05-02,GPR,87.5736312866211
2012-05-03,GPR,101.76319885253906
2012-05-04,GPR,62.24031066894531
2012-05-05,GPR,38.938663482666016
2012-05-06,GPR,25.481290817260742
2012-05-07,GPR,60.385345458984375
2012-05-08,GPR,84.52481842041016
2012-05-09,GPR,54.60276794433594
2012-05-10,GPR,55.440460205078125
2012-05-11,GPR,110.3074951171875
2012-05-12,GPR,30.90605926513672
2012-05-13,GPR,53.86288833618164
2012-05-14,GPR,65.92174530029297
2012-05-15,GPR,92.65923309326172
2012-05-16,GPR,67.07111358642578
2012-05-17,GPR,53.89209747314453
2012-05-18,GPR,147.14547729492188
2012-05-19,GPR,77.57096862792969
2012-05-20,GPR,73.61261749267578
2012-05-21,GPR,59.07185363769531
2012-05-22,GPR,115.74031829833984
2012-05-23,GPR,86.14241790771484
2012-05-24,GPR,113.44409942626953
2012-05-25,GPR,81.91314697265625
2012-05-26,GPR,57.1601676940918
2012-05-27,GPR,46.74994659423828
2012-05-28,GPR,157.4913330078125
2012-05-29,GPR,91.09561157226562
2012-05-30,GPR,88.2839584350586
2012-05-31,GPR,91.92120361328125
2012-06-01,GPR,67.89513397216797
2012-06-02,GPR,48.75640869140625
2012-06-03,GPR,12.990462303161621
2012-06-04,GPR,40.61731719970703
2012-06-05,GPR,67.32860565185547
2012-06-06,GPR,69.86804962158203
2012-06-07,GPR,102.94328308105469
2012-06-08,GPR,92.90912628173828
2012-06-09,GPR,89.52886199951172
2012-06-10,GPR,60.35042190551758
2012-06-11,GPR,78.35245513916016
2012-06-12,GPR,92.0157699584961
2012-06-13,GPR,99.33882141113281
2012-06-14,GPR,112.46371459960938
2012-06-15,GPR,55.382530212402344
2012-06-16,GPR,58.83778762817383
2012-06-17,GPR,69.59175872802734
2012-06-18,GPR,102.8192367553711
2012-06-19,GPR,111.61479949951172
2012-06-20,GPR,147.8824920654297
2012-06-21,GPR,73.04448699951172
2012-06-22,GPR,72.01234436035156
2012-06-23,GPR,44.92632293701172
2012-06-24,GPR,60.35042190551758
2012-06-25,GPR,99.9677505493164
2012-06-26,GPR,129.9046173095703
2012-06-27,GPR,48.38581848144531
2012-06-28,GPR,92.0157699584961
2012-06-29,GPR,80.06205749511719
2012-06-30,GPR,45.572731018066406
2012-07-01,GPR,19.562408447265625
2012-07-02,GPR,45.3155632019043
2012-07-03,GPR,77.41548156738281
2012-07-04,GPR,129.361083984375
2012-07-05,GPR,82.71080780029297
2012-07-06,GPR,62.64903259277344
2012-07-07,GPR,60.75172424316406
2012-07-08,GPR,28.804935455322266
2012-07-09,GPR,83.69519805908203
2012-07-10,GPR,97.55320739746094
2012-07-11,GPR,69.2664794921875
2012-07-12,GPR,66.01834869384766
2012-07-13,GPR,107.78419494628906
2012-07-14,GPR,80.49229431152344
2012-07-15,GPR,48.20784378051758
2012-07-16,GPR,54.23030090332031
2012-07-17,GPR,155.83316040039062
2012-07-18,GPR,104.48519134521484
2012-07-19,GPR,147.7859344482422
2012-07-20,GPR,166.3677978515625
2012-07-21,GPR,40.64500045776367
2012-07-22,GPR,58.1152229309082
2012-07-23,GPR,80.69075012207031
2012-07-24,GPR,109.74150848388672
2012-07-25,GPR,86.86112976074219
2012-07-26,GPR,76.39044952392578
2012-07-27,GPR,67.26025390625
2012-07-28,GPR,60.39321517944336
2012-07-29,GPR,71.44754028320312
2012-07-30,GPR,112.50230407714844
2012-07-31,GPR,65.10248565673828
2012-08-01,GPR,67.74896240234375
2012-08-02,GPR,52.747894287109375
2012-08-03,GPR,74.2411117553711
2012-08-04,GPR,45.37763977050781
2012-08-05,GPR,53.1072998046875
2012-08-06,GPR,99.59353637695312
2012-08-07,GPR,114.60892486572266
2012-08-08,GPR,75.28562927246094
2012-08-09,GPR,87.43833923339844
2012-08-10,GPR,85.19978332519531
2012-08-11,GPR,52.33610534667969
2012-08-12,GPR,63.949180603027344
2012-08-13,GPR,89.93396759033203
2012-08-14,GPR,109.05572509765625
2012-08-15,GPR,94.5273666381836
2012-08-16,GPR,95.69639587402344
2012-08-17,GPR,104.33283996582031
2012-08-18,GPR,49.14788818359375
2012-08-19,GPR,34.650291442871094
2012-08-20,GPR,69.01182556152344
2012-08-21,GPR,75.3927230834961
2012-08-22,GPR,123.79440307617188
2012-08-23,GPR,76.19268798828125
2012-08-24,GPR,69.69965362548828
2012-08-25,GPR,28.860706329345703
2012-08-26,GPR,53.42850875854492
2012-08-27,GPR,83.16069793701172
2012-08-28,GPR,73.70896911621094
2012-08-29,GPR,65.1778335571289
2012-08-30,GPR,84.21781921386719
2012-08-31,GPR,69.28677368164062
2012-09-01,GPR,48.182804107666016
2012-09-02,GPR,64.0728759765625
2012-09-03,GPR,57.5265007019043
2012-09-04,GPR,83.33502960205078
2012-09-05,GPR,81.70010375976562
2012-09-06,GPR,54.94014358520508
2012-09-07,GPR,69.73827362060547
2012-09-08,GPR,63.17500686645508
2012-09-09,GPR,66.14111328125
2012-09-10,GPR,66.42849731445312
2012-09-11,GPR,79.34294128417969
2012-09-12,GPR,99.15667724609375
2012-09-13,GPR,65.81260681152344
2012-09-14,GPR,76.23063659667969
2012-09-15,GPR,49.441307067871094
2012-09-16,GPR,75.143310546875
2012-09-17,GPR,92.0157699584961
2012-09-18,GPR,82.91783905029297
2012-09-19,GPR,53.06172561645508
2012-09-20,GPR,52.32091522216797
2012-09-21,GPR,67.89513397216797
2012-09-22,GPR,28.168092727661133
2012-09-23,GPR,51.75886917114258
2012-09-24,GPR,60.30682373046875
2012-09-25,GPR,74.92713165283203
2012-09-26,GPR,87.26852416992188
2012-09-27,GPR,106.64201354980469
2012-09-28,GPR,89.97920227050781
2012-09-29,GPR,62.022544860839844
2012-09-30,GPR,59.507205963134766
2012-10-01,GPR,52.09804916381836
2012-10-02,GPR,81.33536529541016
2012-10-03,GPR,63.84767532348633
2012-10-04,GPR,72.01234436035156
2012-10-05,GPR,87.9742202758789
2012-10-06,GPR,49.2252197265625
2012-10-07,GPR,39.357242584228516
2012-10-08,GPR,92.6003646850586
2012-10-09,GPR,108.14913177490234
2012-10-10,GPR,64.5305404663086
2012-10-11,GPR,89.17181396484375
2012-10-12,GPR,81.25166320800781
2012-10-13,GPR,74.74205017089844
2012-10-14,GPR,46.46888732910156
2012-10-15,GPR,129.81033325195312
2012-10-16,GPR,79.95852661132812
2012-10-17,GPR,95.4528579711914
2012-10-18,GPR,109.91007995605469
2012-10-19,GPR,103.82190704345703
2012-10-20,GPR,71.02417755126953
2012-10-21,GPR,82.65523529052734
2012-10-22,GPR,163.3594970703125
2012-10-23,GPR,106.50161743164062
2012-10-24,GPR,74.35617065429688
2012-10-25,GPR,89.9630355834961
2012-10-26,GPR,67.88048553466797
2012-10-27,GPR,50.012123107910156
2012-10-28,GPR,50.76731872558594
2012-10-29,GPR,117.22061920166016
2012-10-30,GPR,69.49442291259766
2012-10-31,GPR,75.20423889160156
2012-11-01,GPR,53.590579986572266
2012-11-02,GPR,55.20946502685547
2012-11-03,GPR,61.56099319458008
2012-11-04,GPR,55.51789855957031
2012-11-05,GPR,61.5718879699707
2012-11-06,GPR,129.58700561523438
2012-11-07,GPR,43.58641815185547
2012-11-08,GPR,59.48845672607422
2012-11-09,GPR,72.01234436035156
2012-11-10,GPR,54.08273696899414
2012-11-11,GPR,51.65797424316406
2012-11-12,GPR,108.3355484008789
2012-11-13,GPR,61.272926330566406
2012-11-14,GPR,56.916969299316406
2012-11-15,GPR,96.56777954101562
2012-11-16,GPR,98.02496337890625
2012-11-17,GPR,110.41893005371094
2012-11-18,GPR,79.13984680175781
2012-11-19,GPR,116.35051727294922
2012-11-20,GPR,135.60218811035156
2012-11-21,GPR,116.17536163330078
2012-11-22,GPR,121.62774658203125
2012-11-23,GPR,122.54585266113281
2012-11-24,GPR,62.56029510498047
2012-11-25,GPR,50.73954772949219
2012-11-26,GPR,110.5606689453125
2012-11-27,GPR,67.26025390625
2012-11-28,GPR,55.39410400390625
2012-11-29,GPR,56.9495849609375
2012-11-30,GPR,68.23002624511719
2012-12-01,GPR,36.50212478637695
2012-12-02,GPR,73.61261749267578
2012-12-03,GPR,67.43140411376953
2012-12-04,GPR,101.98326873779297
2012-12-05,GPR,84.93763732910156
2012-12-06,GPR,39.543968200683594
2012-12-07,GPR,107.20284271240234
2012-12-08,GPR,61.2304573059082
2012-12-09,GPR,21.23440933227539
2012-12-10,GPR,59.91724395751953
2012-12-11,GPR,107.62855529785156
2012-12-12,GPR,108.60877227783203
2012-12-13,GPR,95.92377471923828
2012-12-14,GPR,104.71763610839844
2012-12-15,GPR,57.11323547363281
2012-12-16,GPR,57.554264068603516
2012-12-17,GPR,87.63406372070312
2012-12-18,GPR,80.30467224121094
2012-12-19,GPR,102.01748657226562
2012-12-20,GPR,82.29981994628906
2012-12-21,GPR,77.03646087646484
2012-12-22,GPR,60.71916198730469
2012-12-23,GPR,67.74166870117188
2012-12-24,GPR,89.38674926757812
2012-12-25,GPR,105.3998794555664
2012-12-26,GPR,55.93453598022461
2012-12-27,GPR,61.99993133544922
2012-12-28,GPR,103.94142150878906
2012-12-29,GPR,46.18281936645508
2012-12-30,GPR,68.85244750976562
2012-12-31,GPR,49.50288009643555
2013-01-01,GPR,116.83330535888672
2013-01-02,GPR,82.32990264892578
2013-01-03,GPR,78.42606353759766
2013-01-04,GPR,80.4021224975586
2013-01-05,GPR,55.04756164550781
2013-01-06,GPR,21.65077018737793
2013-01-07,GPR,83.806640625
2013-01-08,GPR,84.62763977050781
2013-01-09,GPR,70.40132904052734
2013-01-10,GPR,54.5674934387207
2013-01-11,GPR,94.95783996582031
2013-01-12,GPR,84.41516876220703
2013-01-13,GPR,55.9083137512207
2013-01-14,GPR,77.53734588623047
2013-01-15,GPR,124.8553237915039
2013-01-16,GPR,96.06802368164062
2013-01-17,GPR,125.95314025878906
2013-01-18,GPR,146.60467529296875
2013-01-19,GPR,106.30095672607422
2013-01-20,GPR,106.42787170410156
2013-01-21,GPR,121.64796447753906
2013-01-22,GPR,151.14378356933594
2013-01-23,GPR,116.95853424072266
2013-01-24,GPR,98.55047607421875
2013-01-25,GPR,124.61068725585938
2013-01-26,GPR,65.71369934082031
2013-01-27,GPR,69.59175872802734
2013-01-28,GPR,121.24431610107422
2013-01-29,GPR,37.03491973876953
2013-01-30,GPR,90.16455841064453
2013-01-31,GPR,53.66896438598633
2013-02-01,GPR,134.15383911132812
2013-02-02,GPR,38.865867614746094
2013-02-03,GPR,62.764442443847656
2013-02-04,GPR,82.70536804199219
2013-02-05,GPR,81.3898696899414
2013-02-06,GPR,92.0157699584961
2013-02-07,GPR,75.93278503417969
2013-02-08,GPR,91.72178649902344
2013-02-09,GPR,80.94056701660156
2013-02-10,GPR,105.04971313476562
2013-02-11,GPR,98.34883880615234
2013-02-12,GPR,91.13523864746094
2013-02-13,GPR,176.86680603027344
2013-02-14,GPR,86.18997192382812
2013-02-15,GPR,73.30233764648438
2013-02-16,GPR,66.25135040283203
2013-02-17,GPR,78.87065887451172
2013-02-18,GPR,63.09653091430664
2013-02-19,GPR,113.0272445678711
2013-02-20,GPR,86.96478271484375
2013-02-21,GPR,33.24657440185547
2013-02-22,GPR,81.15421295166016
2013-02-23,GPR,37.708736419677734
2013-02-24,GPR,39.51373291015625
2013-02-25,GPR,49.62648391723633
2013-02-26,GPR,114.36246490478516
2013-02-27,GPR,119.15711212158203
2013-02-28,GPR,66.07115936279297
2013-03-01,GPR,56.746341705322266
2013-03-02,GPR,31.03768539428711
2013-03-03,GPR,40.56205368041992
2013-03-04,GPR,45.37763977050781
2013-03-05,GPR,85.88137817382812
2013-03-06,GPR,89.93396759033203
2013-03-07,GPR,89.28753662109375
2013-03-08,GPR,92.39599609375
2013-03-09,GPR,56.396759033203125
2013-03-10,GPR,57.11323547363281
2013-03-11,GPR,70.56848907470703
2013-03-12,GPR,92.6003646850586
2013-03-13,GPR,104.33283996582031
2013-03-14,GPR,49.96774673461914
2013-03-15,GPR,86.62572479248047
2013-03-16,GPR,87.4698486328125
2013-03-17,GPR,55.20946502685547
2013-03-18,GPR,107.28964233398438
2013-03-19,GPR,82.03292083740234
2013-03-20,GPR,72.51012420654297
2013-03-21,GPR,85.62372589111328
2013-03-22,GPR,109.61961364746094
2013-03-23,GPR,56.05021286010742
2013-03-24,GPR,59.98613357543945
2013-03-25,GPR,102.8192367553711
2013-03-26,GPR,87.94427490234375
2013-03-27,GPR,100.5026626586914
2013-03-28,GPR,57.269142150878906
2013-03-29,GPR,125.15999603271484
2013-03-30,GPR,59.20585632324219
2013-03-31,GPR,21.00994300842285
2013-04-01,GPR,99.55804443359375
2013-04-02,GPR,72.47573852539062
2013-04-03,GPR,77.13086700439453
2013-04-04,GPR,123.71868896484375
2013-04-05,GPR,99.51920318603516
2013-04-06,GPR,75.28562927246094
2013-04-07,GPR,90.27962493896484
2013-04-08,GPR,121.8519515991211
2013-04-09,GPR,82.03292083740234
2013-04-10,GPR,92.12703704833984
2013-04-11,GPR,54.70295333862305
2013-04-12,GPR,97.20853424072266
2013-04-13,GPR,78.52442932128906
2013-04-14,GPR,37.35978698730469
2013-04-15,GPR,105.3128433227539
2013-04-16,GPR,108.67475128173828
2013-04-17,GPR,153.71543884277344
2013-04-18,GPR,82.49689483642578
2013-04-19,GPR,91.2050552368164
2013-04-20,GPR,94.73210144042969
2013-04-21,GPR,65.20802307128906
2013-04-22,GPR,165.16957092285156
2013-04-23,GPR,153.32225036621094
2013-04-24,GPR,104.45033264160156
2013-04-25,GPR,76.640380859375
2013-04-26,GPR,98.46273040771484
2013-04-27,GPR,69.98382568359375
2013-04-28,GPR,80.14276123046875
2013-04-29,GPR,89.40803527832031
2013-04-30,GPR,74.62605285644531
2013-05-01,GPR,68.93204498291016
2013-05-02,GPR,70.48016357421875
2013-05-03,GPR,82.29981994628906
2013-05-04,GPR,56.625091552734375
2013-05-05,GPR,61.98151779174805
2013-05-06,GPR,88.39717102050781
2013-05-07,GPR,83.02174377441406
2013-05-08,GPR,84.93763732910156
2013-05-09,GPR,65.07382202148438
2013-05-10,GPR,61.07770919799805
2013-05-11,GPR,71.02417755126953
2013-05-12,GPR,48.81678771972656
2013-05-13,GPR,78.7603530883789
2013-05-14,GPR,86.73805236816406
2013-05-15,GPR,44.513790130615234
2013-05-16,GPR,89.78886413574219
2013-05-17,GPR,105.79786682128906
2013-05-18,GPR,45.92814636230469
2013-05-19,GPR,103.51773834228516
2013-05-20,GPR,123.02521514892578
2013-05-21,GPR,95.35551452636719
2013-05-22,GPR,76.76866149902344
2013-05-23,GPR,100.92051696777344
2013-05-24,GPR,104.98847961425781
2013-05-25,GPR,99.09390258789062
2013-05-26,GPR,32.66831970214844
2013-05-27,GPR,126.3936767578125
2013-05-28,GPR,157.53294372558594
2013-05-29,GPR,108.14913177490234
2013-05-30,GPR,95.18872833251953
2013-05-31,GPR,67.14663696289062
2013-06-01,GPR,64.05517578125
2013-06-02,GPR,51.15934371948242
2013-06-03,GPR,62.92530059814453
2013-06-04,GPR,110.1469497680664
2013-06-05,GPR,58.66412353515625
2013-06-06,GPR,80.57597351074219
2013-06-07,GPR,156.52792358398438
2013-06-08,GPR,78.29705047607422
2013-06-09,GPR,87.5271987915039
2013-06-10,GPR,97.70214080810547
2013-06-11,GPR,126.30946350097656
2013-06-12,GPR,80.8882827758789
2013-06-13,GPR,82.10367584228516
2013-06-14,GPR,79.86274719238281
2013-06-15,GPR,98.6066665649414
2013-06-16,GPR,90.09075164794922
2013-06-17,GPR,149.29881286621094
2013-06-18,GPR,124.2212905883789
2013-06-19,GPR,116.4417724609375
2013-06-20,GPR,91.31602478027344
2013-06-21,GPR,73.69450378417969
2013-06-22,GPR,42.50514602661133
2013-06-23,GPR,41.06488800048828
2013-06-24,GPR,89.89329528808594
2013-06-25,GPR,85.92912292480469
2013-06-26,GPR,96.83511352539062
2013-06-27,GPR,39.08634567260742
2013-06-28,GPR,39.43532943725586
2013-06-29,GPR,15.581221580505371
2013-06-30,GPR,66.65126037597656
2013-07-01,GPR,71.90812683105469
2013-07-02,GPR,107.83097839355469
2013-07-03,GPR,84.93763732910156
2013-07-04,GPR,77.55175018310547
2013-07-05,GPR,67.95011138916016
2013-07-06,GPR,43.504642486572266
2013-07-07,GPR,68.53588104248047
2013-07-08,GPR,87.94427490234375
2013-07-09,GPR,98.94683074951172
2013-07-10,GPR,87.17283630371094
2013-07-11,GPR,77.26105499267578
2013-07-12,GPR,75.10594940185547
2013-07-13,GPR,54.833152770996094
2013-07-14,GPR,93.21077728271484
2013-07-15,GPR,125.8574447631836
2013-07-16,GPR,100.76251220703125
2013-07-17,GPR,117.40746307373047
2013-07-18,GPR,55.372318267822266
2013-07-19,GPR,83.66990661621094
2013-07-20,GPR,49.81304931640625
2013-07-21,GPR,43.77842712402344
2013-07-22,GPR,78.05756378173828
2013-07-23,GPR,74.88516998291016
2013-07-24,GPR,49.37989044189453
2013-07-25,GPR,54.64029312133789
2013-07-26,GPR,87.67440795898438
2013-07-27,GPR,34.90253448486328
2013-07-28,GPR,88.13927459716797
2013-07-29,GPR,101.85054779052734
2013-07-30,GPR,96.21566009521484
2013-07-31,GPR,50.381256103515625
2013-08-01,GPR,45.96228790283203
2013-08-02,GPR,43.63861846923828
2013-08-03,GPR,65.75039672851562
2013-08-04,GPR,54.98038101196289
2013-08-05,GPR,85.84397888183594
2013-08-06,GPR,65.87492370605469
2013-08-07,GPR,128.6837158203125
2013-08-08,GPR,95.32569122314453
2013-08-09,GPR,81.24469757080078
2013-08-10,GPR,73.39986419677734
2013-08-11,GPR,21.698041915893555
2013-08-12,GPR,84.8097152709961
2013-08-13,GPR,78.55891418457031
2013-08-14,GPR,42.36020278930664
2013-08-15,GPR,75.8603286743164
2013-08-16,GPR,48.60426712036133
2013-08-17,GPR,74.04183959960938
2013-08-18,GPR,99.68375396728516
2013-08-19,GPR,113.08908081054688
2013-08-20,GPR,96.34892272949219
2013-08-21,GPR,62.34443283081055
2013-08-22,GPR,58.66005325317383
2013-08-23,GPR,98.12107849121094
2013-08-24,GPR,86.91868591308594
2013-08-25,GPR,69.59175872802734
2013-08-26,GPR,110.09980010986328
2013-08-27,GPR,154.7476806640625
2013-08-28,GPR,140.363037109375
2013-08-29,GPR,187.63999938964844
2013-08-30,GPR,122.40435028076172
2013-08-31,GPR,187.61988830566406
2013-09-01,GPR,108.71361541748047
2013-09-02,GPR,104.6073989868164
2013-09-03,GPR,105.57984924316406
2013-09-04,GPR,50.25387191772461
2013-09-05,GPR,89.52886199951172
2013-09-06,GPR,126.0838851928711
2013-09-07,GPR,59.55815124511719
2013-09-08,GPR,66.25135040283203
2013-09-09,GPR,111.56315612792969
2013-09-10,GPR,66.75199127197266
2013-09-11,GPR,110.54598236083984
2013-09-12,GPR,76.2971420288086
2013-09-13,GPR,95.27296447753906
2013-09-14,GPR,77.73173522949219
2013-09-15,GPR,64.95230865478516
2013-09-16,GPR,127.75743865966797
2013-09-17,GPR,112.64398956298828
2013-09-18,GPR,83.11102294921875
2013-09-19,GPR,58.43898391723633
2013-09-20,GPR,90.80135345458984
2013-09-21,GPR,66.02171325683594
2013-09-22,GPR,81.12410736083984
2013-09-23,GPR,164.7133026123047
2013-09-24,GPR,174.1165771484375
2013-09-25,GPR,124.926513671875
2013-09-26,GPR,129.27093505859375
2013-09-27,GPR,131.36656188964844
2013-09-28,GPR,91.36085510253906
2013-09-29,GPR,76.55093383789062
2013-09-30,GPR,116.45745849609375
2013-10-01,GPR,132.81521606445312
2013-10-02,GPR,65.55722045898438
2013-10-03,GPR,40.20857238769531
2013-10-04,GPR,102.0298080444336
2013-10-05,GPR,35.843833923339844
2013-10-06,GPR,98.58832550048828
2013-10-07,GPR,125.08997344970703
2013-10-08,GPR,93.82888793945312
2013-10-09,GPR,87.7754135131836
2013-10-10,GPR,57.74200439453125
2013-10-11,GPR,66.39112091064453
2013-10-12,GPR,39.21983337402344
2013-10-13,GPR,20.28102684020996
2013-10-14,GPR,85.28290557861328
2013-10-15,GPR,102.45054626464844
2013-10-16,GPR,66.40760803222656
2013-10-17,GPR,63.642032623291016
2013-10-18,GPR,72.72377014160156
2013-10-19,GPR,60.11345291137695
2013-10-20,GPR,51.86016082763672
2013-10-21,GPR,133.9811248779297
2013-10-22,GPR,70.64717864990234
2013-10-23,GPR,88.33514404296875
2013-10-24,GPR,60.84307861328125
2013-10-25,GPR,50.8508186340332
2013-10-26,GPR,57.954681396484375
2013-10-27,GPR,62.501277923583984
2013-10-28,GPR,73.30716705322266
2013-10-29,GPR,65.83985137939453
2013-10-30,GPR,88.22819519042969
2013-10-31,GPR,60.22850036621094
2013-11-01,GPR,64.67051696777344
2013-11-02,GPR,65.01300811767578
2013-11-03,GPR,69.80506896972656
2013-11-04,GPR,55.28624725341797
2013-11-05,GPR,59.7628173828125
2013-11-06,GPR,76.10494232177734
2013-11-07,GPR,53.581016540527344
2013-11-08,GPR,120.52340698242188
2013-11-09,GPR,104.88341522216797
2013-11-10,GPR,35.016571044921875
2013-11-11,GPR,91.38117980957031
2013-11-12,GPR,88.01508331298828
2013-11-13,GPR,45.27427291870117
2013-11-14,GPR,99.47650909423828
2013-11-15,GPR,92.94522094726562
2013-11-16,GPR,29.789278030395508
2013-11-17,GPR,47.71187973022461
2013-11-18,GPR,83.27684020996094
2013-11-19,GPR,94.15567016601562
2013-11-20,GPR,81.33536529541016
2013-11-21,GPR,62.14948654174805
2013-11-22,GPR,76.55093383789062
2013-11-23,GPR,55.945587158203125
2013-11-24,GPR,58.919185638427734
2013-11-25,GPR,164.51678466796875
2013-11-26,GPR,186.73788452148438
2013-11-27,GPR,67.51730346679688
2013-11-28,GPR,57.798343658447266
2013-11-29,GPR,76.10494232177734
2013-11-30,GPR,38.25872039794922
2013-12-01,GPR,14.309146881103516
2013-12-02,GPR,37.750057220458984
2013-12-03,GPR,81.95154571533203
2013-12-04,GPR,99.29759216308594
2013-12-05,GPR,44.54942321777344
2013-12-06,GPR,49.9202880859375
2013-12-07,GPR,44.54942321777344
2013-12-08,GPR,82.18202209472656
2013-12-09,GPR,65.89988708496094
2013-12-10,GPR,61.11748123168945
2013-12-11,GPR,67.5223617553711
2013-12-12,GPR,57.636253356933594
2013-12-13,GPR,45.2227668762207
2013-12-14,GPR,54.886600494384766
2013-12-15,GPR,33.73286819458008
2013-12-16,GPR,41.46468734741211
2013-12-17,GPR,116.00431060791016
2013-12-18,GPR,112.78604125976562
2013-12-19,GPR,67.32860565185547
2013-12-20,GPR,106.17205047607422
2013-12-21,GPR,64.15778350830078
2013-12-22,GPR,71.08514404296875
2013-12-23,GPR,47.473106384277344
2013-12-24,GPR,75.74468994140625
2013-12-25,GPR,92.75189971923828
2013-12-26,GPR,104.82809448242188
2013-12-27,GPR,115.08920288085938
2013-12-28,GPR,86.04071807861328
2013-12-29,GPR,45.690589904785156
2013-12-30,GPR,68.65425109863281
2013-12-31,GPR,121.707763671875
2014-01-01,GPR,112.1636962890625
2014-01-02,GPR,82.12977600097656
2014-01-03,GPR,117.95494079589844
2014-01-04,GPR,32.2652702331543
2014-01-05,GPR,65.5233154296875
2014-01-06,GPR,103.51773834228516
2014-01-07,GPR,91.53147888183594
2014-01-08,GPR,93.82888793945312
2014-01-09,GPR,61.47032928466797
2014-01-10,GPR,96.66303253173828
2014-01-11,GPR,42.08343505859375
2014-01-12,GPR,7.06304407119751
2014-01-13,GPR,108.96604919433594
2014-01-14,GPR,91.65206909179688
2014-01-15,GPR,87.80299377441406
2014-01-16,GPR,60.78105545043945
2014-01-17,GPR,64.95230865478516
2014-01-18,GPR,63.125152587890625
2014-01-19,GPR,81.51732635498047
2014-01-20,GPR,85.71331787109375
2014-01-21,GPR,125.08997344970703
2014-01-22,GPR,81.95154571533203
2014-01-23,GPR,61.2178840637207
2014-01-24,GPR,106.38368225097656
2014-01-25,GPR,62.09123992919922
2014-01-26,GPR,91.62421417236328
2014-01-27,GPR,105.46525573730469
2014-01-28,GPR,64.61444854736328
2014-01-29,GPR,66.80148315429688
2014-01-30,GPR,45.55594253540039
2014-01-31,GPR,75.71583557128906
2014-02-01,GPR,36.704349517822266
2014-02-02,GPR,65.66764068603516
2014-02-03,GPR,156.57630920410156
2014-02-04,GPR,51.89400863647461
2014-02-05,GPR,91.35379028320312
2014-02-06,GPR,43.71916961669922
2014-02-07,GPR,60.6419677734375
2014-02-08,GPR,43.261146545410156
2014-02-09,GPR,71.87030792236328
2014-02-10,GPR,55.363250732421875
2014-02-11,GPR,77.70220184326172
2014-02-12,GPR,59.721771240234375
2014-02-13,GPR,68.08977508544922
2014-02-14,GPR,61.67979049682617
2014-02-15,GPR,68.51533508300781
2014-02-16,GPR,50.76731872558594
2014-02-17,GPR,84.3966293334961
2014-02-18,GPR,95.13902282714844
2014-02-19,GPR,85.04147338867188
2014-02-20,GPR,115.87171173095703
2014-02-21,GPR,116.56026458740234
2014-02-22,GPR,28.930723190307617
2014-02-23,GPR,38.51823043823242
2014-02-24,GPR,69.3731460571289
2014-02-25,GPR,61.5718879699707
2014-02-26,GPR,71.66613006591797
2014-02-27,GPR,65.92174530029297
2014-02-28,GPR,70.87701416015625
2014-03-01,GPR,101.96997833251953
2014-03-02,GPR,133.57127380371094
2014-03-03,GPR,180.03085327148438
2014-03-04,GPR,213.0656280517578
2014-03-05,GPR,213.84420776367188
2014-03-06,GPR,142.98854064941406
2014-03-07,GPR,165.26113891601562
2014-03-08,GPR,52.7281379699707
2014-03-09,GPR,102.8747787475586
2014-03-10,GPR,118.64496612548828
2014-03-11,GPR,115.1427230834961
2014-03-12,GPR,124.26982879638672
2014-03-13,GPR,84.93763732910156
2014-03-14,GPR,103.85346984863281
2014-03-15,GPR,97.6978530883789
2014-03-16,GPR,107.94518280029297
2014-03-17,GPR,135.20684814453125
2014-03-18,GPR,194.0785369873047
2014-03-19,GPR,153.06887817382812
2014-03-20,GPR,97.96873474121094
2014-03-21,GPR,117.64946746826172
2014-03-22,GPR,74.87720489501953
2014-03-23,GPR,84.60388946533203
2014-03-24,GPR,122.18487548828125
2014-03-25,GPR,140.58642578125
2014-03-26,GPR,108.48175048828125
2014-03-27,GPR,87.17283630371094
2014-03-28,GPR,112.1636962890625
2014-03-29,GPR,73.02838897705078
2014-03-30,GPR,59.98613357543945
2014-03-31,GPR,85.81781768798828
2014-04-01,GPR,120.92815399169922
2014-04-02,GPR,94.74890899658203
2014-04-03,GPR,63.2974739074707
2014-04-04,GPR,59.551780700683594
2014-04-05,GPR,60.44831085205078
2014-04-06,GPR,19.485692977905273
2014-04-07,GPR,56.96214294433594
2014-04-08,GPR,115.93987274169922
2014-04-09,GPR,142.43226623535156
2014-04-10,GPR,85.1054916381836
2014-04-11,GPR,52.940582275390625
2014-04-12,GPR,62.67866897583008
2014-04-13,GPR,46.283382415771484
2014-04-14,GPR,125.00255584716797
2014-04-15,GPR,129.5658721923828
2014-04-16,GPR,143.8509521484375
2014-04-17,GPR,82.81419372558594
2014-04-18,GPR,95.13902282714844
2014-04-19,GPR,53.1260871887207
2014-04-20,GPR,69.01182556152344
2014-04-21,GPR,89.93396759033203
2014-04-22,GPR,135.49290466308594
2014-04-23,GPR,114.79195404052734
2014-04-24,GPR,66.78563690185547
2014-04-25,GPR,125.74397277832031
2014-04-26,GPR,65.6263427734375
2014-04-27,GPR,81.62384796142578
2014-04-28,GPR,116.31206512451172
2014-04-29,GPR,125.793701171875
2014-04-30,GPR,182.05270385742188
2014-05-01,GPR,79.18489074707031
2014-05-02,GPR,92.11811828613281
2014-05-03,GPR,93.72142791748047
2014-05-04,GPR,91.11188507080078
2014-05-05,GPR,63.878719329833984
2014-05-06,GPR,111.76004791259766
2014-05-07,GPR,80.20745086669922
2014-05-08,GPR,121.40300750732422
2014-05-09,GPR,119.73136138916016
2014-05-10,GPR,50.381256103515625
2014-05-11,GPR,94.45203399658203
2014-05-12,GPR,93.84044647216797
2014-05-13,GPR,114.07518005371094
2014-05-14,GPR,113.31475067138672
2014-05-15,GPR,60.22850036621094
2014-05-16,GPR,79.4108657836914
2014-05-17,GPR,40.28379821777344
2014-05-18,GPR,67.60342407226562
2014-05-19,GPR,56.4642219543457
2014-05-20,GPR,77.7395248413086
2014-05-21,GPR,94.7530746459961
2014-05-22,GPR,58.45708084106445
2014-05-23,GPR,110.1740951538086
2014-05-24,GPR,66.56834411621094
2014-05-25,GPR,111.29180908203125
2014-05-26,GPR,43.230899810791016
2014-05-27,GPR,68.70510864257812
2014-05-28,GPR,96.48255157470703
2014-05-29,GPR,114.96981048583984
2014-05-30,GPR,64.87747955322266
2014-05-31,GPR,48.314571380615234
2014-06-01,GPR,34.79587936401367
2014-06-02,GPR,57.27783203125
2014-06-03,GPR,84.3966293334961
2014-06-04,GPR,76.4748306274414
2014-06-05,GPR,107.98065185546875
2014-06-06,GPR,52.97283172607422
2014-06-07,GPR,23.87436294555664
2014-06-08,GPR,69.8853988647461
2014-06-09,GPR,75.93278503417969
2014-06-10,GPR,114.51898193359375
2014-06-11,GPR,130.0640106201172
2014-06-12,GPR,87.9742202758789
2014-06-13,GPR,99.44561767578125
2014-06-14,GPR,74.20626831054688
2014-06-15,GPR,65.59539794921875
2014-06-16,GPR,135.30911254882812
2014-06-17,GPR,207.0354766845703
2014-06-18,GPR,144.5634307861328
2014-06-19,GPR,104.74522399902344
2014-06-20,GPR,143.6958465576172
2014-06-21,GPR,89.03101348876953
2014-06-22,GPR,102.8747787475586
2014-06-23,GPR,129.00125122070312
2014-06-24,GPR,155.02163696289062
2014-06-25,GPR,94.64479064941406
2014-06-26,GPR,95.01924896240234
2014-06-27,GPR,136.6387939453125
2014-06-28,GPR,76.96761322021484
2014-06-29,GPR,91.17159271240234
2014-06-30,GPR,84.09903717041016
2014-07-01,GPR,127.72338104248047
2014-07-02,GPR,134.72164916992188
2014-07-03,GPR,93.11001586914062
2014-07-04,GPR,92.0157699584961
2014-07-05,GPR,73.1883316040039
2014-07-06,GPR,90.96295928955078
2014-07-07,GPR,124.0274887084961
2014-07-08,GPR,114.51898193359375
2014-07-09,GPR,109.20553588867188
2014-07-10,GPR,75.13040161132812
2014-07-11,GPR,116.42811584472656
2014-07-12,GPR,57.9457893371582
2014-07-13,GPR,123.22461700439453
2014-07-14,GPR,151.0289306640625
2014-07-15,GPR,97.30403137207031
2014-07-16,GPR,160.0869140625
2014-07-17,GPR,147.45384216308594
2014-07-18,GPR,207.27992248535156
2014-07-19,GPR,173.84658813476562
2014-07-20,GPR,116.2304458618164
2014-07-21,GPR,203.44903564453125
2014-07-22,GPR,208.98077392578125
2014-07-23,GPR,217.15283203125
2014-07-24,GPR,119.6003646850586
2014-07-25,GPR,180.27578735351562
2014-07-26,GPR,131.2224884033203
2014-07-27,GPR,110.41893005371094
2014-07-28,GPR,149.43914794921875
2014-07-29,GPR,169.99307250976562
2014-07-30,GPR,202.2324676513672
2014-07-31,GPR,141.76959228515625
2014-08-01,GPR,151.29515075683594
2014-08-02,GPR,47.034427642822266
2014-08-03,GPR,36.16340255737305
2014-08-04,GPR,155.696044921875
2014-08-05,GPR,172.57949829101562
2014-08-06,GPR,159.5406494140625
2014-08-07,GPR,177.72909545898438
2014-08-08,GPR,212.3964385986328
2014-08-09,GPR,142.10252380371094
2014-08-10,GPR,117.51902770996094
2014-08-11,GPR,206.7042236328125
2014-08-12,GPR,150.57125854492188
2014-08-13,GPR,165.8466033935547
2014-08-14,GPR,106.74224090576172
2014-08-15,GPR,131.8223419189453
2014-08-16,GPR,83.90495300292969
2014-08-17,GPR,79.55948638916016
2014-08-18,GPR,115.86087036132812
2014-08-19,GPR,216.1544952392578
2014-08-20,GPR,123.02521514892578
2014-08-21,GPR,153.53732299804688
2014-08-22,GPR,109.5760269165039
2014-08-23,GPR,108.71361541748047
2014-08-24,GPR,66.78563690185547
2014-08-25,GPR,167.60015869140625
2014-08-26,GPR,118.14370727539062
2014-08-27,GPR,143.0821075439453
2014-08-28,GPR,97.53470611572266
2014-08-29,GPR,157.33633422851562
2014-08-30,GPR,127.5322265625
2014-08-31,GPR,103.73385620117188
2014-09-01,GPR,227.84857177734375
2014-09-02,GPR,219.2826690673828
2014-09-03,GPR,184.26419067382812
2014-09-04,GPR,219.8441925048828
2014-09-05,GPR,117.66925048828125
2014-09-06,GPR,101.83300018310547
2014-09-07,GPR,78.72647094726562
2014-09-08,GPR,147.0210418701172
2014-09-09,GPR,110.5606689453125
2014-09-10,GPR,131.67970275878906
2014-09-11,GPR,118.18185424804688
2014-09-12,GPR,168.17050170898438
2014-09-13,GPR,99.93549346923828
2014-09-14,GPR,101.92516326904297
2014-09-15,GPR,112.8726806640625
2014-09-16,GPR,157.3469696044922
2014-09-17,GPR,159.79791259765625
2014-09-18,GPR,118.05796813964844
2014-09-19,GPR,132.80625915527344
2014-09-20,GPR,76.32644653320312
2014-09-21,GPR,79.82090759277344
2014-09-22,GPR,80.6785888671875
2014-09-23,GPR,179.1758270263672
2014-09-24,GPR,146.8816375732422
2014-09-25,GPR,107.52838134765625
2014-09-26,GPR,151.3148193359375
2014-09-27,GPR,128.7447509765625
2014-09-28,GPR,60.10707473754883
2014-09-29,GPR,101.27595520019531
2014-09-30,GPR,97.30403137207031
2014-10-01,GPR,108.3355484008789
2014-10-02,GPR,57.60987091064453
2014-10-03,GPR,103.98194122314453
2014-10-04,GPR,81.08733367919922
2014-10-05,GPR,50.47722244262695
2014-10-06,GPR,95.29304504394531
2014-10-07,GPR,67.60342407226562
2014-10-08,GPR,80.9824447631836
2014-10-09,GPR,75.36348724365234
2014-10-10,GPR,121.7016830444336
2014-10-11,GPR,64.35458374023438
2014-10-12,GPR,41.06488800048828
2014-10-13,GPR,80.6785888671875
2014-10-14,GPR,70.293212890625
2014-10-15,GPR,89.52886199951172
2014-10-16,GPR,68.58318328857422
2014-10-17,GPR,86.50884246826172
2014-10-18,GPR,51.01163101196289
2014-10-19,GPR,57.66558837890625
2014-10-20,GPR,75.8603286743164
2014-10-21,GPR,60.74390411376953
2014-10-22,GPR,78.49686431884766
2014-10-23,GPR,74.2879638671875
2014-10-24,GPR,91.68357849121094
2014-10-25,GPR,111.97412109375
2014-10-26,GPR,37.7142448425293
2014-10-27,GPR,96.68016815185547
2014-10-28,GPR,139.37872314453125
2014-10-29,GPR,92.36563873291016
2014-10-30,GPR,103.40233612060547
2014-10-31,GPR,89.83234405517578
2014-11-01,GPR,97.52098083496094
2014-11-02,GPR,44.93793487548828
2014-11-03,GPR,80.91041564941406
2014-11-04,GPR,79.87751770019531
2014-11-05,GPR,103.51773834228516
2014-11-06,GPR,41.02251052856445
2014-11-07,GPR,90.21154022216797
2014-11-08,GPR,62.501277923583984
2014-11-09,GPR,67.19204711914062
2014-11-10,GPR,57.861446380615234
2014-11-11,GPR,77.03646087646484
2014-11-12,GPR,57.4178352355957
2014-11-13,GPR,61.54497528076172
2014-11-14,GPR,77.44579315185547
2014-11-15,GPR,97.96873474121094
2014-11-16,GPR,51.25830078125
2014-11-17,GPR,136.548583984375
2014-11-18,GPR,87.40283966064453
2014-11-19,GPR,92.23857116699219
2014-11-20,GPR,89.15814208984375
2014-11-21,GPR,110.541748046875
2014-11-22,GPR,54.009254455566406
2014-11-23,GPR,76.59115600585938
2014-11-24,GPR,142.10719299316406
2014-11-25,GPR,163.63818359375
2014-11-26,GPR,119.0936508178711
2014-11-27,GPR,80.7943344116211
2014-11-28,GPR,90.86843872070312
2014-11-29,GPR,49.09932327270508
2014-11-30,GPR,83.9442138671875
2014-12-01,GPR,57.56436538696289
2014-12-02,GPR,108.90633392333984
2014-12-03,GPR,88.44233703613281
2014-12-04,GPR,89.80892944335938
2014-12-05,GPR,62.501277923583984
2014-12-06,GPR,61.644256591796875
2014-12-07,GPR,43.99995040893555
2014-12-08,GPR,109.46703338623047
2014-12-09,GPR,72.47573852539062
2014-12-10,GPR,107.7931900024414
2014-12-11,GPR,81.70773315429688
2014-12-12,GPR,77.55175018310547
2014-12-13,GPR,71.80872344970703
2014-12-14,GPR,88.24462890625
2014-12-15,GPR,66.97259521484375
2014-12-16,GPR,136.0686492919922
2014-12-17,GPR,144.743896484375
2014-12-18,GPR,122.81765747070312
2014-12-19,GPR,110.96691131591797
2014-12-20,GPR,73.45714569091797
2014-12-21,GPR,109.50636291503906
2014-12-22,GPR,74.2015151977539
2014-12-23,GPR,56.84593200683594
2014-12-24,GPR,123.6417236328125
2014-12-25,GPR,44.02083206176758
2014-12-26,GPR,114.01953887939453
2014-12-27,GPR,60.82398223876953
2014-12-28,GPR,32.71672058105469
2014-12-29,GPR,92.93777465820312
2014-12-30,GPR,69.61613464355469
2014-12-31,GPR,93.75191497802734
2015-01-01,GPR,74.57938385009766
2015-01-02,GPR,106.85701751708984
2015-01-03,GPR,53.42850875854492
2015-01-04,GPR,16.480436325073242
2015-01-05,GPR,100.71996307373047
2015-01-06,GPR,66.82413482666016
2015-01-07,GPR,78.7603530883789
2015-01-08,GPR,168.6398162841797
2015-01-09,GPR,64.71438598632812
2015-01-10,GPR,138.7462921142578
2015-01-11,GPR,96.12361145019531
2015-01-12,GPR,148.07835388183594
2015-01-13,GPR,151.55538940429688
2015-01-14,GPR,88.3912582397461
2015-01-15,GPR,132.78982543945312
2015-01-16,GPR,156.10951232910156
2015-01-17,GPR,108.23240661621094
2015-01-18,GPR,78.12659454345703
2015-01-19,GPR,120.25823974609375
2015-01-20,GPR,175.2919158935547
2015-01-21,GPR,148.50863647460938
2015-01-22,GPR,98.54320526123047
2015-01-23,GPR,109.11988067626953
2015-01-24,GPR,97.71585845947266
2015-01-25,GPR,110.41893005371094
2015-01-26,GPR,135.92604064941406
2015-01-27,GPR,95.16268157958984
2015-01-28,GPR,146.4594268798828
2015-01-29,GPR,105.28024291992188
2015-01-30,GPR,126.52168273925781
2015-01-31,GPR,60.167724609375
2015-02-01,GPR,114.22647094726562
2015-02-02,GPR,101.14710235595703
2015-02-03,GPR,141.2511749267578
2015-02-04,GPR,90.69612121582031
2015-02-05,GPR,89.42814636230469
2015-02-06,GPR,166.44029235839844
2015-02-07,GPR,116.95133972167969
2015-02-08,GPR,107.08731079101562
2015-02-09,GPR,128.9940643310547
2015-02-10,GPR,134.22850036621094
2015-02-11,GPR,110.84524536132812
2015-02-12,GPR,76.61225128173828
2015-02-13,GPR,139.6398468017578
2015-02-14,GPR,60.35042190551758
2015-02-15,GPR,70.78136444091797
2015-02-16,GPR,102.5166015625
2015-02-17,GPR,123.7453384399414
2015-02-18,GPR,154.67242431640625
2015-02-19,GPR,143.86007690429688
2015-02-20,GPR,136.84970092773438
2015-02-21,GPR,72.01234436035156
2015-02-22,GPR,83.68592071533203
2015-02-23,GPR,168.176513671875
2015-02-24,GPR,149.08883666992188
2015-02-25,GPR,114.378173828125
2015-02-26,GPR,95.06265258789062
2015-02-27,GPR,105.93698120117188
2015-02-28,GPR,51.557472229003906
2015-03-01,GPR,111.40922546386719
2015-03-02,GPR,105.46525573730469
2015-03-03,GPR,149.37307739257812
2015-03-04,GPR,218.31878662109375
2015-03-05,GPR,77.4869613647461
2015-03-06,GPR,86.04071807861328
2015-03-07,GPR,59.09745407104492
2015-03-08,GPR,86.04071807861328
2015-03-09,GPR,79.82090759277344
2015-03-10,GPR,89.771484375
2015-03-11,GPR,78.04478454589844
2015-03-12,GPR,105.60790252685547
2015-03-13,GPR,67.84777069091797
2015-03-14,GPR,66.88500213623047
2015-03-15,GPR,116.68535614013672
2015-03-16,GPR,109.26010131835938
2015-03-17,GPR,97.29219818115234
2015-03-18,GPR,117.37445068359375
2015-03-19,GPR,55.86671829223633
2015-03-20,GPR,94.76250457763672
2015-03-21,GPR,74.55940246582031
2015-03-22,GPR,78.87065887451172
2015-03-23,GPR,98.2957763671875
2015-03-24,GPR,100.38084411621094
2015-03-25,GPR,105.37905883789062
2015-03-26,GPR,103.40631103515625
2015-03-27,GPR,199.252197265625
2015-03-28,GPR,91.8117446899414
2015-03-29,GPR,129.1449432373047
2015-03-30,GPR,123.23540496826172
2015-03-31,GPR,131.05657958984375
2015-04-01,GPR,138.92813110351562
2015-04-02,GPR,113.84656524658203
2015-04-03,GPR,150.14471435546875
2015-04-04,GPR,165.62838745117188
2015-04-05,GPR,116.45745849609375
2015-04-06,GPR,116.78925323486328
2015-04-07,GPR,110.12525177001953
2015-04-08,GPR,166.75509643554688
2015-04-09,GPR,134.8137969970703
2015-04-10,GPR,142.1363983154297
2015-04-11,GPR,74.88043212890625
2015-04-12,GPR,53.0010871887207
2015-04-13,GPR,79.2243423461914
2015-04-14,GPR,121.64796447753906
2015-04-15,GPR,143.6572723388672
2015-04-16,GPR,104.71763610839844
2015-04-17,GPR,99.0600357055664
2015-04-18,GPR,47.478919982910156
2015-04-19,GPR,97.81204223632812
2015-04-20,GPR,91.7326431274414
2015-04-21,GPR,85.28290557861328
2015-04-22,GPR,75.58879852294922
2015-04-23,GPR,61.07770919799805
2015-04-24,GPR,156.40452575683594
2015-04-25,GPR,41.45420455932617
2015-04-26,GPR,39.279457092285156
2015-04-27,GPR,76.0417251586914
2015-04-28,GPR,46.00788497924805
2015-04-29,GPR,84.09903717041016
2015-04-30,GPR,52.747894287109375
2015-05-01,GPR,76.23860931396484
2015-05-02,GPR,41.45420455932617
2015-05-03,GPR,43.83359909057617
2015-05-04,GPR,70.595703125
2015-05-05,GPR,44.76443099975586
2015-05-06,GPR,99.69424438476562
2015-05-07,GPR,64.28498840332031
2015-05-08,GPR,71.75237274169922
2015-05-09,GPR,50.07369613647461
2015-05-10,GPR,52.5804443359375
2015-05-11,GPR,118.67454528808594
2015-05-12,GPR,62.16614532470703
2015-05-13,GPR,114.38423919677734
2015-05-14,GPR,77.46539306640625
2015-05-15,GPR,95.23632049560547
2015-05-16,GPR,78.19366455078125
2015-05-17,GPR,76.887451171875
2015-05-18,GPR,112.11767578125
2015-05-19,GPR,128.43557739257812
2015-05-20,GPR,71.46401977539062
2015-05-21,GPR,56.78687286376953
2015-05-22,GPR,84.28925323486328
2015-05-23,GPR,80.7943344116211
2015-05-24,GPR,63.16336441040039
2015-05-25,GPR,86.68401336669922
2015-05-26,GPR,37.399959564208984
2015-05-27,GPR,83.27684020996094
2015-05-28,GPR,55.8925895690918
2015-05-29,GPR,55.4736213684082
2015-05-30,GPR,68.61474609375
2015-05-31,GPR,84.0397720336914
2015-06-01,GPR,106.23394775390625
2015-06-02,GPR,65.3465576171875
2015-06-03,GPR,129.118896484375
2015-06-04,GPR,84.12870788574219
2015-06-05,GPR,62.501277923583984
2015-06-06,GPR,36.68402862548828
2015-06-07,GPR,86.60308074951172
2015-06-08,GPR,81.79179382324219
2015-06-09,GPR,95.46304321289062
2015-06-10,GPR,48.58432388305664
2015-06-11,GPR,54.965171813964844
2015-06-12,GPR,41.64371109008789
2015-06-13,GPR,56.14521408081055
2015-06-14,GPR,64.6985855102539
2015-06-15,GPR,63.19683837890625
2015-06-16,GPR,114.22647094726562
2015-06-17,GPR,79.92790985107422
2015-06-18,GPR,83.08512115478516
2015-06-19,GPR,44.27490234375
2015-06-20,GPR,99.45352935791016
2015-06-21,GPR,74.66853332519531
2015-06-22,GPR,90.68220520019531
2015-06-23,GPR,103.51773834228516
2015-06-24,GPR,84.81681060791016
2015-06-25,GPR,131.0054931640625
2015-06-26,GPR,81.48998260498047
2015-06-27,GPR,78.12659454345703
2015-06-28,GPR,109.96076202392578
2015-06-29,GPR,136.92648315429688
2015-06-30,GPR,169.31866455078125
2015-07-01,GPR,93.14065551757812
2015-07-02,GPR,84.56055450439453
2015-07-03,GPR,86.95490264892578
2015-07-04,GPR,50.12138366699219
2015-07-05,GPR,80.4021224975586
2015-07-06,GPR,109.32566833496094
2015-07-07,GPR,82.0898666381836
2015-07-08,GPR,61.78390121459961
2015-07-09,GPR,58.6295166015625
2015-07-10,GPR,107.38996887207031
2015-07-11,GPR,81.55207824707031
2015-07-12,GPR,105.27227783203125
2015-07-13,GPR,123.0675277709961
2015-07-14,GPR,67.70211029052734
2015-07-15,GPR,229.97799682617188
2015-07-16,GPR,117.64946746826172
2015-07-17,GPR,146.96043395996094
2015-07-18,GPR,63.4743537902832
2015-07-19,GPR,98.67223358154297
2015-07-20,GPR,125.31095123291016
2015-07-21,GPR,193.97918701171875
2015-07-22,GPR,152.95497131347656
2015-07-23,GPR,87.72247314453125
2015-07-24,GPR,113.35782623291016
2015-07-25,GPR,92.12703704833984
2015-07-26,GPR,127.40645599365234
2015-07-27,GPR,171.43505859375
2015-07-28,GPR,132.92807006835938
2015-07-29,GPR,99.94815826416016
2015-07-30,GPR,74.9848861694336
2015-07-31,GPR,72.27420043945312
2015-08-01,GPR,64.01097106933594
2015-08-02,GPR,69.55522918701172
2015-08-03,GPR,28.458484649658203
2015-08-04,GPR,155.10350036621094
2015-08-05,GPR,77.82831573486328
2015-08-06,GPR,128.7997283935547
2015-08-07,GPR,90.13789367675781
2015-08-08,GPR,68.75904083251953
2015-08-09,GPR,85.33546447753906
2015-08-10,GPR,88.92799377441406
2015-08-11,GPR,93.79849243164062
2015-08-12,GPR,97.42845916748047
2015-08-13,GPR,110.11305236816406
2015-08-14,GPR,78.32218170166016
2015-08-15,GPR,47.83491134643555
2015-08-16,GPR,71.2380142211914
2015-08-17,GPR,95.6089096069336
2015-08-18,GPR,88.54347229003906
2015-08-19,GPR,121.07337188720703
2015-08-20,GPR,28.846744537353516
2015-08-21,GPR,86.26477813720703
2015-08-22,GPR,79.31500244140625
2015-08-23,GPR,55.20946502685547
2015-08-24,GPR,103.35624694824219
2015-08-25,GPR,58.1152229309082
2015-08-26,GPR,79.10609436035156
2015-08-27,GPR,85.70679473876953
2015-08-28,GPR,52.88569641113281
2015-08-29,GPR,64.28009796142578
2015-08-30,GPR,70.75387573242188
2015-08-31,GPR,79.24803161621094
2015-09-01,GPR,96.3266830444336
2015-09-02,GPR,75.71583557128906
2015-09-03,GPR,85.4856185913086
2015-09-04,GPR,98.02912902832031
2015-09-05,GPR,91.27626037597656
2015-09-06,GPR,82.64202117919922
2015-09-07,GPR,84.0753173828125
2015-09-08,GPR,117.95494079589844
2015-09-09,GPR,142.70852661132812
2015-09-10,GPR,143.31256103515625
2015-09-11,GPR,118.87203979492188
2015-09-12,GPR,101.751220703125
2015-09-13,GPR,55.3118896484375
2015-09-14,GPR,79.94129943847656
2015-09-15,GPR,122.68769073486328
2015-09-16,GPR,83.47319030761719
2015-09-17,GPR,83.40997314453125
2015-09-18,GPR,83.91305541992188
2015-09-19,GPR,83.0118408203125
2015-09-20,GPR,68.18321228027344
2015-09-21,GPR,86.41481018066406
2015-09-22,GPR,188.75030517578125
2015-09-23,GPR,85.7754898071289
2015-09-24,GPR,88.69506072998047
2015-09-25,GPR,81.83991241455078
2015-09-26,GPR,78.38380432128906
2015-09-27,GPR,75.04198455810547
2015-09-28,GPR,92.13209533691406
2015-09-29,GPR,111.60942077636719
2015-09-30,GPR,101.27595520019531
2015-10-01,GPR,128.45445251464844
2015-10-02,GPR,180.3509063720703
2015-10-03,GPR,70.55522155761719
2015-10-04,GPR,81.99424743652344
2015-10-05,GPR,91.09561157226562
2015-10-06,GPR,113.13414764404297
2015-10-07,GPR,110.68245697021484
2015-10-08,GPR,70.63836669921875
2015-10-09,GPR,88.3863754272461
2015-10-10,GPR,107.57498931884766
2015-10-11,GPR,83.11102294921875
2015-10-12,GPR,79.31500244140625
2015-10-13,GPR,80.68500518798828
2015-10-14,GPR,105.43982696533203
2015-10-15,GPR,84.31990814208984
2015-10-16,GPR,90.19367218017578
2015-10-17,GPR,110.28762817382812
2015-10-18,GPR,67.10542297363281
2015-10-19,GPR,85.07396697998047
2015-10-20,GPR,70.16028594970703
2015-10-21,GPR,69.3731460571289
2015-10-22,GPR,68.85244750976562
2015-10-23,GPR,79.13984680175781
2015-10-24,GPR,73.32506561279297
2015-10-25,GPR,51.93921661376953
2015-10-26,GPR,83.86247253417969
2015-10-27,GPR,49.441307067871094
2015-10-28,GPR,68.03733825683594
2015-10-29,GPR,62.64903259277344
2015-10-30,GPR,91.50739288330078
2015-10-31,GPR,81.29000091552734
2015-11-01,GPR,46.562198638916016
2015-11-02,GPR,109.91929626464844
2015-11-03,GPR,53.27228927612305
2015-11-04,GPR,96.48255157470703
2015-11-05,GPR,60.44831085205078
2015-11-06,GPR,89.18451690673828
2015-11-07,GPR,102.21636962890625
2015-11-08,GPR,84.10816192626953
2015-11-09,GPR,87.3079833984375
2015-11-10,GPR,85.30216979980469
2015-11-11,GPR,51.980377197265625
2015-11-12,GPR,44.11854934692383
2015-11-13,GPR,61.5718879699707
2015-11-14,GPR,121.14533233642578
2015-11-15,GPR,129.0610809326172
2015-11-16,GPR,291.9892578125
2015-11-17,GPR,354.0518798828125
2015-11-18,GPR,309.495361328125
2015-11-19,GPR,242.89370727539062
2015-11-20,GPR,212.1929473876953
2015-11-21,GPR,171.53688049316406
2015-11-22,GPR,203.52639770507812
2015-11-23,GPR,170.00735473632812
2015-11-24,GPR,246.838134765625
2015-11-25,GPR,247.6171875
2015-11-26,GPR,172.9800262451172
2015-11-27,GPR,237.591064453125
2015-11-28,GPR,101.36375427246094
2015-11-29,GPR,103.51773834228516
2015-11-30,GPR,100.22897338867188
2015-12-01,GPR,170.49981689453125
2015-12-02,GPR,192.69784545898438
2015-12-03,GPR,157.9247283935547
2015-12-04,GPR,156.33291625976562
2015-12-05,GPR,158.12745666503906
2015-12-06,GPR,135.33836364746094
2015-12-07,GPR,197.36715698242188
2015-12-08,GPR,197.98146057128906
2015-12-09,GPR,199.49636840820312
2015-12-10,GPR,147.40721130371094
2015-12-11,GPR,150.00306701660156
2015-12-12,GPR,103.64730072021484
2015-12-13,GPR,81.62384796142578
2015-12-14,GPR,119.4185791015625
2015-12-15,GPR,142.25750732421875
2015-12-16,GPR,170.60433959960938
2015-12-17,GPR,162.97996520996094
2015-12-18,GPR,134.47500610351562
2015-12-19,GPR,115.4379653930664
2015-12-20,GPR,100.59858703613281
2015-12-21,GPR,165.0172119140625
2015-12-22,GPR,143.2771453857422
2015-12-23,GPR,73.7386703491211
2015-12-24,GPR,111.12447357177734
2015-12-25,GPR,160.93446350097656
2015-12-26,GPR,135.3522186279297
2015-12-27,GPR,102.93289184570312
2015-12-28,GPR,147.82249450683594
2015-12-29,GPR,109.34689331054688
2015-12-30,GPR,141.56272888183594
2015-12-31,GPR,70.10725402832031
2016-01-01,GPR,208.83578491210938
2016-01-02,GPR,89.81443786621094
2016-01-03,GPR,113.11206817626953
2016-01-04,GPR,133.57127380371094
2016-01-05,GPR,205.15902709960938
2016-01-06,GPR,161.46932983398438
2016-01-07,GPR,205.20330810546875
2016-01-08,GPR,181.01463317871094
2016-01-09,GPR,67.20005798339844
2016-01-10,GPR,100.81727600097656
2016-01-11,GPR,95.24954986572266
2016-01-12,GPR,106.3890380859375
2016-01-13,GPR,139.33460998535156
2016-01-14,GPR,125.4760513305664
2016-01-15,GPR,112.73136138916016
2016-01-16,GPR,92.98435974121094
2016-01-17,GPR,102.0298080444336
2016-01-18,GPR,147.984130859375
2016-01-19,GPR,154.4204559326172
2016-01-20,GPR,194.33729553222656
2016-01-21,GPR,87.86651611328125
2016-01-22,GPR,110.86237335205078
2016-01-23,GPR,82.91289520263672
2016-01-24,GPR,85.93925476074219
2016-01-25,GPR,82.81419372558594
2016-01-26,GPR,72.01234436035156
2016-01-27,GPR,93.97354888916016
2016-01-28,GPR,76.83790588378906
2016-01-29,GPR,83.25235748291016
2016-01-30,GPR,40.54550552368164
2016-01-31,GPR,40.72829055786133
2016-02-01,GPR,132.70687866210938
2016-02-02,GPR,103.51773834228516
2016-02-03,GPR,104.03104400634766
2016-02-04,GPR,96.6531753540039
2016-02-05,GPR,109.37723541259766
2016-02-06,GPR,77.32037353515625
2016-02-07,GPR,110.18936157226562
2016-02-08,GPR,139.5309295654297
2016-02-09,GPR,77.60041809082031
2016-02-10,GPR,99.32736206054688
2016-02-11,GPR,118.4752426147461
2016-02-12,GPR,106.14369201660156
2016-02-13,GPR,64.63546752929688
2016-02-14,GPR,115.97611236572266
2016-02-15,GPR,81.19038391113281
2016-02-16,GPR,128.85191345214844
2016-02-17,GPR,134.09194946289062
2016-02-18,GPR,118.95960998535156
2016-02-19,GPR,161.5886688232422
2016-02-20,GPR,69.3517837524414
2016-02-21,GPR,61.2178840637207
2016-02-22,GPR,104.66248321533203
2016-02-23,GPR,150.35768127441406
2016-02-24,GPR,115.6131362915039
2016-02-25,GPR,57.1890869140625
2016-02-26,GPR,88.87377166748047
2016-02-27,GPR,46.477352142333984
2016-02-28,GPR,101.82073211669922
2016-02-29,GPR,59.73482894897461
2016-03-01,GPR,123.23540496826172
2016-03-02,GPR,81.85124206542969
2016-03-03,GPR,131.77566528320312
2016-03-04,GPR,72.01234436035156
2016-03-05,GPR,68.61474609375
2016-03-06,GPR,51.65797424316406
2016-03-07,GPR,67.18156433105469
2016-03-08,GPR,103.05766296386719
2016-03-09,GPR,91.76087188720703
2016-03-10,GPR,99.94815826416016
2016-03-11,GPR,58.51002502441406
2016-03-12,GPR,55.942039489746094
2016-03-13,GPR,64.32170104980469
2016-03-14,GPR,134.74850463867188
2016-03-15,GPR,132.50270080566406
2016-03-16,GPR,100.38084411621094
2016-03-17,GPR,79.66934967041016
2016-03-18,GPR,104.46994018554688
2016-03-19,GPR,40.4869384765625
2016-03-20,GPR,74.36376190185547
2016-03-21,GPR,112.46371459960938
2016-03-22,GPR,76.37043762207031
2016-03-23,GPR,245.37538146972656
2016-03-24,GPR,141.8479766845703
2016-03-25,GPR,186.76197814941406
2016-03-26,GPR,101.58541107177734
2016-03-27,GPR,65.11189270019531
2016-03-28,GPR,157.18687438964844
2016-03-29,GPR,168.95631408691406
2016-03-30,GPR,140.47825622558594
2016-03-31,GPR,131.27745056152344
2016-04-01,GPR,156.7049102783203
2016-04-02,GPR,88.50371551513672
2016-04-03,GPR,105.79058837890625
2016-04-04,GPR,113.1427230834961
2016-04-05,GPR,89.26080322265625
2016-04-06,GPR,101.51417541503906
2016-04-07,GPR,93.87843322753906
2016-04-08,GPR,46.477352142333984
2016-04-09,GPR,44.5455322265625
2016-04-10,GPR,69.59175872802734
2016-04-11,GPR,95.73894500732422
2016-04-12,GPR,79.82090759277344
2016-04-13,GPR,97.70214080810547
2016-04-14,GPR,96.78153228759766
2016-04-15,GPR,86.41481018066406
2016-04-16,GPR,55.63744354248047
2016-04-17,GPR,64.11421203613281
2016-04-18,GPR,52.3036994934082
2016-04-19,GPR,90.2462387084961
2016-04-20,GPR,93.18052673339844
2016-04-21,GPR,93.311767578125
2016-04-22,GPR,76.72159576416016
2016-04-23,GPR,40.49593734741211
2016-04-24,GPR,86.98208618164062
2016-04-25,GPR,80.2722396850586
2016-04-26,GPR,80.30467224121094
2016-04-27,GPR,74.1619644165039
2016-04-28,GPR,105.86102294921875
2016-04-29,GPR,77.53734588623047
2016-04-30,GPR,71.83882141113281
2016-05-01,GPR,77.36357116699219
2016-05-02,GPR,99.31861114501953
2016-05-03,GPR,71.12875366210938
2016-05-04,GPR,104.36856842041016
2016-05-05,GPR,103.82675170898438
2016-05-06,GPR,79.36795043945312
2016-05-07,GPR,54.57969665527344
2016-05-08,GPR,22.33191680908203
2016-05-09,GPR,100.38084411621094
2016-05-10,GPR,72.8036880493164
2016-05-11,GPR,113.59468841552734
2016-05-12,GPR,101.35812377929688
2016-05-13,GPR,88.21751403808594
2016-05-14,GPR,45.949867248535156
2016-05-15,GPR,72.96404266357422
2016-05-16,GPR,66.86859893798828
2016-05-17,GPR,88.40447235107422
2016-05-18,GPR,92.40077209472656
2016-05-19,GPR,73.92061614990234
2016-05-20,GPR,115.90248107910156
2016-05-21,GPR,83.91305541992188
2016-05-22,GPR,104.1688003540039
2016-05-23,GPR,121.707763671875
2016-05-24,GPR,86.67697143554688
2016-05-25,GPR,75.74468994140625
2016-05-26,GPR,68.9161148071289
2016-05-27,GPR,81.85124206542969
2016-05-28,GPR,62.501277923583984
2016-05-29,GPR,44.966983795166016
2016-05-30,GPR,108.72760772705078
2016-05-31,GPR,141.11044311523438
2016-06-01,GPR,100.83919525146484
2016-06-02,GPR,94.64479064941406
2016-06-03,GPR,144.19883728027344
2016-06-04,GPR,56.81184768676758
2016-06-05,GPR,63.55046081542969
2016-06-06,GPR,101.40513610839844
2016-06-07,GPR,79.2243423461914
2016-06-08,GPR,76.72159576416016
2016-06-09,GPR,61.34384536743164
2016-06-10,GPR,62.16614532470703
2016-06-11,GPR,44.436885833740234
2016-06-12,GPR,16.358360290527344
2016-06-13,GPR,93.311767578125
2016-06-14,GPR,108.35501861572266
2016-06-15,GPR,129.708984375
2016-06-16,GPR,78.98127746582031
2016-06-17,GPR,99.28677368164062
2016-06-18,GPR,70.89918518066406
2016-06-19,GPR,103.74932098388672
2016-06-20,GPR,90.8284683227539
2016-06-21,GPR,116.31917572021484
2016-06-22,GPR,104.51173400878906
2016-06-23,GPR,106.85701751708984
2016-06-24,GPR,67.60342407226562
2016-06-25,GPR,54.495826721191406
2016-06-26,GPR,38.25135803222656
2016-06-27,GPR,109.86957550048828
2016-06-28,GPR,96.44184112548828
2016-06-29,GPR,151.0141143798828
2016-06-30,GPR,134.22850036621094
2016-07-01,GPR,112.06250762939453
2016-07-02,GPR,88.87377166748047
2016-07-03,GPR,102.71527862548828
2016-07-04,GPR,42.83492660522461
2016-07-05,GPR,98.27861785888672
2016-07-06,GPR,107.6462173461914
2016-07-07,GPR,141.4793243408203
2016-07-08,GPR,131.0286407470703
2016-07-09,GPR,109.11988067626953
2016-07-10,GPR,121.48780822753906
2016-07-11,GPR,90.2462387084961
2016-07-12,GPR,114.82037353515625
2016-07-13,GPR,57.69348907470703
2016-07-14,GPR,109.42415618896484
2016-07-15,GPR,91.61395263671875
2016-07-16,GPR,237.53746032714844
2016-07-17,GPR,188.21408081054688
2016-07-18,GPR,158.04234313964844
2016-07-19,GPR,190.2488250732422
2016-07-20,GPR,104.29373168945312
2016-07-21,GPR,146.57379150390625
2016-07-22,GPR,150.14471435546875
2016-07-23,GPR,77.7395248413086
2016-07-24,GPR,104.01782989501953
2016-07-25,GPR,100.5713119506836
2016-07-26,GPR,81.79179382324219
2016-07-27,GPR,99.42936706542969
2016-07-28,GPR,90.89362335205078
2016-07-29,GPR,107.76387023925781
2016-07-30,GPR,66.51741790771484
2016-07-31,GPR,49.318626403808594
2016-08-01,GPR,98.58832550048828
2016-08-02,GPR,126.30240631103516
2016-08-03,GPR,118.50753784179688
2016-08-04,GPR,154.44447326660156
2016-08-05,GPR,93.311767578125
2016-08-06,GPR,45.007713317871094
2016-08-07,GPR,72.89268493652344
2016-08-08,GPR,116.02689361572266
2016-08-09,GPR,114.03922271728516
2016-08-10,GPR,116.2304458618164
2016-08-11,GPR,97.57951354980469
2016-08-12,GPR,112.60853576660156
2016-08-13,GPR,96.78153228759766
2016-08-14,GPR,87.17283630371094
2016-08-15,GPR,97.81204223632812
2016-08-16,GPR,95.1244125366211
2016-08-17,GPR,61.155094146728516
2016-08-18,GPR,118.65913391113281
2016-08-19,GPR,78.40396881103516
2016-08-20,GPR,55.85392761230469
2016-08-21,GPR,23.110937118530273
2016-08-22,GPR,84.60388946533203
2016-08-23,GPR,89.98486328125
2016-08-24,GPR,139.23226928710938
2016-08-25,GPR,176.9652099609375
2016-08-26,GPR,80.30467224121094
2016-08-27,GPR,117.3005599975586
2016-08-28,GPR,71.81718444824219
2016-08-29,GPR,151.196044921875
2016-08-30,GPR,79.74700164794922
2016-08-31,GPR,86.18061828613281
2016-09-01,GPR,72.01234436035156
2016-09-02,GPR,77.37384033203125
2016-09-03,GPR,81.90414428710938
2016-09-04,GPR,86.4900131225586
2016-09-05,GPR,52.6999397277832
2016-09-06,GPR,91.33917999267578
2016-09-07,GPR,91.87398529052734
2016-09-08,GPR,60.41156768798828
2016-09-09,GPR,116.9141616821289
2016-09-10,GPR,110.29214477539062
2016-09-11,GPR,93.0932388305664
2016-09-12,GPR,137.5460662841797
2016-09-13,GPR,122.2564468383789
2016-09-14,GPR,115.55469512939453
2016-09-15,GPR,99.23526000976562
2016-09-16,GPR,51.03395462036133
2016-09-17,GPR,66.83617401123047
2016-09-18,GPR,104.68611907958984
2016-09-19,GPR,255.72784423828125
2016-09-20,GPR,183.1067657470703
2016-09-21,GPR,162.7410430908203
2016-09-22,GPR,95.46304321289062
2016-09-23,GPR,100.2487564086914
2016-09-24,GPR,71.66613006591797
2016-09-25,GPR,52.461483001708984
2016-09-26,GPR,133.84112548828125
2016-09-27,GPR,83.86247253417969
2016-09-28,GPR,115.8915786743164
2016-09-29,GPR,104.65530395507812
2016-09-30,GPR,120.28876495361328
2016-10-01,GPR,47.720062255859375
2016-10-02,GPR,64.79350280761719
2016-10-03,GPR,64.83673858642578
2016-10-04,GPR,147.34649658203125
2016-10-05,GPR,119.91195678710938
2016-10-06,GPR,92.69335174560547
2016-10-07,GPR,25.318988800048828
2016-10-08,GPR,50.19042205810547
2016-10-09,GPR,101.5645751953125
2016-10-10,GPR,90.01542663574219
2016-10-11,GPR,85.37545776367188
2016-10-12,GPR,101.61250305175781
2016-10-13,GPR,112.53922271728516
2016-10-14,GPR,93.18052673339844
2016-10-15,GPR,60.44831085205078
2016-10-16,GPR,53.55189895629883
2016-10-17,GPR,128.75704956054688
2016-10-18,GPR,114.42375946044922
2016-10-19,GPR,112.19987487792969
2016-10-20,GPR,115.55469512939453
2016-10-21,GPR,78.98127746582031
2016-10-22,GPR,81.6326675415039
2016-10-23,GPR,79.82090759277344
2016-10-24,GPR,86.04071807861328
2016-10-25,GPR,71.29698944091797
2016-10-26,GPR,96.95320129394531
2016-10-27,GPR,99.09390258789062
2016-10-28,GPR,82.20970916748047
2016-10-29,GPR,66.83617401123047
2016-10-30,GPR,82.43946838378906
2016-10-31,GPR,63.814788818359375
2016-11-01,GPR,89.67141723632812
2016-11-02,GPR,77.03646087646484
2016-11-03,GPR,62.05097961425781
2016-11-04,GPR,48.217872619628906
2016-11-05,GPR,65.12256622314453
2016-11-06,GPR,69.65679931640625
2016-11-07,GPR,66.01131439208984
2016-11-08,GPR,89.67141723632812
2016-11-09,GPR,50.19042205810547
2016-11-10,GPR,71.2380142211914
2016-11-11,GPR,94.90303039550781
2016-11-12,GPR,39.57667541503906
2016-11-13,GPR,67.60342407226562
2016-11-14,GPR,153.25045776367188
2016-11-15,GPR,81.45658111572266
2016-11-16,GPR,106.85701751708984
2016-11-17,GPR,59.95597839355469
2016-11-18,GPR,92.14374542236328
2016-11-19,GPR,61.87860107421875
2016-11-20,GPR,52.5804443359375
2016-11-21,GPR,118.51763153076172
2016-11-22,GPR,100.06166076660156
2016-11-23,GPR,75.68257141113281
2016-11-24,GPR,67.71858978271484
2016-11-25,GPR,76.48912811279297
2016-11-26,GPR,83.14237976074219
2016-11-27,GPR,109.89561462402344
2016-11-28,GPR,111.19926452636719
2016-11-29,GPR,145.42979431152344
2016-11-30,GPR,120.1720199584961
2016-12-01,GPR,146.6143341064453
2016-12-02,GPR,64.86146545410156
2016-12-03,GPR,36.35190963745117
2016-12-04,GPR,22.950815200805664
2016-12-05,GPR,85.22901153564453
2016-12-06,GPR,68.572265625
2016-12-07,GPR,103.3477554321289
2016-12-08,GPR,75.39987182617188
2016-12-09,GPR,71.08514404296875
2016-12-10,GPR,62.58562469482422
2016-12-11,GPR,47.32239532470703
2016-12-12,GPR,95.49745178222656
2016-12-13,GPR,137.07176208496094
2016-12-14,GPR,110.9472427368164
2016-12-15,GPR,108.9334716796875
2016-12-16,GPR,107.91650390625
2016-12-17,GPR,57.11323547363281
2016-12-18,GPR,81.59033203125
2016-12-19,GPR,85.88137817382812
2016-12-20,GPR,114.6426010131836
2016-12-21,GPR,195.18496704101562
2016-12-22,GPR,125.21733856201172
2016-12-23,GPR,182.83653259277344
2016-12-24,GPR,100.55011749267578
2016-12-25,GPR,90.06981658935547
2016-12-26,GPR,95.73894500732422
2016-12-27,GPR,90.86843872070312
2016-12-28,GPR,127.40645599365234
2016-12-29,GPR,98.7843246459961
2016-12-30,GPR,206.6664276123047
2016-12-31,GPR,152.97825622558594
2017-01-01,GPR,108.47199249267578
2017-01-02,GPR,146.65013122558594
2017-01-03,GPR,121.9743881225586
2017-01-04,GPR,108.89063262939453
2017-01-05,GPR,68.13825988769531
2017-01-06,GPR,129.0610809326172
2017-01-07,GPR,71.2380142211914
2017-01-08,GPR,37.814701080322266
2017-01-09,GPR,161.02760314941406
2017-01-10,GPR,66.47293090820312
2017-01-11,GPR,137.6140899658203
2017-01-12,GPR,129.81033325195312
2017-01-13,GPR,127.04450225830078
2017-01-14,GPR,64.44683837890625
2017-01-15,GPR,29.185617446899414
2017-01-16,GPR,72.58614349365234
2017-01-17,GPR,100.71996307373047
2017-01-18,GPR,102.49857330322266
2017-01-19,GPR,125.66645050048828
2017-01-20,GPR,104.65530395507812
2017-01-21,GPR,39.01728820800781
2017-01-22,GPR,85.1360855102539
2017-01-23,GPR,111.45087432861328
2017-01-24,GPR,96.97809600830078
2017-01-25,GPR,104.37609100341797
2017-01-26,GPR,111.43194580078125
2017-01-27,GPR,119.15711212158203
2017-01-28,GPR,98.63725280761719
2017-01-29,GPR,116.2304458618164
2017-01-30,GPR,166.4895477294922
2017-01-31,GPR,188.69056701660156
2017-02-01,GPR,150.57125854492188
2017-02-02,GPR,166.10296630859375
2017-02-03,GPR,184.0315399169922
2017-02-04,GPR,148.07135009765625
2017-02-05,GPR,50.518463134765625
2017-02-06,GPR,83.56026458740234
2017-02-07,GPR,184.3418731689453
2017-02-08,GPR,101.92516326904297
2017-02-09,GPR,92.30064392089844
2017-02-10,GPR,212.408935546875
2017-02-11,GPR,128.20175170898438
2017-02-12,GPR,89.32766723632812
2017-02-13,GPR,132.0226287841797
2017-02-14,GPR,185.8536376953125
2017-02-15,GPR,118.85968017578125
2017-02-16,GPR,127.40645599365234
2017-02-17,GPR,88.52149963378906
2017-02-18,GPR,92.24872589111328
2017-02-19,GPR,95.06265258789062
2017-02-20,GPR,110.41893005371094
2017-02-21,GPR,139.23226928710938
2017-02-22,GPR,95.24954986572266
2017-02-23,GPR,59.775657653808594
2017-02-24,GPR,90.82076263427734
2017-02-25,GPR,43.472015380859375
2017-02-26,GPR,48.10783004760742
2017-02-27,GPR,81.36131286621094
2017-02-28,GPR,69.56926727294922
2017-03-01,GPR,130.10084533691406
2017-03-02,GPR,114.5424575805664
2017-03-03,GPR,64.7708740234375
2017-03-04,GPR,16.43954086303711
2017-03-05,GPR,122.122314453125
2017-03-06,GPR,117.259033203125
2017-03-07,GPR,141.88922119140625
2017-03-08,GPR,111.12447357177734
2017-03-09,GPR,123.0382308959961
2017-03-10,GPR,71.80421447753906
2017-03-11,GPR,52.903411865234375
2017-03-12,GPR,75.8024673461914
2017-03-13,GPR,78.47029876708984
2017-03-14,GPR,59.832916259765625
2017-03-15,GPR,95.8620834350586
2017-03-16,GPR,80.57597351074219
2017-03-17,GPR,97.03926849365234
2017-03-18,GPR,91.13523864746094
2017-03-19,GPR,99.91503143310547
2017-03-20,GPR,140.57020568847656
2017-03-21,GPR,81.21882629394531
2017-03-22,GPR,156.499267578125
2017-03-23,GPR,131.1907958984375
2017-03-24,GPR,177.37338256835938
2017-03-25,GPR,83.81195068359375
2017-03-26,GPR,46.93921661376953
2017-03-27,GPR,116.55330657958984
2017-03-28,GPR,87.32604217529297
2017-03-29,GPR,93.54426574707031
2017-03-30,GPR,75.62940216064453
2017-03-31,GPR,118.13721466064453
2017-04-01,GPR,66.33427429199219
2017-04-02,GPR,68.06645965576172
2017-04-03,GPR,79.89495086669922
2017-04-04,GPR,150.57125854492188
2017-04-05,GPR,125.19940948486328
2017-04-06,GPR,124.10195922851562
2017-04-07,GPR,143.82296752929688
2017-04-08,GPR,176.61795043945312
2017-04-09,GPR,130.3556671142578
2017-04-10,GPR,134.95645141601562
2017-04-11,GPR,97.26019287109375
2017-04-12,GPR,171.33970642089844
2017-04-13,GPR,156.74610900878906
2017-04-14,GPR,123.9395980834961
2017-04-15,GPR,118.7955322265625
2017-04-16,GPR,86.14241790771484
2017-04-17,GPR,111.51217651367188
2017-04-18,GPR,106.6658706665039
2017-04-19,GPR,152.96888732910156
2017-04-20,GPR,178.77349853515625
2017-04-21,GPR,130.75924682617188
2017-04-22,GPR,127.40645599365234
2017-04-23,GPR,41.20109176635742
2017-04-24,GPR,142.7318115234375
2017-04-25,GPR,61.82086181640625
2017-04-26,GPR,92.1579818725586
2017-04-27,GPR,104.49739837646484
2017-04-28,GPR,126.36498260498047
2017-04-29,GPR,84.0753173828125
2017-04-30,GPR,37.988162994384766
2017-05-01,GPR,126.25030517578125
2017-05-02,GPR,126.7417221069336
2017-05-03,GPR,109.7222671508789
2017-05-04,GPR,95.95024108886719
2017-05-05,GPR,76.30575561523438
2017-05-06,GPR,69.86804962158203
2017-05-07,GPR,22.034818649291992
2017-05-08,GPR,72.8036880493164
2017-05-09,GPR,77.81199645996094
2017-05-10,GPR,123.99986267089844
2017-05-11,GPR,99.90283203125
2017-05-12,GPR,78.98820495605469
2017-05-13,GPR,30.51049041748047
2017-05-14,GPR,37.64281463623047
2017-05-15,GPR,75.4284896850586
2017-05-16,GPR,74.9207534790039
2017-05-17,GPR,97.42845916748047
2017-05-18,GPR,97.73103332519531
2017-05-19,GPR,75.71583557128906
2017-05-20,GPR,62.501277923583984
2017-05-21,GPR,54.866546630859375
2017-05-22,GPR,143.4822235107422
2017-05-23,GPR,139.23226928710938
2017-05-24,GPR,181.95040893554688
2017-05-25,GPR,146.43972778320312
2017-05-26,GPR,218.0687255859375
2017-05-27,GPR,150.57125854492188
2017-05-28,GPR,86.60308074951172
2017-05-29,GPR,103.30252838134766
2017-05-30,GPR,128.18490600585938
2017-05-31,GPR,157.74131774902344
2017-06-01,GPR,90.67247772216797
2017-06-02,GPR,88.57132720947266
2017-06-03,GPR,80.7943344116211
2017-06-04,GPR,85.85488891601562
2017-06-05,GPR,276.6095275878906
2017-06-06,GPR,227.27735900878906
2017-06-07,GPR,245.9568328857422
2017-06-08,GPR,182.93284606933594
2017-06-09,GPR,121.29351043701172
2017-06-10,GPR,67.0400619506836
2017-06-11,GPR,50.518463134765625
2017-06-12,GPR,144.54840087890625
2017-06-13,GPR,107.03875732421875
2017-06-14,GPR,77.39643859863281
2017-06-15,GPR,108.01850891113281
2017-06-16,GPR,105.61810302734375
2017-06-17,GPR,71.37345123291016
2017-06-18,GPR,97.20853424072266
2017-06-19,GPR,171.01210021972656
2017-06-20,GPR,204.19937133789062
2017-06-21,GPR,180.24266052246094
2017-06-22,GPR,210.32177734375
2017-06-23,GPR,107.30852508544922
2017-06-24,GPR,90.93323516845703
2017-06-25,GPR,65.09412384033203
2017-06-26,GPR,128.3940887451172
2017-06-27,GPR,106.09647369384766
2017-06-28,GPR,110.05207824707031
2017-06-29,GPR,103.35624694824219
2017-06-30,GPR,102.60165405273438
2017-07-01,GPR,96.48255157470703
2017-07-02,GPR,66.547119140625
2017-07-03,GPR,120.5723876953125
2017-07-04,GPR,77.9427719116211
2017-07-05,GPR,208.90066528320312
2017-07-06,GPR,177.17137145996094
2017-07-07,GPR,115.72289276123047
2017-07-08,GPR,100.65813446044922
2017-07-09,GPR,113.18568420410156
2017-07-10,GPR,98.00495910644531
2017-07-11,GPR,112.50230407714844
2017-07-12,GPR,94.16999053955078
2017-07-13,GPR,55.37727355957031
2017-07-14,GPR,93.1047134399414
2017-07-15,GPR,35.428531646728516
2017-07-16,GPR,44.069637298583984
2017-07-17,GPR,113.9952392578125
2017-07-18,GPR,140.66104125976562
2017-07-19,GPR,67.03340911865234
2017-07-20,GPR,114.76612091064453
2017-07-21,GPR,80.10476684570312
2017-07-22,GPR,94.76786804199219
2017-07-23,GPR,120.32831573486328
2017-07-24,GPR,53.321006774902344
2017-07-25,GPR,100.20222473144531
2017-07-26,GPR,125.10517883300781
2017-07-27,GPR,107.20284271240234
2017-07-28,GPR,113.88499450683594
2017-07-29,GPR,66.25135040283203
2017-07-30,GPR,71.32322692871094
2017-07-31,GPR,170.75091552734375
2017-08-01,GPR,198.3933563232422
2017-08-02,GPR,145.28805541992188
2017-08-03,GPR,135.8093719482422
2017-08-04,GPR,95.55484008789062
2017-08-05,GPR,77.60041809082031
2017-08-06,GPR,77.9427719116211
2017-08-07,GPR,127.92436218261719
2017-08-08,GPR,169.71409606933594
2017-08-09,GPR,136.29527282714844
2017-08-10,GPR,215.31689453125
2017-08-11,GPR,145.5007781982422
2017-08-12,GPR,181.9040069580078
2017-08-13,GPR,75.97632598876953
2017-08-14,GPR,202.68099975585938
2017-08-15,GPR,232.3563690185547
2017-08-16,GPR,159.36752319335938
2017-08-17,GPR,102.84115600585938
2017-08-18,GPR,138.9141387939453
2017-08-19,GPR,126.86429595947266
2017-08-20,GPR,73.74918365478516
2017-08-21,GPR,177.33230590820312
2017-08-22,GPR,250.00511169433594
2017-08-23,GPR,149.3144073486328
2017-08-24,GPR,95.28536224365234
2017-08-25,GPR,86.63638305664062
2017-08-26,GPR,129.9990234375
2017-08-27,GPR,65.23656463623047
2017-08-28,GPR,126.38310241699219
2017-08-29,GPR,85.88137817382812
2017-08-30,GPR,142.64645385742188
2017-08-31,GPR,121.707763671875
2017-09-01,GPR,133.69107055664062
2017-09-02,GPR,67.69552612304688
2017-09-03,GPR,57.11323547363281
2017-09-04,GPR,253.09506225585938
2017-09-05,GPR,188.14927673339844
2017-09-06,GPR,202.4923858642578
2017-09-07,GPR,152.65289306640625
2017-09-08,GPR,132.6992950439453
2017-09-09,GPR,45.15271759033203
2017-09-10,GPR,90.01542663574219
2017-09-11,GPR,63.70322799682617
2017-09-12,GPR,125.10517883300781
2017-09-13,GPR,138.88095092773438
2017-09-14,GPR,84.80172729492188
2017-09-15,GPR,120.09308624267578
2017-09-16,GPR,104.74522399902344
2017-09-17,GPR,88.92799377441406
2017-09-18,GPR,172.77781677246094
2017-09-19,GPR,129.6927032470703
2017-09-20,GPR,162.99935913085938
2017-09-21,GPR,139.58956909179688
2017-09-22,GPR,107.4874496459961
2017-09-23,GPR,95.8901138305664
2017-09-24,GPR,97.23780059814453
2017-09-25,GPR,55.39410400390625
2017-09-26,GPR,133.39198303222656
2017-09-27,GPR,132.11126708984375
2017-09-28,GPR,150.35079956054688
2017-09-29,GPR,72.12433624267578
2017-09-30,GPR,63.8707160949707
2017-10-01,GPR,60.6419677734375
2017-10-02,GPR,148.87945556640625
2017-10-03,GPR,90.38383483886719
2017-10-04,GPR,108.68004608154297
2017-10-05,GPR,83.91305541992188
2017-10-06,GPR,151.4772186279297
2017-10-07,GPR,79.36054229736328
2017-10-08,GPR,95.69639587402344
2017-10-09,GPR,61.34384536743164
2017-10-10,GPR,95.95598602294922
2017-10-11,GPR,115.2568588256836
2017-10-12,GPR,85.92912292480469
2017-10-13,GPR,68.34180450439453
2017-10-14,GPR,87.71141052246094
2017-10-15,GPR,98.54320526123047
2017-10-16,GPR,111.01097869873047
2017-10-17,GPR,108.01850891113281
2017-10-18,GPR,118.03402709960938
2017-10-19,GPR,121.04388427734375
2017-10-20,GPR,72.2603759765625
2017-10-21,GPR,60.9871940612793
2017-10-22,GPR,36.4018440246582
2017-10-23,GPR,104.00526428222656
2017-10-24,GPR,110.12525177001953
2017-10-25,GPR,119.0936508178711
2017-10-26,GPR,83.75645446777344
2017-10-27,GPR,94.87067413330078
2017-10-28,GPR,62.3332633972168
2017-10-29,GPR,49.62648391723633
2017-10-30,GPR,97.42845916748047
2017-10-31,GPR,68.25345611572266
2017-11-01,GPR,75.8603286743164
2017-11-02,GPR,188.31134033203125
2017-11-03,GPR,88.22819519042969
2017-11-04,GPR,43.894447326660156
2017-11-05,GPR,105.49578857421875
2017-11-06,GPR,132.50270080566406
2017-11-07,GPR,113.52740478515625
2017-11-08,GPR,181.0870361328125
2017-11-09,GPR,109.60702514648438
2017-11-10,GPR,107.6008071899414
2017-11-11,GPR,51.84888458251953
2017-11-12,GPR,59.551780700683594
2017-11-13,GPR,83.04486846923828
2017-11-14,GPR,111.65958404541016
2017-11-15,GPR,71.92547607421875
2017-11-16,GPR,119.26782989501953
2017-11-17,GPR,49.271602630615234
2017-11-18,GPR,26.955793380737305
2017-11-19,GPR,60.78105545043945
2017-11-20,GPR,57.03129577636719
2017-11-21,GPR,144.8372344970703
2017-11-22,GPR,143.44000244140625
2017-11-23,GPR,48.649192810058594
2017-11-24,GPR,74.12738800048828
2017-11-25,GPR,55.61498260498047
2017-11-26,GPR,16.43954086303711
2017-11-27,GPR,164.1797332763672
2017-11-28,GPR,101.45014190673828
2017-11-29,GPR,99.85459899902344
2017-11-30,GPR,111.56315612792969
2017-12-01,GPR,110.03947448730469
2017-12-02,GPR,21.3911190032959
2017-12-03,GPR,34.650291442871094
2017-12-04,GPR,64.41104125976562
2017-12-05,GPR,133.23780822753906
2017-12-06,GPR,109.0212173461914
2017-12-07,GPR,64.61444854736328
2017-12-08,GPR,89.091064453125
2017-12-09,GPR,55.40386199951172
2017-12-10,GPR,96.33865356445312
2017-12-11,GPR,142.69522094726562
2017-12-12,GPR,97.67827606201172
2017-12-13,GPR,80.26045227050781
2017-12-14,GPR,104.08340454101562
2017-12-15,GPR,90.98188018798828
2017-12-16,GPR,37.324703216552734
2017-12-17,GPR,53.28527069091797
2017-12-18,GPR,67.39183044433594
2017-12-19,GPR,78.6366195678711
2017-12-20,GPR,93.0496597290039
2017-12-21,GPR,94.13250732421875
2017-12-22,GPR,69.98382568359375
2017-12-23,GPR,67.17501068115234
2017-12-24,GPR,89.52886199951172
2017-12-25,GPR,73.61261749267578
2017-12-26,GPR,97.9522705078125
2017-12-27,GPR,115.55469512939453
2017-12-28,GPR,128.48069763183594
2017-12-29,GPR,121.5621109008789
2017-12-30,GPR,93.7921371459961
2017-12-31,GPR,47.662845611572266
2018-01-01,GPR,96.5763168334961
2018-01-02,GPR,188.69056701660156
2018-01-03,GPR,138.02365112304688
2018-01-04,GPR,146.35792541503906
2018-01-05,GPR,66.51741790771484
2018-01-06,GPR,78.94584655761719
2018-01-07,GPR,30.460391998291016
2018-01-08,GPR,82.1722183227539
2018-01-09,GPR,77.14198303222656
2018-01-10,GPR,71.72000122070312
2018-01-11,GPR,95.51309204101562
2018-01-12,GPR,167.51290893554688
2018-01-13,GPR,83.7867202758789
2018-01-14,GPR,63.24711990356445
2018-01-15,GPR,58.96156311035156
2018-01-16,GPR,58.74949645996094
2018-01-17,GPR,128.2569580078125
2018-01-18,GPR,82.81419372558594
2018-01-19,GPR,102.11367797851562
2018-01-20,GPR,68.94937133789062
2018-01-21,GPR,71.32322692871094
2018-01-22,GPR,129.9990234375
2018-01-23,GPR,129.00125122070312
2018-01-24,GPR,136.3526611328125
2018-01-25,GPR,82.48857879638672
2018-01-26,GPR,65.83985137939453
2018-01-27,GPR,43.261146545410156
2018-01-28,GPR,32.47615432739258
2018-01-29,GPR,76.4438705444336
2018-01-30,GPR,95.8901138305664
2018-01-31,GPR,102.40994262695312
2018-02-01,GPR,52.32488250732422
2018-02-02,GPR,30.99478530883789
2018-02-03,GPR,72.01234436035156
2018-02-04,GPR,53.42850875854492
2018-02-05,GPR,84.5761947631836
2018-02-06,GPR,56.73699188232422
2018-02-07,GPR,76.4438705444336
2018-02-08,GPR,93.48350524902344
2018-02-09,GPR,72.09941864013672
2018-02-10,GPR,36.4018440246582
2018-02-11,GPR,44.66383361816406
2018-02-12,GPR,124.49918365478516
2018-02-13,GPR,73.42066192626953
2018-02-14,GPR,37.50076675415039
2018-02-15,GPR,69.69510650634766
2018-02-16,GPR,53.116973876953125
2018-02-17,GPR,50.916500091552734
2018-02-18,GPR,64.8251953125
2018-02-19,GPR,91.53900146484375
2018-02-20,GPR,91.38117980957031
2018-02-21,GPR,72.11685943603516
2018-02-22,GPR,53.79000473022461
2018-02-23,GPR,74.92713165283203
2018-02-24,GPR,48.79865646362305
2018-02-25,GPR,37.21986389160156
2018-02-26,GPR,90.38383483886719
2018-02-27,GPR,65.59539794921875
2018-02-28,GPR,70.12908172607422
2018-03-01,GPR,93.70771789550781
2018-03-02,GPR,151.3148193359375
2018-03-03,GPR,47.11207580566406
2018-03-04,GPR,55.790611267089844
2018-03-05,GPR,108.14913177490234
2018-03-06,GPR,88.45307922363281
2018-03-07,GPR,134.17996215820312
2018-03-08,GPR,106.09647369384766
2018-03-09,GPR,101.20653533935547
2018-03-10,GPR,106.64852142333984
2018-03-11,GPR,72.64402770996094
2018-03-12,GPR,135.9002227783203
2018-03-13,GPR,119.58728790283203
2018-03-14,GPR,94.99882507324219
2018-03-15,GPR,189.4098358154297
2018-03-16,GPR,173.33203125
2018-03-17,GPR,86.76510620117188
2018-03-18,GPR,61.62916564941406
2018-03-19,GPR,95.18872833251953
2018-03-20,GPR,134.78366088867188
2018-03-21,GPR,171.2620086669922
2018-03-22,GPR,162.07073974609375
2018-03-23,GPR,84.1159896850586
2018-03-24,GPR,148.64085388183594
2018-03-25,GPR,54.60276794433594
2018-03-26,GPR,81.37810516357422
2018-03-27,GPR,90.82076263427734
2018-03-28,GPR,91.53147888183594
2018-03-29,GPR,176.90615844726562
2018-03-30,GPR,48.476600646972656
2018-03-31,GPR,119.91195678710938
2018-04-01,GPR,44.865478515625
2018-04-02,GPR,139.22386169433594
2018-04-03,GPR,105.72024536132812
2018-04-04,GPR,70.6681137084961
2018-04-05,GPR,69.10179901123047
2018-04-06,GPR,100.5026626586914
2018-04-07,GPR,101.63198852539062
2018-04-08,GPR,84.3966293334961
2018-04-09,GPR,102.21106719970703
2018-04-10,GPR,213.29278564453125
2018-04-11,GPR,102.49281311035156
2018-04-12,GPR,296.52142333984375
2018-04-13,GPR,117.60595703125
2018-04-14,GPR,95.6698226928711
2018-04-15,GPR,96.12361145019531
2018-04-16,GPR,194.28549194335938
2018-04-17,GPR,178.36903381347656
2018-04-18,GPR,234.35853576660156
2018-04-19,GPR,214.136962890625
2018-04-20,GPR,71.06819915771484
2018-04-21,GPR,48.051753997802734
2018-04-22,GPR,29.31475830078125
2018-04-23,GPR,88.52149963378906
2018-04-24,GPR,150.57125854492188
2018-04-25,GPR,193.12814331054688
2018-04-26,GPR,146.26922607421875
2018-04-27,GPR,91.80326080322266
2018-04-28,GPR,93.78045654296875
2018-04-29,GPR,52.5804443359375
2018-04-30,GPR,134.5440673828125
2018-05-01,GPR,155.34799194335938
2018-05-02,GPR,186.62353515625
2018-05-03,GPR,125.34039306640625
2018-05-04,GPR,139.01663208007812
2018-05-05,GPR,64.47073364257812
2018-05-06,GPR,22.950815200805664
2018-05-07,GPR,79.70087432861328
2018-05-08,GPR,125.366455078125
2018-05-09,GPR,284.1881103515625
2018-05-10,GPR,233.39476013183594
2018-05-11,GPR,163.6328582763672
2018-05-12,GPR,99.87641143798828
2018-05-13,GPR,98.31822204589844
2018-05-14,GPR,125.73249816894531
2018-05-15,GPR,112.64398956298828
2018-05-16,GPR,150.57125854492188
2018-05-17,GPR,152.6919708251953
2018-05-18,GPR,92.46244812011719
2018-05-19,GPR,55.5361442565918
2018-05-20,GPR,35.240081787109375
2018-05-21,GPR,125.66645050048828
2018-05-22,GPR,81.85124206542969
2018-05-23,GPR,179.17031860351562
2018-05-24,GPR,153.59022521972656
2018-05-25,GPR,140.5561981201172
2018-05-26,GPR,108.21454620361328
2018-05-27,GPR,84.34778594970703
2018-05-28,GPR,102.57495880126953
2018-05-29,GPR,71.2380142211914
2018-05-30,GPR,141.90927124023438
2018-05-31,GPR,92.13764190673828
2018-06-01,GPR,186.23287963867188
2018-06-02,GPR,90.7124252319336
2018-06-03,GPR,54.559940338134766
2018-06-04,GPR,146.1427001953125
2018-06-05,GPR,178.0370330810547
2018-06-06,GPR,108.60877227783203
2018-06-07,GPR,88.7294921875
2018-06-08,GPR,116.16471099853516
2018-06-09,GPR,79.71419525146484
2018-06-10,GPR,91.42967987060547
2018-06-11,GPR,135.01004028320312
2018-06-12,GPR,155.8855438232422
2018-06-13,GPR,140.87469482421875
2018-06-14,GPR,188.4875030517578
2018-06-15,GPR,69.98382568359375
2018-06-16,GPR,125.56664276123047
2018-06-17,GPR,24.537538528442383
2018-06-18,GPR,47.07783508300781
2018-06-19,GPR,99.42222595214844
2018-06-20,GPR,121.3394775390625
2018-06-21,GPR,93.59835052490234
2018-06-22,GPR,57.31085968017578
2018-06-23,GPR,29.68250846862793
2018-06-24,GPR,47.90903854370117
2018-06-25,GPR,87.7807388305664
2018-06-26,GPR,137.2349395751953
2018-06-27,GPR,130.60302734375
2018-06-28,GPR,88.44233703613281
2018-06-29,GPR,141.04144287109375
2018-06-30,GPR,38.59983444213867
2018-07-01,GPR,59.28532791137695
2018-07-02,GPR,123.02521514892578
2018-07-03,GPR,146.81739807128906
2018-07-04,GPR,49.220916748046875
2018-07-05,GPR,119.5712890625
2018-07-06,GPR,128.33192443847656
2018-07-07,GPR,82.65523529052734
2018-07-08,GPR,68.06645965576172
2018-07-09,GPR,170.4659423828125
2018-07-10,GPR,121.88159942626953
2018-07-11,GPR,125.24701690673828
2018-07-12,GPR,172.8645782470703
2018-07-13,GPR,125.4760513305664
2018-07-14,GPR,102.95000457763672
2018-07-15,GPR,104.6073989868164
2018-07-16,GPR,168.76254272460938
2018-07-17,GPR,100.79735565185547
2018-07-18,GPR,88.57132720947266
2018-07-19,GPR,143.0528564453125
2018-07-20,GPR,54.0997200012207
2018-07-21,GPR,121.85631561279297
2018-07-22,GPR,72.71489715576172
2018-07-23,GPR,161.70819091796875
2018-07-24,GPR,161.12632751464844
2018-07-25,GPR,105.160888671875
2018-07-26,GPR,107.8719482421875
2018-07-27,GPR,119.3347396850586
2018-07-28,GPR,38.48094177246094
2018-07-29,GPR,23.49338722229004
2018-07-30,GPR,118.85968017578125
2018-07-31,GPR,109.94091796875
2018-08-01,GPR,140.02928161621094
2018-08-02,GPR,121.88159942626953
2018-08-03,GPR,147.8824920654297
2018-08-04,GPR,84.67708587646484
2018-08-05,GPR,53.92552185058594
2018-08-06,GPR,162.54562377929688
2018-08-07,GPR,200.45794677734375
2018-08-08,GPR,129.0610809326172
2018-08-09,GPR,170.8864288330078
2018-08-10,GPR,121.93501281738281
2018-08-11,GPR,156.44570922851562
2018-08-12,GPR,85.73704528808594
2018-08-13,GPR,142.4760284423828
2018-08-14,GPR,136.3998565673828
2018-08-15,GPR,111.38750457763672
2018-08-16,GPR,128.16482543945312
2018-08-17,GPR,107.13349151611328
2018-08-18,GPR,54.923404693603516
2018-08-19,GPR,57.11323547363281
2018-08-20,GPR,106.85701751708984
2018-08-21,GPR,152.000732421875
2018-08-22,GPR,119.32880401611328
2018-08-23,GPR,120.28876495361328
2018-08-24,GPR,44.46399688720703
2018-08-25,GPR,72.99467468261719
2018-08-26,GPR,43.39608383178711
2018-08-27,GPR,109.45875549316406
2018-08-28,GPR,134.43862915039062
2018-08-29,GPR,139.90408325195312
2018-08-30,GPR,86.16505432128906
2018-08-31,GPR,62.03310012817383
2018-09-01,GPR,80.2463150024414
2018-09-02,GPR,49.1270637512207
2018-09-03,GPR,94.16999053955078
2018-09-04,GPR,14.36084270477295
2018-09-05,GPR,85.92912292480469
2018-09-06,GPR,97.68965911865234
2018-09-07,GPR,87.86651611328125
2018-09-08,GPR,59.63218307495117
2018-09-09,GPR,47.51633834838867
2018-09-10,GPR,55.42262268066406
2018-09-11,GPR,81.84497833251953
2018-09-12,GPR,80.89298248291016
2018-09-13,GPR,68.56543731689453
2018-09-14,GPR,118.30599212646484
2018-09-15,GPR,63.412872314453125
2018-09-16,GPR,7.232680797576904
2018-09-17,GPR,91.08362579345703
2018-09-18,GPR,105.00934600830078
2018-09-19,GPR,58.6295166015625
2018-09-20,GPR,107.92826843261719
2018-09-21,GPR,113.79048919677734
2018-09-22,GPR,37.80805969238281
2018-09-23,GPR,27.95415687561035
2018-09-24,GPR,143.44000244140625
2018-09-25,GPR,95.44012451171875
2018-09-26,GPR,110.15664672851562
2018-09-27,GPR,73.69881439208984
2018-09-28,GPR,81.45658111572266
2018-09-29,GPR,44.05010223388672
2018-09-30,GPR,36.24253463745117
2018-10-01,GPR,120.77069091796875
2018-10-02,GPR,36.00617218017578
2018-10-03,GPR,94.41998291015625
2018-10-04,GPR,69.01182556152344
2018-10-05,GPR,78.21883392333984
2018-10-06,GPR,50.7187385559082
2018-10-07,GPR,42.559757232666016
2018-10-08,GPR,49.10814666748047
2018-10-09,GPR,95.87750244140625
2018-10-10,GPR,104.19609832763672
2018-10-11,GPR,130.70550537109375
2018-10-12,GPR,87.06867980957031
2018-10-13,GPR,48.09535598754883
2018-10-14,GPR,81.79179382324219
2018-10-15,GPR,122.86271667480469
2018-10-16,GPR,134.61813354492188
2018-10-17,GPR,117.82046508789062
2018-10-18,GPR,127.05738830566406
2018-10-19,GPR,106.1982192993164
2018-10-20,GPR,86.23381042480469
2018-10-21,GPR,35.09075927734375
2018-10-22,GPR,83.91838073730469
2018-10-23,GPR,108.8228530883789
2018-10-24,GPR,127.58169555664062
2018-10-25,GPR,141.05126953125
2018-10-26,GPR,159.10116577148438
2018-10-27,GPR,94.45203399658203
2018-10-28,GPR,51.074832916259766
2018-10-29,GPR,94.36099243164062
2018-10-30,GPR,109.74150848388672
2018-10-31,GPR,81.52692413330078
2018-11-01,GPR,101.45014190673828
2018-11-02,GPR,103.39347076416016
2018-11-03,GPR,47.92141342163086
2018-11-04,GPR,44.33646774291992
2018-11-05,GPR,114.6827621459961
2018-11-06,GPR,62.58562469482422
2018-11-07,GPR,140.43304443359375
2018-11-08,GPR,60.81825637817383
2018-11-09,GPR,114.37254333496094
2018-11-10,GPR,37.60993957519531
2018-11-11,GPR,22.585689544677734
2018-11-12,GPR,42.7428092956543
2018-11-13,GPR,142.2847900390625
2018-11-14,GPR,33.37599563598633
2018-11-15,GPR,106.85701751708984
2018-11-16,GPR,44.5455322265625
2018-11-17,GPR,45.58579635620117
2018-11-18,GPR,34.79587936401367
2018-11-19,GPR,55.67340850830078
2018-11-20,GPR,58.04248809814453
2018-11-21,GPR,84.62763977050781
2018-11-22,GPR,58.45708084106445
2018-11-23,GPR,135.29591369628906
2018-11-24,GPR,70.05430603027344
2018-11-25,GPR,62.20784378051758
2018-11-26,GPR,101.25752258300781
2018-11-27,GPR,129.9046173095703
2018-11-28,GPR,100.890380859375
2018-11-29,GPR,96.0164566040039
2018-11-30,GPR,142.18678283691406
2018-12-01,GPR,53.17625045776367
2018-12-02,GPR,21.417463302612305
2018-12-03,GPR,50.19042205810547
2018-12-04,GPR,99.66178131103516
2018-12-05,GPR,103.38850402832031
2018-12-06,GPR,131.27745056152344
2018-12-07,GPR,196.083984375
2018-12-08,GPR,76.75086975097656
2018-12-09,GPR,35.6190071105957
2018-12-10,GPR,90.9520034790039
2018-12-11,GPR,95.38807678222656
2018-12-12,GPR,85.98194885253906
2018-12-13,GPR,132.15029907226562
2018-12-14,GPR,120.08057403564453
2018-12-15,GPR,76.80348205566406
2018-12-16,GPR,39.24843215942383
2018-12-17,GPR,72.8036880493164
2018-12-18,GPR,72.2216796875
2018-12-19,GPR,62.3332633972168
2018-12-20,GPR,162.69090270996094
2018-12-21,GPR,210.32177734375
2018-12-22,GPR,64.04534912109375
2018-12-23,GPR,81.79179382324219
2018-12-24,GPR,111.24295043945312
2018-12-25,GPR,65.59539794921875
2018-12-26,GPR,63.09653091430664
2018-12-27,GPR,30.22415542602539
2018-12-28,GPR,102.00775909423828
2018-12-29,GPR,58.20030975341797
2018-12-30,GPR,32.555946350097656
2018-12-31,GPR,86.68401336669922
2019-01-01,GPR,83.74468994140625
2019-01-02,GPR,189.860595703125
2019-01-03,GPR,9.491598129272461
2019-01-04,GPR,99.0169677734375
2019-01-05,GPR,40.47944259643555
2019-01-06,GPR,40.49593734741211
2019-01-07,GPR,83.16069793701172
2019-01-08,GPR,67.88048553466797
2019-01-09,GPR,106.42787170410156
2019-01-10,GPR,76.83790588378906
2019-01-11,GPR,101.2398452758789
2019-01-12,GPR,51.75886917114258
2019-01-13,GPR,37.72856140136719
2019-01-14,GPR,89.27487182617188
2019-01-15,GPR,102.54247283935547
2019-01-16,GPR,92.7673568725586
2019-01-17,GPR,160.6356658935547
2019-01-18,GPR,112.82587432861328
2019-01-19,GPR,22.317588806152344
2019-01-20,GPR,47.83491134643555
2019-01-21,GPR,70.80297088623047
2019-01-22,GPR,144.76516723632812
2019-01-23,GPR,58.188140869140625
2019-01-24,GPR,91.32392120361328
2019-01-25,GPR,91.13523864746094
2019-01-26,GPR,40.13362503051758
2019-01-27,GPR,75.62940216064453
2019-01-28,GPR,101.14710235595703
2019-01-29,GPR,101.45014190673828
2019-01-30,GPR,173.69268798828125
2019-01-31,GPR,148.13967895507812
2019-02-01,GPR,113.57374572753906
2019-02-02,GPR,75.83717346191406
2019-02-03,GPR,82.25337219238281
2019-02-04,GPR,179.9779815673828
2019-02-05,GPR,106.4093017578125
2019-02-06,GPR,103.09750366210938
2019-02-07,GPR,92.48285675048828
2019-02-08,GPR,62.35421371459961
2019-02-09,GPR,30.334869384765625
2019-02-10,GPR,39.15564727783203
2019-02-11,GPR,96.53187561035156
2019-02-12,GPR,69.21783447265625
2019-02-13,GPR,88.7294921875
2019-02-14,GPR,76.54199981689453
2019-02-15,GPR,145.10621643066406
2019-02-16,GPR,61.661033630371094
2019-02-17,GPR,86.22735595703125
2019-02-18,GPR,67.14663696289062
2019-02-19,GPR,116.57129669189453
2019-02-20,GPR,171.33970642089844
2019-02-21,GPR,116.54501342773438
2019-02-22,GPR,69.43730163574219
2019-02-23,GPR,46.90999984741211
2019-02-24,GPR,74.9758071899414
2019-02-25,GPR,139.0223846435547
2019-02-26,GPR,124.9152603149414
2019-02-27,GPR,160.55812072753906
2019-02-28,GPR,162.6325225830078
2019-03-01,GPR,184.49745178222656
2019-03-02,GPR,131.74984741210938
2019-03-03,GPR,77.75981140136719
2019-03-04,GPR,62.95815658569336
2019-03-05,GPR,103.0784912109375
2019-03-06,GPR,81.01388549804688
2019-03-07,GPR,91.09561157226562
2019-03-08,GPR,55.01298904418945
2019-03-09,GPR,81.60523223876953
2019-03-10,GPR,23.218931198120117
2019-03-11,GPR,44.899261474609375
2019-03-12,GPR,101.31523895263672
2019-03-13,GPR,115.2568588256836
2019-03-14,GPR,66.66802978515625
2019-03-15,GPR,61.11748123168945
2019-03-16,GPR,81.60523223876953
2019-03-17,GPR,32.555946350097656
2019-03-18,GPR,79.94129943847656
2019-03-19,GPR,107.43463134765625
2019-03-20,GPR,60.30682373046875
2019-03-21,GPR,88.87377166748047
2019-03-22,GPR,122.84458923339844
2019-03-23,GPR,77.73173522949219
2019-03-24,GPR,67.19204711914062
2019-03-25,GPR,51.393856048583984
2019-03-26,GPR,88.7294921875
2019-03-27,GPR,80.89817810058594
2019-03-28,GPR,81.34545135498047
2019-03-29,GPR,77.67399597167969
2019-03-30,GPR,67.22923278808594
2019-03-31,GPR,22.33191680908203
2019-04-01,GPR,65.44586181640625
2019-04-02,GPR,60.65264892578125
2019-04-03,GPR,83.96876525878906
2019-04-04,GPR,72.56913757324219
2019-04-05,GPR,71.19298553466797
2019-04-06,GPR,58.60221862792969
2019-04-07,GPR,15.515539169311523
2019-04-08,GPR,96.82890319824219
2019-04-09,GPR,167.5431671142578
2019-04-10,GPR,76.34598541259766
2019-04-11,GPR,104.19609832763672
2019-04-12,GPR,103.63340759277344
2019-04-13,GPR,81.09864044189453
2019-04-14,GPR,51.87466049194336
2019-04-15,GPR,56.66912078857422
2019-04-16,GPR,124.46063232421875
2019-04-17,GPR,67.70211029052734
2019-04-18,GPR,54.60276794433594
2019-04-19,GPR,51.31344223022461
2019-04-20,GPR,46.23723602294922
2019-04-21,GPR,86.96478271484375
2019-04-22,GPR,95.9346694946289
2019-04-23,GPR,156.499267578125
2019-04-24,GPR,88.273193359375
2019-04-25,GPR,99.6260986328125
2019-04-26,GPR,129.5658721923828
2019-04-27,GPR,53.717315673828125
2019-04-28,GPR,29.709129333496094
2019-04-29,GPR,68.80704498291016
2019-04-30,GPR,49.37431716918945
2019-05-01,GPR,61.51911544799805
2019-05-02,GPR,186.33192443847656
2019-05-03,GPR,70.14849090576172
2019-05-04,GPR,51.80648422241211
2019-05-05,GPR,93.311767578125
2019-05-06,GPR,134.9949188232422
2019-05-07,GPR,122.5062026977539
2019-05-08,GPR,56.73699188232422
2019-05-09,GPR,167.1282501220703
2019-05-10,GPR,135.96359252929688
2019-05-11,GPR,56.26442337036133
2019-05-12,GPR,31.177106857299805
2019-05-13,GPR,130.95069885253906
2019-05-14,GPR,248.6771697998047
2019-05-15,GPR,184.76473999023438
2019-05-16,GPR,158.53598022460938
2019-05-17,GPR,141.05126953125
2019-05-18,GPR,81.71419525146484
2019-05-19,GPR,57.23658752441406
2019-05-20,GPR,102.84115600585938
2019-05-21,GPR,131.1907958984375
2019-05-22,GPR,93.18052673339844
2019-05-23,GPR,102.54247283935547
2019-05-24,GPR,148.69381713867188
2019-05-25,GPR,64.11421203613281
2019-05-26,GPR,39.71903610229492
2019-05-27,GPR,43.34200668334961
2019-05-28,GPR,69.45706939697266
2019-05-29,GPR,67.5115737915039
2019-05-30,GPR,120.23086547851562
2019-05-31,GPR,104.56336975097656
2019-06-01,GPR,130.1598358154297
2019-06-02,GPR,28.994028091430664
2019-06-03,GPR,129.24758911132812
2019-06-04,GPR,69.39736938476562
2019-06-05,GPR,122.38550567626953
2019-06-06,GPR,82.92330169677734
2019-06-07,GPR,69.92227935791016
2019-06-08,GPR,50.870506286621094
2019-06-09,GPR,53.92552185058594
2019-06-10,GPR,56.934757232666016
2019-06-11,GPR,74.29241943359375
2019-06-12,GPR,95.03267669677734
2019-06-13,GPR,114.66580963134766
2019-06-14,GPR,192.6398468017578
2019-06-15,GPR,108.25385284423828
2019-06-16,GPR,62.501277923583984
2019-06-17,GPR,126.36498260498047
2019-06-18,GPR,157.74131774902344
2019-06-19,GPR,135.55264282226562
2019-06-20,GPR,72.56913757324219
2019-06-21,GPR,125.99950408935547
2019-06-22,GPR,167.47055053710938
2019-06-23,GPR,99.30609893798828
2019-06-24,GPR,171.24745178222656
2019-06-25,GPR,82.01680755615234
2019-06-26,GPR,123.7572021484375
2019-06-27,GPR,134.94033813476562
2019-06-28,GPR,153.90248107910156
2019-06-29,GPR,83.27684020996094
2019-06-30,GPR,23.661197662353516
2019-07-01,GPR,112.51927947998047
2019-07-02,GPR,138.2222442626953
2019-07-03,GPR,66.82413482666016
2019-07-04,GPR,105.83283996582031
2019-07-05,GPR,98.34883880615234
2019-07-06,GPR,52.012840270996094
2019-07-07,GPR,52.02985763549805
2019-07-08,GPR,53.5069694519043
2019-07-09,GPR,96.6531753540039
2019-07-10,GPR,100.7791748046875
2019-07-11,GPR,119.67986297607422
2019-07-12,GPR,107.3701400756836
2019-07-13,GPR,77.71419525146484
2019-07-14,GPR,31.32451629638672
2019-07-15,GPR,31.055322647094727
2019-07-16,GPR,76.37043762207031
2019-07-17,GPR,147.22523498535156
2019-07-18,GPR,102.68067169189453
2019-07-19,GPR,48.779441833496094
2019-07-20,GPR,86.82132720947266
2019-07-21,GPR,61.02098083496094
2019-07-22,GPR,193.0157470703125
2019-07-23,GPR,139.26712036132812
2019-07-24,GPR,99.51920318603516
2019-07-25,GPR,74.43972778320312
2019-07-26,GPR,137.65362548828125
2019-07-27,GPR,62.81315994262695
2019-07-28,GPR,31.775230407714844
2019-07-29,GPR,137.6140899658203
2019-07-30,GPR,152.35845947265625
2019-07-31,GPR,89.65638732910156
2019-08-01,GPR,107.72577667236328
2019-08-02,GPR,110.98809051513672
2019-08-03,GPR,112.1785888671875
2019-08-04,GPR,115.36304473876953
2019-08-05,GPR,103.51773834228516
2019-08-06,GPR,270.9353332519531
2019-08-07,GPR,106.0021743774414
2019-08-08,GPR,144.63323974609375
2019-08-09,GPR,105.86102294921875
2019-08-10,GPR,90.65974426269531
2019-08-11,GPR,76.1509780883789
2019-08-12,GPR,151.52122497558594
2019-08-13,GPR,40.672725677490234
2019-08-14,GPR,105.77139282226562
2019-08-15,GPR,96.88568878173828
2019-08-16,GPR,104.6073989868164
2019-08-17,GPR,99.67605590820312
2019-08-18,GPR,88.65753173828125
2019-08-19,GPR,127.8534927368164
2019-08-20,GPR,76.67980194091797
2019-08-21,GPR,114.39083099365234
2019-08-22,GPR,147.9677276611328
2019-08-23,GPR,96.78153228759766
2019-08-24,GPR,66.05319213867188
2019-08-25,GPR,83.02174377441406
2019-08-26,GPR,121.19149780273438
2019-08-27,GPR,178.0950469970703
2019-08-28,GPR,83.47319030761719
2019-08-29,GPR,76.37043762207031
2019-08-30,GPR,45.77669143676758
2019-08-31,GPR,37.03073501586914
2019-09-01,GPR,35.542572021484375
2019-09-02,GPR,118.91268920898438
2019-09-03,GPR,83.72998809814453
2019-09-04,GPR,89.6500015258789
2019-09-05,GPR,81.01388549804688
2019-09-06,GPR,81.73868560791016
2019-09-07,GPR,18.947002410888672
2019-09-08,GPR,64.95230865478516
2019-09-09,GPR,72.8570556640625
2019-09-10,GPR,104.88341522216797
2019-09-11,GPR,98.7486343383789
2019-09-12,GPR,79.50162506103516
2019-09-13,GPR,70.56848907470703
2019-09-14,GPR,46.437862396240234
2019-09-15,GPR,74.36376190185547
2019-09-16,GPR,178.9195556640625
2019-09-17,GPR,253.3421173095703
2019-09-18,GPR,115.36304473876953
2019-09-19,GPR,157.13462829589844
2019-09-20,GPR,126.9625244140625
2019-09-21,GPR,80.55854797363281
2019-09-22,GPR,108.32837677001953
2019-09-23,GPR,52.5804443359375
2019-09-24,GPR,103.2372055053711
2019-09-25,GPR,124.11428833007812
2019-09-26,GPR,70.6681137084961
2019-09-27,GPR,88.05559539794922
2019-09-28,GPR,38.8308219909668
2019-09-29,GPR,61.0611572265625
2019-09-30,GPR,95.55484008789062
2019-10-01,GPR,90.13789367675781
2019-10-02,GPR,69.64662170410156
2019-10-03,GPR,46.477352142333984
2019-10-04,GPR,111.27488708496094
2019-10-05,GPR,54.147743225097656
2019-10-06,GPR,38.97138595581055
2019-10-07,GPR,52.96256637573242
2019-10-08,GPR,118.77732849121094
2019-10-09,GPR,82.47056579589844
2019-10-10,GPR,165.16957092285156
2019-10-11,GPR,204.3184814453125
2019-10-12,GPR,103.07038879394531
2019-10-13,GPR,94.85326385498047
2019-10-14,GPR,118.4822998046875
2019-10-15,GPR,108.06958770751953
2019-10-16,GPR,193.50186157226562
2019-10-17,GPR,114.77235412597656
2019-10-18,GPR,106.58197021484375
2019-10-19,GPR,113.19326782226562
2019-10-20,GPR,36.48202133178711
2019-10-21,GPR,93.44337463378906
2019-10-22,GPR,54.304386138916016
2019-10-23,GPR,97.05612182617188
2019-10-24,GPR,116.30601501464844
2019-10-25,GPR,140.87469482421875
2019-10-26,GPR,28.694042205810547
2019-10-27,GPR,7.667980670928955
2019-10-28,GPR,98.2957763671875
2019-10-29,GPR,95.01498413085938
2019-10-30,GPR,113.28890991210938
2019-10-31,GPR,83.14237976074219
2019-11-01,GPR,100.65813446044922
2019-11-02,GPR,60.810420989990234
2019-11-03,GPR,54.304386138916016
2019-11-04,GPR,59.24114990234375
2019-11-05,GPR,77.9427719116211
2019-11-06,GPR,85.79312133789062
2019-11-07,GPR,63.615840911865234
2019-11-08,GPR,98.94168853759766
2019-11-09,GPR,26.858657836914062
2019-11-10,GPR,55.60665512084961
2019-11-11,GPR,92.58729553222656
2019-11-12,GPR,62.41069412231445
2019-11-13,GPR,160.1495819091797
2019-11-14,GPR,85.79312133789062
2019-11-15,GPR,75.07235717773438
2019-11-16,GPR,69.26277923583984
2019-11-17,GPR,73.94124603271484
2019-11-18,GPR,109.09654235839844
2019-11-19,GPR,61.16957092285156
2019-11-20,GPR,101.92516326904297
2019-11-21,GPR,62.8968505859375
2019-11-22,GPR,64.28498840332031
2019-11-23,GPR,37.21986389160156
2019-11-24,GPR,52.461483001708984
2019-11-25,GPR,36.63187026977539
2019-11-26,GPR,70.48016357421875
2019-11-27,GPR,93.24922180175781
2019-11-28,GPR,38.01306915283203
2019-11-29,GPR,108.37702941894531
2019-11-30,GPR,72.47185516357422
2019-12-01,GPR,59.45634460449219
2019-12-02,GPR,77.88168334960938
2019-12-03,GPR,85.84397888183594
2019-12-04,GPR,47.662845611572266
2019-12-05,GPR,103.14582061767578
2019-12-06,GPR,88.65753173828125
2019-12-07,GPR,12.234784126281738
2019-12-08,GPR,37.47248458862305
2019-12-09,GPR,82.81419372558594
2019-12-10,GPR,76.30575561523438
2019-12-11,GPR,97.42845916748047
2019-12-12,GPR,97.68965911865234
2019-12-13,GPR,99.6260986328125
2019-12-14,GPR,48.30827713012695
2019-12-15,GPR,48.35865020751953
2019-12-16,GPR,94.9302978515625
2019-12-17,GPR,82.32990264892578
2019-12-18,GPR,119.12415313720703
2019-12-19,GPR,69.01182556152344
2019-12-20,GPR,49.50848388671875
2019-12-21,GPR,52.75989532470703
2019-12-22,GPR,25.416120529174805
2019-12-23,GPR,34.808067321777344
2019-12-24,GPR,58.21735763549805
2019-12-25,GPR,45.37763977050781
2019-12-26,GPR,44.167572021484375
2019-12-27,GPR,111.91106414794922
2019-12-28,GPR,60.940799713134766
2019-12-29,GPR,36.3021125793457
2019-12-30,GPR,128.64340209960938
2019-12-31,GPR,165.35279846191406
2020-01-01,GPR,114.53026580810547
2020-01-02,GPR,163.1806640625
2020-01-03,GPR,80.7943344116211
2020-01-04,GPR,229.9917449951172
2020-01-05,GPR,199.252197265625
2020-01-06,GPR,251.98611450195312
2020-01-07,GPR,413.4556884765625
2020-01-08,GPR,180.6054229736328
2020-01-09,GPR,394.46002197265625
2020-01-10,GPR,167.3013916015625
2020-01-11,GPR,120.16177368164062
2020-01-12,GPR,175.7330322265625
2020-01-13,GPR,152.72569274902344
2020-01-14,GPR,131.77566528320312
2020-01-15,GPR,153.5319366455078
2020-01-16,GPR,145.94757080078125
2020-01-17,GPR,129.82249450683594
2020-01-18,GPR,38.81915283203125
2020-01-19,GPR,93.311767578125
2020-01-20,GPR,119.11630249023438
2020-01-21,GPR,119.32880401611328
2020-01-22,GPR,77.99105834960938
2020-01-23,GPR,93.07342529296875
2020-01-24,GPR,51.961849212646484
2020-01-25,GPR,33.125675201416016
2020-01-26,GPR,23.32794189453125
2020-01-27,GPR,72.01234436035156
2020-01-28,GPR,99.59353637695312
2020-01-29,GPR,47.01708984375
2020-01-30,GPR,188.068359375
2020-01-31,GPR,73.97793579101562
2020-02-01,GPR,89.04752349853516
2020-02-02,GPR,41.14990997314453
2020-02-03,GPR,107.51765441894531
2020-02-04,GPR,143.60842895507812
2020-02-05,GPR,68.34733581542969
2020-02-06,GPR,90.6311264038086
2020-02-07,GPR,78.96466064453125
2020-02-08,GPR,31.170438766479492
2020-02-09,GPR,31.473329544067383
2020-02-10,GPR,24.757606506347656
2020-02-11,GPR,90.26069641113281
2020-02-12,GPR,62.03310012817383
2020-02-13,GPR,58.852725982666016
2020-02-14,GPR,89.18451690673828
2020-02-15,GPR,53.96038055419922
2020-02-16,GPR,73.43130493164062
2020-02-17,GPR,84.64823913574219
2020-02-18,GPR,83.42762756347656
2020-02-19,GPR,54.75318145751953
2020-02-20,GPR,111.30940246582031
2020-02-21,GPR,103.92369842529297
2020-02-22,GPR,77.33621215820312
2020-02-23,GPR,37.9012336730957
2020-02-24,GPR,80.91768646240234
2020-02-25,GPR,115.451416015625
2020-02-26,GPR,102.60165405273438
2020-02-27,GPR,63.96682357788086
2020-02-28,GPR,55.13877487182617
2020-02-29,GPR,90.31626892089844
2020-03-01,GPR,53.675865173339844
2020-03-02,GPR,106.23394775390625
2020-03-03,GPR,123.0382308959961
2020-03-04,GPR,144.92483520507812
2020-03-05,GPR,79.18489074707031
2020-03-06,GPR,51.327030181884766
2020-03-07,GPR,64.26498413085938
2020-03-08,GPR,65.09412384033203
2020-03-09,GPR,72.8036880493164
2020-03-10,GPR,71.64586639404297
2020-03-11,GPR,90.98188018798828
2020-03-12,GPR,74.83802795410156
2020-03-13,GPR,68.06645965576172
2020-03-14,GPR,66.94995880126953
2020-03-15,GPR,32.08298110961914
2020-03-16,GPR,34.45463943481445
2020-03-17,GPR,99.09390258789062
2020-03-18,GPR,87.61199188232422
2020-03-19,GPR,89.16736602783203
2020-03-20,GPR,57.803192138671875
2020-03-21,GPR,59.94169998168945
2020-03-22,GPR,79.82090759277344
2020-03-23,GPR,121.19149780273438
2020-03-24,GPR,191.0130157470703
2020-03-25,GPR,53.35679244995117
2020-03-26,GPR,56.70586395263672
2020-03-27,GPR,52.12910461425781
2020-03-28,GPR,67.86724090576172
2020-03-29,GPR,157.74131774902344
2020-03-30,GPR,103.51773834228516
2020-03-31,GPR,89.26080322265625
2020-04-01,GPR,65.59539794921875
2020-04-02,GPR,47.594364166259766
2020-04-03,GPR,84.5761947631836
2020-04-04,GPR,76.49503326416016
2020-04-05,GPR,95.13902282714844
2020-04-06,GPR,99.32736206054688
2020-04-07,GPR,106.52973937988281
2020-04-08,GPR,78.2134017944336
2020-04-09,GPR,60.910011291503906
2020-04-10,GPR,85.4856185913086
2020-04-11,GPR,42.92744445800781
2020-04-12,GPR,42.68772888183594
2020-04-13,GPR,88.7790298461914
2020-04-14,GPR,91.17159271240234
2020-04-15,GPR,89.52886199951172
2020-04-16,GPR,48.45511245727539
2020-04-17,GPR,73.5105209350586
2020-04-18,GPR,43.82669448852539
2020-04-19,GPR,37.47248458862305
2020-04-20,GPR,25.87943458557129
2020-04-21,GPR,54.08273696899414
2020-04-22,GPR,137.26109313964844
2020-04-23,GPR,100.93696594238281
2020-04-24,GPR,45.83427047729492
2020-04-25,GPR,48.61210632324219
2020-04-26,GPR,40.99712371826172
2020-04-27,GPR,49.002479553222656
2020-04-28,GPR,95.68627166748047
2020-04-29,GPR,79.46189880371094
2020-04-30,GPR,56.9495849609375
2020-05-01,GPR,60.41156768798828
2020-05-02,GPR,69.95919036865234
2020-05-03,GPR,26.1518497467041
2020-05-04,GPR,59.59642028808594
2020-05-05,GPR,41.63842010498047
2020-05-06,GPR,80.7943344116211
2020-05-07,GPR,56.14521408081055
2020-05-08,GPR,70.48016357421875
2020-05-09,GPR,24.668058395385742
2020-05-10,GPR,41.71999740600586
2020-05-11,GPR,37.912078857421875
2020-05-12,GPR,39.43532943725586
2020-05-13,GPR,59.53266525268555
2020-05-14,GPR,82.12977600097656
2020-05-15,GPR,45.81698226928711
2020-05-16,GPR,51.97543716430664
2020-05-17,GPR,75.47622680664062
2020-05-18,GPR,135.0965576171875
2020-05-19,GPR,99.47650909423828
2020-05-20,GPR,99.69424438476562
2020-05-21,GPR,73.20591735839844
2020-05-22,GPR,135.6533660888672
2020-05-23,GPR,36.32925796508789
2020-05-24,GPR,17.761756896972656
2020-05-25,GPR,129.1339874267578
2020-05-26,GPR,120.36186218261719
2020-05-27,GPR,23.426929473876953
2020-05-28,GPR,61.02098083496094
2020-05-29,GPR,137.45094299316406
2020-05-30,GPR,84.24638366699219
2020-05-31,GPR,77.84101867675781
2020-06-01,GPR,53.90272903442383
2020-06-02,GPR,83.04486846923828
2020-06-03,GPR,114.53026580810547
2020-06-04,GPR,36.153533935546875
2020-06-05,GPR,109.97901153564453
2020-06-06,GPR,55.09468078613281
2020-06-07,GPR,60.86082458496094
2020-06-08,GPR,65.64539337158203
2020-06-09,GPR,68.30036163330078
2020-06-10,GPR,95.68627166748047
2020-06-11,GPR,87.41497802734375
2020-06-12,GPR,73.61261749267578
2020-06-13,GPR,58.861026763916016
2020-06-14,GPR,26.858657836914062
2020-06-15,GPR,102.8747787475586
2020-06-16,GPR,79.20344543457031
2020-06-17,GPR,151.3807830810547
2020-06-18,GPR,101.31523895263672
2020-06-19,GPR,53.8231086730957
2020-06-20,GPR,82.12977600097656
2020-06-21,GPR,43.472015380859375
2020-06-22,GPR,131.45111083984375
2020-06-23,GPR,56.38412857055664
2020-06-24,GPR,80.2188720703125
2020-06-25,GPR,40.78400802612305
2020-06-26,GPR,44.344947814941406
2020-06-27,GPR,29.609542846679688
2020-06-28,GPR,36.3021125793457
2020-06-29,GPR,48.00822830200195
2020-06-30,GPR,76.92465209960938
2020-07-01,GPR,107.85104370117188
2020-07-02,GPR,23.39383888244629
2020-07-03,GPR,43.972137451171875
2020-07-04,GPR,24.459888458251953
2020-07-05,GPR,57.11323547363281
2020-07-06,GPR,72.01234436035156
2020-07-07,GPR,106.17205047607422
2020-07-08,GPR,68.60346984863281
2020-07-09,GPR,55.82979202270508
2020-07-10,GPR,97.42845916748047
2020-07-11,GPR,21.099157333374023
2020-07-12,GPR,25.481290817260742
2020-07-13,GPR,92.73129272460938
2020-07-14,GPR,93.79849243164062
2020-07-15,GPR,103.6720199584961
2020-07-16,GPR,29.48873519897461
2020-07-17,GPR,38.3201904296875
2020-07-18,GPR,30.830516815185547
2020-07-19,GPR,33.46028137207031
2020-07-20,GPR,87.17283630371094
2020-07-21,GPR,116.2304458618164
2020-07-22,GPR,117.1346435546875
2020-07-23,GPR,78.04478454589844
2020-07-24,GPR,92.75189971923828
2020-07-25,GPR,35.73427963256836
2020-07-26,GPR,39.24843215942383
2020-07-27,GPR,137.1768798828125
2020-07-28,GPR,121.64796447753906
2020-07-29,GPR,80.91041564941406
2020-07-30,GPR,54.08273696899414
2020-07-31,GPR,38.618019104003906
2020-08-01,GPR,26.741212844848633
2020-08-02,GPR,25.35128402709961
2020-08-03,GPR,42.1684684753418
2020-08-04,GPR,48.714229583740234
2020-08-05,GPR,33.80171203613281
2020-08-06,GPR,112.36660766601562
2020-08-07,GPR,43.81703186035156
2020-08-08,GPR,27.207948684692383
2020-08-09,GPR,39.43532943725586
2020-08-10,GPR,40.582759857177734
2020-08-11,GPR,55.28624725341797
2020-08-12,GPR,61.8345947265625
2020-08-13,GPR,88.89659118652344
2020-08-14,GPR,44.28566360473633
2020-08-15,GPR,82.1888427734375
2020-08-16,GPR,64.16596221923828
2020-08-17,GPR,65.54547882080078
2020-08-18,GPR,84.09903717041016
2020-08-19,GPR,46.6558837890625
2020-08-20,GPR,122.01818084716797
2020-08-21,GPR,166.30258178710938
2020-08-22,GPR,55.148189544677734
2020-08-23,GPR,24.96910285949707
2020-08-24,GPR,71.2380142211914
2020-08-25,GPR,85.98194885253906
2020-08-26,GPR,105.6713638305664
2020-08-27,GPR,142.09405517578125
2020-08-28,GPR,64.11421203613281
2020-08-29,GPR,45.13981246948242
2020-08-30,GPR,8.386247634887695
2020-08-31,GPR,88.63056945800781
2020-09-01,GPR,106.36685180664062
2020-09-02,GPR,109.20553588867188
2020-09-03,GPR,94.24089813232422
2020-09-04,GPR,94.90303039550781
2020-09-05,GPR,57.11323547363281
2020-09-06,GPR,28.495206832885742
2020-09-07,GPR,149.52561950683594
2020-09-08,GPR,68.60346984863281
2020-09-09,GPR,47.32239532470703
2020-09-10,GPR,145.2469482421875
2020-09-11,GPR,145.94757080078125
2020-09-12,GPR,55.645904541015625
2020-09-13,GPR,85.73704528808594
2020-09-14,GPR,67.30906677246094
2020-09-15,GPR,115.93987274169922
2020-09-16,GPR,82.47056579589844
2020-09-17,GPR,100.07757568359375
2020-09-18,GPR,86.33578491210938
2020-09-19,GPR,45.15671920776367
2020-09-20,GPR,57.25425338745117
2020-09-21,GPR,52.916419982910156
2020-09-22,GPR,94.38795471191406
2020-09-23,GPR,62.16614532470703
2020-09-24,GPR,64.86751556396484
2020-09-25,GPR,55.35139083862305
2020-09-26,GPR,42.054080963134766
2020-09-27,GPR,62.062156677246094
2020-09-28,GPR,104.4075698852539
2020-09-29,GPR,105.160888671875
2020-09-30,GPR,104.96094512939453
2020-10-01,GPR,75.99683380126953
2020-10-02,GPR,101.92516326904297
2020-10-03,GPR,44.42140579223633
2020-10-04,GPR,74.60737609863281
2020-10-05,GPR,66.92056274414062
2020-10-06,GPR,85.70679473876953
2020-10-07,GPR,83.25235748291016
2020-10-08,GPR,113.64591217041016
2020-10-09,GPR,81.5680160522461
2020-10-10,GPR,56.08929443359375
2020-10-11,GPR,40.895896911621094
2020-10-12,GPR,67.71858978271484
2020-10-13,GPR,78.08782196044922
2020-10-14,GPR,47.69403839111328
2020-10-15,GPR,107.97156524658203
2020-10-16,GPR,123.50452423095703
2020-10-17,GPR,46.205345153808594
2020-10-18,GPR,49.075077056884766
2020-10-19,GPR,95.217529296875
2020-10-20,GPR,98.67223358154297
2020-10-21,GPR,72.01234436035156
2020-10-22,GPR,101.61250305175781
2020-10-23,GPR,65.72555541992188
2020-10-24,GPR,66.82413482666016
2020-10-25,GPR,46.98677444458008
2020-10-26,GPR,89.93396759033203
2020-10-27,GPR,130.45274353027344
2020-10-28,GPR,81.79179382324219
2020-10-29,GPR,89.64422607421875
2020-10-30,GPR,80.3587875366211
2020-10-31,GPR,13.506901741027832
2020-11-01,GPR,49.866607666015625
2020-11-02,GPR,56.625091552734375
2020-11-03,GPR,162.6325225830078
2020-11-04,GPR,129.5658721923828
2020-11-05,GPR,69.64662170410156
2020-11-06,GPR,62.92530059814453
2020-11-07,GPR,42.17764663696289
2020-11-08,GPR,44.865478515625
2020-11-09,GPR,105.3998794555664
2020-11-10,GPR,58.58963394165039
2020-11-11,GPR,97.92937469482422
2020-11-12,GPR,52.86012268066406
2020-11-13,GPR,69.1920166015625
2020-11-14,GPR,33.80171203613281
2020-11-15,GPR,66.58427429199219
2020-11-16,GPR,70.595703125
2020-11-17,GPR,45.81698226928711
2020-11-18,GPR,109.74150848388672
2020-11-19,GPR,49.04205322265625
2020-11-20,GPR,94.15567016601562
2020-11-21,GPR,47.32239532470703
2020-11-22,GPR,48.83392333984375
2020-11-23,GPR,36.7552604675293
2020-11-24,GPR,104.29373168945312
2020-11-25,GPR,23.360843658447266
2020-11-26,GPR,69.12260437011719
2020-11-27,GPR,70.37321472167969
2020-11-28,GPR,90.85101318359375
2020-11-29,GPR,101.21734619140625
2020-11-30,GPR,46.802371978759766
2020-12-01,GPR,129.65858459472656
2020-12-02,GPR,92.27208709716797
2020-12-03,GPR,67.78787994384766
2020-12-04,GPR,38.66810607910156
2020-12-05,GPR,48.33513259887695
2020-12-06,GPR,64.01097106933594
2020-12-07,GPR,55.042667388916016
2020-12-08,GPR,78.9751205444336
2020-12-09,GPR,62.7380256652832
2020-12-10,GPR,95.42375946044922
2020-12-11,GPR,42.853397369384766
2020-12-12,GPR,50.962581634521484
2020-12-13,GPR,28.132211685180664
2020-12-14,GPR,29.79821014404297
2020-12-15,GPR,89.52886199951172
2020-12-16,GPR,52.51097869873047
2020-12-17,GPR,93.12439727783203
2020-12-18,GPR,79.99098205566406
2020-12-19,GPR,66.18169403076172
2020-12-20,GPR,8.833514213562012
2020-12-21,GPR,91.1224136352539
2020-12-22,GPR,62.6832275390625
2020-12-23,GPR,68.60346984863281
2020-12-24,GPR,54.99793243408203
2020-12-25,GPR,48.241275787353516
2020-12-26,GPR,51.643592834472656
2020-12-27,GPR,28.47479248046875
2020-12-28,GPR,41.40709686279297
2020-12-29,GPR,69.01182556152344
2020-12-30,GPR,59.15299606323242
2020-12-31,GPR,80.7943344116211
2021-01-01,GPR,65.27227020263672
2021-01-02,GPR,39.43532943725586
2021-01-03,GPR,19.037744522094727
2021-01-04,GPR,99.32736206054688
2021-01-05,GPR,121.8519515991211
2021-01-06,GPR,106.57054138183594
2021-01-07,GPR,54.23599624633789
2021-01-08,GPR,77.7395248413086
2021-01-09,GPR,84.59059143066406
2021-01-10,GPR,70.81498718261719
2021-01-11,GPR,84.14276123046875
2021-01-12,GPR,169.87527465820312
2021-01-13,GPR,66.500732421875
2021-01-14,GPR,62.11064529418945
2021-01-15,GPR,57.96993637084961
2021-01-16,GPR,72.01234436035156
2021-01-17,GPR,71.32322692871094
2021-01-18,GPR,94.48599243164062
2021-01-19,GPR,66.66802978515625
2021-01-20,GPR,87.48678588867188
2021-01-21,GPR,47.43533706665039
2021-01-22,GPR,93.7134780883789
2021-01-23,GPR,56.42650604248047
2021-01-24,GPR,34.06239318847656
2021-01-25,GPR,140.4451141357422
2021-01-26,GPR,50.25387191772461
2021-01-27,GPR,68.84309387207031
2021-01-28,GPR,112.78604125976562
2021-01-29,GPR,63.216941833496094
2021-01-30,GPR,61.917152404785156
2021-01-31,GPR,23.888710021972656
2021-02-01,GPR,60.04654312133789
2021-02-02,GPR,192.34263610839844
2021-02-03,GPR,69.92227935791016
2021-02-04,GPR,78.18482208251953
2021-02-05,GPR,106.44497680664062
2021-02-06,GPR,63.06491470336914
2021-02-07,GPR,48.476600646972656
2021-02-08,GPR,72.8036880493164
2021-02-09,GPR,61.26280975341797
2021-02-10,GPR,74.92713165283203
2021-02-11,GPR,63.45914840698242
2021-02-12,GPR,73.32506561279297
2021-02-13,GPR,36.62135314941406
2021-02-14,GPR,25.286775588989258
2021-02-15,GPR,61.24074935913086
2021-02-16,GPR,91.76087188720703
2021-02-17,GPR,104.36856842041016
2021-02-18,GPR,33.67285919189453
2021-02-19,GPR,85.1559829711914
2021-02-20,GPR,23.758169174194336
2021-02-21,GPR,37.47248458862305
2021-02-22,GPR,71.28911590576172
2021-02-23,GPR,97.42845916748047
2021-02-24,GPR,77.84101867675781
2021-02-25,GPR,46.18281936645508
2021-02-26,GPR,121.14055633544922
2021-02-27,GPR,81.19038391113281
2021-02-28,GPR,66.41739654541016
2021-03-01,GPR,96.29557800292969
2021-03-02,GPR,137.46934509277344
2021-03-03,GPR,154.58648681640625
2021-03-04,GPR,88.44233703613281
2021-03-05,GPR,88.98228454589844
2021-03-06,GPR,57.995521545410156
2021-03-07,GPR,16.277973175048828
2021-03-08,GPR,60.39744567871094
2021-03-09,GPR,22.26188087463379
2021-03-10,GPR,57.34138107299805
2021-03-11,GPR,70.38656616210938
2021-03-12,GPR,49.37989044189453
2021-03-13,GPR,72.58614349365234
2021-03-14,GPR,43.81703186035156
2021-03-15,GPR,111.60258483886719
2021-03-16,GPR,108.84150695800781
2021-03-17,GPR,93.311767578125
2021-03-18,GPR,134.94033813476562
2021-03-19,GPR,42.853397369384766
2021-03-20,GPR,29.48873519897461
2021-03-21,GPR,26.29022216796875
2021-03-22,GPR,119.15711212158203
2021-03-23,GPR,99.4635238647461
2021-03-24,GPR,76.4438705444336
2021-03-25,GPR,63.78499984741211
2021-03-26,GPR,69.7814712524414
2021-03-27,GPR,41.32761764526367
2021-03-28,GPR,75.62940216064453
2021-03-29,GPR,123.23540496826172
2021-03-30,GPR,95.42375946044922
2021-03-31,GPR,76.34598541259766
2021-04-01,GPR,67.69552612304688
2021-04-02,GPR,65.70381927490234
2021-04-03,GPR,91.81957244873047
2021-04-04,GPR,23.437978744506836
2021-04-05,GPR,74.55940246582031
2021-04-06,GPR,92.78900909423828
2021-04-07,GPR,113.79048919677734
2021-04-08,GPR,32.52170181274414
2021-04-09,GPR,48.00822830200195
2021-04-10,GPR,32.44434356689453
2021-04-11,GPR,48.83392333984375
2021-04-12,GPR,100.38084411621094
2021-04-13,GPR,95.29304504394531
2021-04-14,GPR,186.30352783203125
2021-04-15,GPR,103.25959777832031
2021-04-16,GPR,95.03267669677734
2021-04-17,GPR,101.40513610839844
2021-04-18,GPR,54.817909240722656
2021-04-19,GPR,110.41893005371094
2021-04-20,GPR,125.26516723632812
2021-04-21,GPR,166.30258178710938
2021-04-22,GPR,113.77379608154297
2021-04-23,GPR,146.73118591308594
2021-04-24,GPR,111.8166275024414
2021-04-25,GPR,16.60434913635254
2021-04-26,GPR,54.46673583984375
2021-04-27,GPR,131.65333557128906
2021-04-28,GPR,50.063995361328125
2021-04-29,GPR,47.383934020996094
2021-04-30,GPR,36.4018440246582
2021-05-01,GPR,56.08929443359375
2021-05-02,GPR,49.56460189819336
2021-05-03,GPR,97.42845916748047
2021-05-04,GPR,93.87843322753906
2021-05-05,GPR,60.385345458984375
2021-05-06,GPR,76.30575561523438
2021-05-07,GPR,55.92646408081055
2021-05-08,GPR,3.56573486328125
2021-05-09,GPR,8.323034286499023
2021-05-10,GPR,49.002479553222656
2021-05-11,GPR,101.1806869506836
2021-05-12,GPR,63.2974739074707
2021-05-13,GPR,140.43304443359375
2021-05-14,GPR,115.36304473876953
2021-05-15,GPR,88.29153442382812
2021-05-16,GPR,49.318626403808594
2021-05-17,GPR,92.1579818725586
2021-05-18,GPR,98.58832550048828
2021-05-19,GPR,158.9622344970703
2021-05-20,GPR,125.85060119628906
2021-05-21,GPR,165.85250854492188
2021-05-22,GPR,68.15982818603516
2021-05-23,GPR,65.92174530029297
2021-05-24,GPR,138.4081268310547
2021-05-25,GPR,170.94143676757812
2021-05-26,GPR,176.6128387451172
2021-05-27,GPR,133.3360595703125
2021-05-28,GPR,140.02928161621094
2021-05-29,GPR,59.0212516784668
2021-05-30,GPR,31.10392189025879
2021-05-31,GPR,57.554264068603516
2021-06-01,GPR,65.87492370605469
2021-06-02,GPR,68.72547149658203
2021-06-03,GPR,60.072471618652344
2021-06-04,GPR,79.60777282714844
2021-06-05,GPR,41.4935417175293
2021-06-06,GPR,47.32239532470703
2021-06-07,GPR,54.304386138916016
2021-06-08,GPR,59.727294921875
2021-06-09,GPR,93.24922180175781
2021-06-10,GPR,85.51465606689453
2021-06-11,GPR,131.48475646972656
2021-06-12,GPR,47.130027770996094
2021-06-13,GPR,58.55548858642578
2021-06-14,GPR,29.358060836791992
2021-06-15,GPR,73.5105209350586
2021-06-16,GPR,144.7877197265625
2021-06-17,GPR,138.02365112304688
2021-06-18,GPR,84.50428009033203
2021-06-19,GPR,42.243160247802734
2021-06-20,GPR,94.64479064941406
2021-06-21,GPR,94.50267791748047
2021-06-22,GPR,170.60433959960938
2021-06-23,GPR,41.51087188720703
2021-06-24,GPR,76.66112518310547
2021-06-25,GPR,54.78801345825195
2021-06-26,GPR,25.453319549560547
2021-06-27,GPR,8.472040176391602
2021-06-28,GPR,97.29219818115234
2021-06-29,GPR,95.68627166748047
2021-06-30,GPR,43.81703186035156
2021-07-01,GPR,64.11421203613281
2021-07-02,GPR,78.9751205444336
2021-07-03,GPR,46.89175796508789
2021-07-04,GPR,46.52482986450195
2021-07-05,GPR,65.9874038696289
2021-07-06,GPR,63.3285026550293
2021-07-07,GPR,34.77761459350586
2021-07-08,GPR,37.85791778564453
2021-07-09,GPR,32.35719299316406
2021-07-10,GPR,31.023006439208984
2021-07-11,GPR,27.30138397216797
2021-07-12,GPR,69.73827362060547
2021-07-13,GPR,77.247802734375
2021-07-14,GPR,56.218509674072266
2021-07-15,GPR,104.51173400878906
2021-07-16,GPR,70.38033294677734
2021-07-17,GPR,76.57191467285156
2021-07-18,GPR,32.555946350097656
2021-07-19,GPR,50.573551177978516
2021-07-20,GPR,37.430145263671875
2021-07-21,GPR,49.915401458740234
2021-07-22,GPR,95.29304504394531
2021-07-23,GPR,91.7940444946289
2021-07-24,GPR,65.35699462890625
2021-07-25,GPR,26.220853805541992
2021-07-26,GPR,59.15299606323242
2021-07-27,GPR,79.20344543457031
2021-07-28,GPR,53.2962646484375
2021-07-29,GPR,30.91729736328125
2021-07-30,GPR,80.90396118164062
2021-07-31,GPR,30.390527725219727
2021-08-01,GPR,40.6949348449707
2021-08-02,GPR,111.9454574584961
2021-08-03,GPR,50.82042694091797
2021-08-04,GPR,89.99213409423828
2021-08-05,GPR,99.66178131103516
2021-08-06,GPR,63.62165832519531
2021-08-07,GPR,50.91036605834961
2021-08-08,GPR,18.557802200317383
2021-08-09,GPR,42.60537338256836
2021-08-10,GPR,103.37091064453125
2021-08-11,GPR,71.90812683105469
2021-08-12,GPR,76.1509780883789
2021-08-13,GPR,95.29304504394531
2021-08-14,GPR,11.128447532653809
2021-08-15,GPR,55.987060546875
2021-08-16,GPR,127.20260620117188
2021-08-17,GPR,157.74131774902344
2021-08-18,GPR,83.16069793701172
2021-08-19,GPR,49.64338684082031
2021-08-20,GPR,68.60346984863281
2021-08-21,GPR,95.3510971069336
2021-08-22,GPR,64.41104125976562
2021-08-23,GPR,189.92799377441406
2021-08-24,GPR,133.26422119140625
2021-08-25,GPR,47.52607727050781
2021-08-26,GPR,114.39083099365234
2021-08-27,GPR,103.81266021728516
2021-08-28,GPR,116.29227447509766
2021-08-29,GPR,81.67974853515625
2021-08-30,GPR,107.77188873291016
2021-08-31,GPR,203.01235961914062
2021-09-01,GPR,80.03519439697266
2021-09-02,GPR,106.2608871459961
2021-09-03,GPR,98.69049072265625
2021-09-04,GPR,52.84255599975586
2021-09-05,GPR,50.70256805419922
2021-09-06,GPR,81.71419525146484
2021-09-07,GPR,117.78018951416016
2021-09-08,GPR,85.30216979980469
2021-09-09,GPR,73.61261749267578
2021-09-10,GPR,65.9410400390625
2021-09-11,GPR,89.4393310546875
2021-09-12,GPR,69.01182556152344
2021-09-13,GPR,104.92296600341797
2021-09-14,GPR,69.78723907470703
2021-09-15,GPR,65.9686279296875
2021-09-16,GPR,119.12415313720703
2021-09-17,GPR,151.90768432617188
2021-09-18,GPR,103.51773834228516
2021-09-19,GPR,40.99712371826172
2021-09-20,GPR,59.95597839355469
2021-09-21,GPR,84.70899963378906
2021-09-22,GPR,54.23030090332031
2021-09-23,GPR,68.83257293701172
2021-09-24,GPR,92.75189971923828
2021-09-25,GPR,36.149051666259766
2021-09-26,GPR,33.20869827270508
2021-09-27,GPR,57.03129577636719
2021-09-28,GPR,96.15580749511719
2021-09-29,GPR,59.39776611328125
2021-09-30,GPR,102.68067169189453
2021-10-01,GPR,68.03733825683594
2021-10-02,GPR,57.63935852050781
2021-10-03,GPR,43.2450065612793
2021-10-04,GPR,65.81260681152344
2021-10-05,GPR,171.9004364013672
2021-10-06,GPR,56.072113037109375
2021-10-07,GPR,121.3052978515625
2021-10-08,GPR,94.39959716796875
2021-10-09,GPR,37.85791778564453
2021-10-10,GPR,26.1518497467041
2021-10-11,GPR,50.806251525878906
2021-10-12,GPR,81.5680160522461
2021-10-13,GPR,94.00530242919922
2021-10-14,GPR,55.363250732421875
2021-10-15,GPR,107.1450424194336
2021-10-16,GPR,27.152193069458008
2021-10-17,GPR,35.053627014160156
2021-10-18,GPR,126.71024322509766
2021-10-19,GPR,133.84112548828125
2021-10-20,GPR,76.40929412841797
2021-10-21,GPR,94.00530242919922
2021-10-22,GPR,86.04071807861328
2021-10-23,GPR,62.439273834228516
2021-10-24,GPR,49.441307067871094
2021-10-25,GPR,79.62903594970703
2021-10-26,GPR,144.6536102294922
2021-10-27,GPR,102.93289184570312
2021-10-28,GPR,96.13255310058594
2021-10-29,GPR,55.781578063964844
2021-10-30,GPR,49.83802795410156
2021-10-31,GPR,66.92056274414062
2021-11-01,GPR,124.33229064941406
2021-11-02,GPR,62.866249084472656
2021-11-03,GPR,73.80557250976562
2021-11-04,GPR,122.68769073486328
2021-11-05,GPR,76.9422836303711
2021-11-06,GPR,28.162105560302734
2021-11-07,GPR,46.437862396240234
2021-11-08,GPR,46.36564636230469
2021-11-09,GPR,84.5761947631836
2021-11-10,GPR,135.30206298828125
2021-11-11,GPR,83.04486846923828
2021-11-12,GPR,101.21734619140625
2021-11-13,GPR,63.277320861816406
2021-11-14,GPR,51.49068832397461
2021-11-15,GPR,141.16055297851562
2021-11-16,GPR,122.86271667480469
2021-11-17,GPR,126.06885528564453
2021-11-18,GPR,158.1717071533203
2021-11-19,GPR,108.7573471069336
2021-11-20,GPR,43.89743423461914
2021-11-21,GPR,34.06239318847656
2021-11-22,GPR,128.9940643310547
2021-11-23,GPR,80.91041564941406
2021-11-24,GPR,87.68561553955078
2021-11-25,GPR,118.09510040283203
2021-11-26,GPR,58.97747039794922
2021-11-27,GPR,57.11323547363281
2021-11-28,GPR,35.52351379394531
2021-11-29,GPR,60.78105545043945
2021-11-30,GPR,92.78900909423828
2021-12-01,GPR,86.94403076171875
2021-12-02,GPR,93.12439727783203
2021-12-03,GPR,106.17205047607422
2021-12-04,GPR,73.31639099121094
2021-12-05,GPR,86.75772857666016
2021-12-06,GPR,120.544677734375
2021-12-07,GPR,202.4346923828125
2021-12-08,GPR,145.55889892578125
2021-12-09,GPR,104.557373046875
2021-12-10,GPR,164.97715759277344
2021-12-11,GPR,95.62051391601562
2021-12-12,GPR,76.4438705444336
2021-12-13,GPR,110.41893005371094
2021-12-14,GPR,129.9046173095703
2021-12-15,GPR,72.01234436035156
2021-12-16,GPR,136.24957275390625
2021-12-17,GPR,95.44012451171875
2021-12-18,GPR,86.98970031738281
2021-12-19,GPR,61.02098083496094
2021-12-20,GPR,53.08602523803711
2021-12-21,GPR,101.40513610839844
2021-12-22,GPR,141.3362274169922
2021-12-23,GPR,135.30911254882812
2021-12-24,GPR,135.7197723388672
2021-12-25,GPR,43.87506866455078
2021-12-26,GPR,43.73026657104492
2021-12-27,GPR,78.87065887451172
2021-12-28,GPR,58.89009475708008
2021-12-29,GPR,37.88884735107422
2021-12-30,GPR,147.22523498535156
2021-12-31,GPR,76.59115600585938
2022-01-01,GPR,63.09653091430664
2022-01-02,GPR,37.85791778564453
2022-01-03,GPR,52.34305953979492
2022-01-04,GPR,88.9631118774414
2022-01-05,GPR,96.48255157470703
2022-01-06,GPR,70.01464080810547
2022-01-07,GPR,118.95960998535156
2022-01-08,GPR,38.27546691894531
2022-01-09,GPR,63.70322799682617
2022-01-10,GPR,130.00657653808594
2022-01-11,GPR,188.9130096435547
2022-01-12,GPR,78.2134017944336
2022-01-13,GPR,170.64743041992188
2022-01-14,GPR,133.57127380371094
2022-01-15,GPR,71.05609893798828
2022-01-16,GPR,46.00788497924805
2022-01-17,GPR,109.26873016357422
2022-01-18,GPR,138.8214874267578
2022-01-19,GPR,153.562744140625
2022-01-20,GPR,136.3739776611328
2022-01-21,GPR,185.75144958496094
2022-01-22,GPR,145.81280517578125
2022-01-23,GPR,106.85701751708984
2022-01-24,GPR,185.8010711669922
2022-01-25,GPR,291.5824279785156
2022-01-26,GPR,260.3373107910156
2022-01-27,GPR,265.0054016113281
2022-01-28,GPR,182.23171997070312
2022-01-29,GPR,217.44033813476562
2022-01-30,GPR,63.52869415283203
2022-01-31,GPR,142.98854064941406
2022-02-01,GPR,190.58609008789062
2022-02-02,GPR,250.3199920654297
2022-02-03,GPR,176.28762817382812
2022-02-04,GPR,92.57479858398438
2022-02-05,GPR,47.5650749206543
2022-02-06,GPR,78.2496337890625
2022-02-07,GPR,195.15126037597656
2022-02-08,GPR,158.38780212402344
2022-02-09,GPR,117.17926788330078
2022-02-10,GPR,108.53760528564453
2022-02-11,GPR,179.2779541015625
2022-02-12,GPR,131.98764038085938
2022-02-13,GPR,118.00495147705078
2022-02-14,GPR,191.8865509033203
2022-02-15,GPR,229.06053161621094
2022-02-16,GPR,223.4668731689453
2022-02-17,GPR,228.45294189453125
2022-02-18,GPR,226.35154724121094
2022-02-19,GPR,140.16024780273438
2022-02-20,GPR,83.27684020996094
2022-02-21,GPR,152.3668212890625
2022-02-22,GPR,279.43438720703125
2022-02-23,GPR,431.0212097167969
2022-02-24,GPR,370.7033996582031
2022-02-25,GPR,515.8916625976562
2022-02-26,GPR,398.5916748046875
2022-02-27,GPR,202.09298706054688
2022-02-28,GPR,452.6180725097656
2022-03-01,GPR,540.827392578125
2022-03-02,GPR,523.524658203125
2022-03-03,GPR,436.8221435546875
2022-03-04,GPR,350.0732116699219
2022-03-05,GPR,322.3639831542969
2022-03-06,GPR,197.62477111816406
2022-03-07,GPR,362.3121032714844
2022-03-08,GPR,352.1051025390625
2022-03-09,GPR,295.3064270019531
2022-03-10,GPR,352.40081787109375
2022-03-11,GPR,410.3309631347656
2022-03-12,GPR,298.70550537109375
2022-03-13,GPR,181.01463317871094
2022-03-14,GPR,350.1087951660156
2022-03-15,GPR,311.88226318359375
2022-03-16,GPR,473.2239685058594
2022-03-17,GPR,290.32562255859375
2022-03-18,GPR,285.3160400390625
2022-03-19,GPR,175.8885498046875
2022-03-20,GPR,130.75924682617188
2022-03-21,GPR,227.73902893066406
2022-03-22,GPR,244.8419647216797
2022-03-23,GPR,267.4743957519531
2022-03-24,GPR,317.01409912109375
2022-03-25,GPR,350.7424621582031
2022-03-26,GPR,275.0921325683594
2022-03-27,GPR,189.28958129882812
2022-03-28,GPR,281.920654296875
2022-03-29,GPR,233.35958862304688
2022-03-30,GPR,233.50888061523438
2022-03-31,GPR,254.8129119873047
2022-04-01,GPR,188.15780639648438
2022-04-02,GPR,188.15780639648438
2022-04-03,GPR,239.78370666503906
2022-04-04,GPR,163.0200653076172
2022-04-05,GPR,212.41769409179688
2022-04-06,GPR,175.74716186523438
2022-04-07,GPR,243.41552734375
2022-04-08,GPR,219.47674560546875
2022-04-09,GPR,178.6661834716797
2022-04-10,GPR,148.9779052734375
2022-04-11,GPR,195.2273712158203
2022-04-12,GPR,226.25242614746094
2022-04-13,GPR,258.87689208984375
2022-04-14,GPR,265.656005859375
2022-04-15,GPR,168.43563842773438
2022-04-16,GPR,166.67005920410156
2022-04-17,GPR,151.43167114257812
2022-04-18,GPR,218.6294708251953
2022-04-19,GPR,213.5172576904297
2022-04-20,GPR,189.60824584960938
2022-04-21,GPR,128.264404296875
2022-04-22,GPR,246.79725646972656
2022-04-23,GPR,134.42303466796875
2022-04-24,GPR,50.4451904296875
2022-04-25,GPR,246.8994598388672
2022-04-26,GPR,160.5444793701172
2022-04-27,GPR,186.6986541748047
2022-04-28,GPR,176.37631225585938
2022-04-29,GPR,148.93714904785156
2022-04-30,GPR,168.43563842773438
2022-05-01,GPR,66.92056274414062
2022-05-02,GPR,96.6702651977539
2022-05-03,GPR,157.47349548339844
2022-05-04,GPR,163.44906616210938
2022-05-05,GPR,144.69874572753906
2022-05-06,GPR,174.06805419921875
2022-05-07,GPR,97.71585845947266
2022-05-08,GPR,98.48174285888672
2022-05-09,GPR,150.86941528320312
2022-05-10,GPR,143.2461700439453
2022-05-11,GPR,176.37631225585938
2022-05-12,GPR,158.2610626220703
2022-05-13,GPR,162.08282470703125
2022-05-14,GPR,83.80007934570312
2022-05-15,GPR,77.84101867675781
2022-05-16,GPR,168.75344848632812
2022-05-17,GPR,174.62417602539062
2022-05-18,GPR,165.89596557617188
2022-05-19,GPR,162.38076782226562
2022-05-20,GPR,140.9603271484375
2022-05-21,GPR,124.2212905883789
2022-05-22,GPR,75.09599304199219
2022-05-23,GPR,150.3084716796875
2022-05-24,GPR,222.35826110839844
2022-05-25,GPR,155.10350036621094
2022-05-26,GPR,134.57305908203125
2022-05-27,GPR,155.51962280273438
2022-05-28,GPR,118.4752426147461
2022-05-29,GPR,76.05384826660156
2022-05-30,GPR,115.82404327392578
2022-05-31,GPR,190.30909729003906
2022-06-01,GPR,168.34361267089844
2022-06-02,GPR,142.59397888183594
2022-06-03,GPR,142.78309631347656
2022-06-04,GPR,102.8747787475586
2022-06-05,GPR,70.293212890625
2022-06-06,GPR,190.12530517578125
2022-06-07,GPR,139.0311279296875
2022-06-08,GPR,152.3668212890625
2022-06-09,GPR,115.55469512939453
2022-06-10,GPR,94.34528350830078
2022-06-11,GPR,103.96075439453125
2022-06-12,GPR,83.74468994140625
2022-06-13,GPR,147.22523498535156
2022-06-14,GPR,136.36642456054688
2022-06-15,GPR,110.05207824707031
2022-06-16,GPR,132.2822265625
2022-06-17,GPR,114.04771423339844
2022-06-18,GPR,98.11554718017578
2022-06-19,GPR,56.4642219543457
2022-06-20,GPR,115.72289276123047
2022-06-21,GPR,116.76954650878906
2022-06-22,GPR,121.32015991210938
2022-06-23,GPR,143.56231689453125
2022-06-24,GPR,149.3589324951172
2022-06-25,GPR,123.23540496826172
2022-06-26,GPR,75.8603286743164
2022-06-27,GPR,131.99984741210938
2022-06-28,GPR,200.76168823242188
2022-06-29,GPR,181.88807678222656
2022-06-30,GPR,173.20616149902344
2022-07-01,GPR,119.07923889160156
2022-07-02,GPR,60.22850036621094
2022-07-03,GPR,30.20578384399414
2022-07-04,GPR,80.43762969970703
2022-07-05,GPR,109.64945220947266
2022-07-06,GPR,138.9888458251953
2022-07-07,GPR,88.63056945800781
2022-07-08,GPR,110.41893005371094
2022-07-09,GPR,70.48016357421875
2022-07-10,GPR,38.51823043823242
2022-07-11,GPR,112.85301208496094
2022-07-12,GPR,113.63867950439453
2022-07-13,GPR,182.87045288085938
2022-07-14,GPR,165.35279846191406
2022-07-15,GPR,192.0329132080078
2022-07-16,GPR,102.60165405273438
2022-07-17,GPR,107.43463134765625
2022-07-18,GPR,128.70916748046875
2022-07-19,GPR,151.07994079589844
2022-07-20,GPR,149.56410217285156
2022-07-21,GPR,117.50662994384766
2022-07-22,GPR,125.4760513305664
2022-07-23,GPR,109.91929626464844
2022-07-24,GPR,89.26080322265625
2022-07-25,GPR,109.55962371826172
2022-07-26,GPR,160.8621063232422
2022-07-27,GPR,145.54339599609375
2022-07-28,GPR,106.68494415283203
2022-07-29,GPR,68.24624633789062
2022-07-30,GPR,119.9827651977539
2022-07-31,GPR,125.18424224853516
2022-08-01,GPR,130.93153381347656
2022-08-02,GPR,204.4794921875
2022-08-03,GPR,210.2315673828125
2022-08-04,GPR,212.0501708984375
2022-08-05,GPR,163.9325408935547
2022-08-06,GPR,138.22935485839844
2022-08-07,GPR,111.03579711914062
2022-08-08,GPR,149.09796142578125
2022-08-09,GPR,212.57118225097656
2022-08-10,GPR,80.65382385253906
2022-08-11,GPR,130.26951599121094
2022-08-12,GPR,182.54019165039062
2022-08-13,GPR,112.0191879272461
2022-08-14,GPR,120.09308624267578
2022-08-15,GPR,110.41893005371094
2022-08-16,GPR,96.5411376953125
2022-08-17,GPR,156.08956909179688
2022-08-18,GPR,100.73998260498047
2022-08-19,GPR,117.67557525634766
2022-08-20,GPR,81.54013061523438
2022-08-21,GPR,122.68769073486328
2022-08-22,GPR,101.72952270507812
2022-08-23,GPR,145.3411865234375
2022-08-24,GPR,102.45054626464844
2022-08-25,GPR,149.11880493164062
2022-08-26,GPR,108.25385284423828
2022-08-27,GPR,81.79179382324219
2022-08-28,GPR,103.81266021728516
2022-08-29,GPR,120.45700073242188
2022-08-30,GPR,115.27250671386719
2022-08-31,GPR,97.74789428710938
2022-09-01,GPR,187.71217346191406
2022-09-02,GPR,84.12870788574219
2022-09-03,GPR,117.78018951416016
2022-09-04,GPR,65.92174530029297
2022-09-05,GPR,83.9590835571289
2022-09-06,GPR,119.15711212158203
2022-09-07,GPR,124.28883361816406
2022-09-08,GPR,99.42936706542969
2022-09-09,GPR,94.32772064208984
2022-09-10,GPR,81.918212890625
2022-09-11,GPR,66.75199127197266
2022-09-12,GPR,111.95556640625
2022-09-13,GPR,132.26222229003906
2022-09-14,GPR,202.9320831298828
2022-09-15,GPR,95.6089096069336
2022-09-16,GPR,127.40645599365234
2022-09-17,GPR,119.15711212158203
2022-09-18,GPR,71.2380142211914
2022-09-19,GPR,122.18487548828125
2022-09-20,GPR,109.77320098876953
2022-09-21,GPR,189.75428771972656
2022-09-22,GPR,225.8568878173828
2022-09-23,GPR,187.7991180419922
2022-09-24,GPR,108.01850891113281
2022-09-25,GPR,71.04702758789062
2022-09-26,GPR,163.0200653076172
2022-09-27,GPR,155.8855438232422
2022-09-28,GPR,202.5867919921875
2022-09-29,GPR,156.9405975341797
2022-09-30,GPR,162.7410430908203
2022-10-01,GPR,154.9739227294922
2022-10-02,GPR,120.60319519042969
2022-10-03,GPR,123.89524841308594
2022-10-04,GPR,164.21275329589844
2022-10-05,GPR,171.14932250976562
2022-10-06,GPR,202.70140075683594
2022-10-07,GPR,144.24093627929688
2022-10-08,GPR,132.6922607421875
2022-10-09,GPR,97.9522705078125
2022-10-10,GPR,193.3405303955078
2022-10-11,GPR,228.25112915039062
2022-10-12,GPR,181.95040893554688
2022-10-13,GPR,133.84112548828125
2022-10-14,GPR,147.22523498535156
2022-10-15,GPR,92.4211196899414
2022-10-16,GPR,64.23261260986328
2022-10-17,GPR,171.66856384277344
2022-10-18,GPR,128.9849395751953
2022-10-19,GPR,160.19326782226562
2022-10-20,GPR,159.91705322265625
2022-10-21,GPR,174.34567260742188
2022-10-22,GPR,108.37702941894531
2022-10-23,GPR,52.3036994934082
2022-10-24,GPR,93.57535552978516
2022-10-25,GPR,139.72164916992188
2022-10-26,GPR,133.39198303222656
2022-10-27,GPR,180.4924774169922
2022-10-28,GPR,203.68539428710938
2022-10-29,GPR,81.26068115234375
2022-10-30,GPR,51.75886917114258
2022-10-31,GPR,113.79048919677734
2022-11-01,GPR,136.88296508789062
2022-11-02,GPR,150.81610107421875
2022-11-03,GPR,186.55252075195312
2022-11-04,GPR,115.8915786743164
2022-11-05,GPR,95.81807708740234
2022-11-06,GPR,101.14710235595703
2022-11-07,GPR,139.72164916992188
2022-11-08,GPR,225.73756408691406
2022-11-09,GPR,137.41021728515625
2022-11-10,GPR,98.15015411376953
2022-11-11,GPR,111.09221649169922
2022-11-12,GPR,47.662845611572266
2022-11-13,GPR,46.00788497924805
2022-11-14,GPR,188.92971801757812
2022-11-15,GPR,196.5082550048828
2022-11-16,GPR,170.58071899414062
2022-11-17,GPR,153.21286010742188
2022-11-18,GPR,77.71419525146484
2022-11-19,GPR,81.97037506103516
2022-11-20,GPR,60.385345458984375
2022-11-21,GPR,107.62855529785156
2022-11-22,GPR,105.24880981445312
2022-11-23,GPR,105.60198974609375
2022-11-24,GPR,46.46888732910156
2022-11-25,GPR,80.51380157470703
2022-11-26,GPR,94.32772064208984
2022-11-27,GPR,85.42438507080078
2022-11-28,GPR,87.9999008178711
2022-11-29,GPR,100.55011749267578
2022-11-30,GPR,81.59033203125
2022-12-01,GPR,65.94698333740234
2022-12-02,GPR,109.09654235839844
2022-12-03,GPR,106.4093017578125
2022-12-04,GPR,51.62443161010742
2022-12-05,GPR,98.96951293945312
2022-12-06,GPR,139.096923828125
2022-12-07,GPR,127.40645599365234
2022-12-08,GPR,140.9603271484375
2022-12-09,GPR,117.3084716796875
2022-12-10,GPR,46.72901153564453
2022-12-11,GPR,18.454416275024414
2022-12-12,GPR,158.36978149414062
2022-12-13,GPR,152.62684631347656
2022-12-14,GPR,133.39198303222656
2022-12-15,GPR,73.61261749267578
2022-12-16,GPR,98.7958755493164
2022-12-17,GPR,74.71957397460938
2022-12-18,GPR,49.73825454711914
2022-12-19,GPR,171.4579620361328
2022-12-20,GPR,132.74404907226562
2022-12-21,GPR,169.54087829589844
2022-12-22,GPR,159.0032501220703
2022-12-23,GPR,114.92581939697266
2022-12-24,GPR,80.7943344116211
2022-12-25,GPR,74.1619644165039
2022-12-26,GPR,64.6985855102539
2022-12-27,GPR,146.81739807128906
2022-12-28,GPR,151.88629150390625
2022-12-29,GPR,116.48590087890625
2022-12-30,GPR,150.22982788085938
2022-12-31,GPR,74.57938385009766
2023-01-01,GPR,34.62614440917969
2023-01-02,GPR,117.05186462402344
2023-01-03,GPR,198.44876098632812
2023-01-04,GPR,94.28560638427734
2023-01-05,GPR,100.73998260498047
2023-01-06,GPR,88.7294921875
2023-01-07,GPR,88.86172485351562
2023-01-08,GPR,29.228540420532227
2023-01-09,GPR,86.12676239013672
2023-01-10,GPR,114.62171936035156
2023-01-11,GPR,129.44314575195312
2023-01-12,GPR,114.44572448730469
2023-01-13,GPR,103.69776916503906
2023-01-14,GPR,95.40194702148438
2023-01-15,GPR,42.60537338256836
2023-01-16,GPR,107.10379791259766
2023-01-17,GPR,127.40645599365234
2023-01-18,GPR,76.7813720703125
2023-01-19,GPR,115.06175994873047
2023-01-20,GPR,152.3668212890625
2023-01-21,GPR,126.19306182861328
2023-01-22,GPR,41.53689956665039
2023-01-23,GPR,87.70545959472656
2023-01-24,GPR,89.98486328125
2023-01-25,GPR,110.61297607421875
2023-01-26,GPR,71.49427032470703
2023-01-27,GPR,120.77069091796875
2023-01-28,GPR,82.9361572265625
2023-01-29,GPR,55.20946502685547
2023-01-30,GPR,155.17120361328125
2023-01-31,GPR,148.3239288330078
2023-02-01,GPR,108.70256805419922
2023-02-02,GPR,130.60302734375
2023-02-03,GPR,116.32762908935547
2023-02-04,GPR,119.19284057617188
2023-02-05,GPR,83.86247253417969
2023-02-06,GPR,112.52884674072266
2023-02-07,GPR,138.02365112304688
2023-02-08,GPR,134.977294921875
2023-02-09,GPR,169.5853729248047
2023-02-10,GPR,147.8824920654297
2023-02-11,GPR,98.81238555908203
2023-02-12,GPR,75.77769470214844
2023-02-13,GPR,110.41893005371094
2023-02-14,GPR,82.66657257080078
2023-02-15,GPR,119.27412414550781
2023-02-16,GPR,134.74850463867188
2023-02-17,GPR,106.09647369384766
2023-02-18,GPR,86.7698745727539
2023-02-19,GPR,115.21974182128906
2023-02-20,GPR,146.02967834472656
2023-02-21,GPR,174.98080444335938
2023-02-22,GPR,150.3084716796875
2023-02-23,GPR,127.8748550415039
2023-02-24,GPR,110.97380065917969
2023-02-25,GPR,84.05022430419922
2023-02-26,GPR,67.60342407226562
2023-02-27,GPR,125.6263198852539
2023-02-28,GPR,146.95309448242188
2023-03-01,GPR,92.77371978759766
2023-03-02,GPR,121.40300750732422
2023-03-03,GPR,154.6261444091797
2023-03-04,GPR,101.25752258300781
2023-03-05,GPR,60.04654312133789
2023-03-06,GPR,106.85701751708984
2023-03-07,GPR,161.43118286132812
2023-03-08,GPR,125.93231964111328
2023-03-09,GPR,147.4773406982422
2023-03-10,GPR,113.44409942626953
2023-03-11,GPR,84.21781921386719
2023-03-12,GPR,77.71419525146484
2023-03-13,GPR,144.29745483398438
2023-03-14,GPR,117.3084716796875
2023-03-15,GPR,101.751220703125
2023-03-16,GPR,112.81190490722656
2023-03-17,GPR,85.22901153564453
2023-03-18,GPR,87.94427490234375
2023-03-19,GPR,32.057106018066406
2023-03-20,GPR,94.06885528564453
2023-03-21,GPR,129.9046173095703
2023-03-22,GPR,114.43415832519531
2023-03-23,GPR,100.5713119506836
2023-03-24,GPR,72.6195297241211
2023-03-25,GPR,101.61250305175781
2023-03-26,GPR,31.64873695373535
2023-03-27,GPR,120.9456787109375
2023-03-28,GPR,76.7618179321289
2023-03-29,GPR,79.95852661132812
2023-03-30,GPR,129.30096435546875
2023-03-31,GPR,90.4455337524414
2023-04-01,GPR,52.35380172729492
2023-04-02,GPR,43.58641815185547
2023-04-03,GPR,84.60388946533203
2023-04-04,GPR,119.4284439086914
2023-04-05,GPR,117.88497161865234
2023-04-06,GPR,173.69268798828125
2023-04-07,GPR,169.00856018066406
2023-04-08,GPR,64.8544921875
2023-04-09,GPR,44.02083206176758
2023-04-10,GPR,142.78309631347656
2023-04-11,GPR,92.75189971923828
2023-04-12,GPR,119.4284439086914
2023-04-13,GPR,126.19306182861328
2023-04-14,GPR,119.80353546142578
2023-04-15,GPR,87.3079833984375
2023-04-16,GPR,42.064353942871094
2023-04-17,GPR,91.62421417236328
2023-04-18,GPR,106.85701751708984
2023-04-19,GPR,158.03074645996094
2023-04-20,GPR,95.6698226928711
2023-04-21,GPR,140.05340576171875
2023-04-22,GPR,70.80297088623047
2023-04-23,GPR,56.4642219543457
2023-04-24,GPR,159.4671630859375
2023-04-25,GPR,180.23350524902344
2023-04-26,GPR,105.3466796875
2023-04-27,GPR,117.88497161865234
2023-04-28,GPR,117.88497161865234
2023-04-29,GPR,63.05033493041992
2023-04-30,GPR,71.34761047363281
2023-05-01,GPR,104.6073989868164
2023-05-02,GPR,77.03646087646484
2023-05-03,GPR,149.52561950683594
2023-05-04,GPR,118.08403015136719
2023-05-05,GPR,69.73827362060547
2023-05-06,GPR,91.45125579833984
2023-05-07,GPR,42.60537338256836
2023-05-08,GPR,51.75886917114258
2023-05-09,GPR,116.35051727294922
2023-05-10,GPR,118.51763153076172
2023-05-11,GPR,137.27757263183594
2023-05-12,GPR,146.2168426513672
2023-05-13,GPR,88.82279205322266
2023-05-14,GPR,74.02385711669922
2023-05-15,GPR,135.86703491210938
2023-05-16,GPR,137.52537536621094
2023-05-17,GPR,89.37788391113281
2023-05-18,GPR,125.21733856201172
2023-05-19,GPR,160.85305786132812
2023-05-20,GPR,98.44183349609375
2023-05-21,GPR,60.22850036621094
2023-05-22,GPR,78.2496337890625
2023-05-23,GPR,183.6913604736328
2023-05-24,GPR,115.21974182128906
2023-05-25,GPR,106.28559112548828
2023-05-26,GPR,61.34384536743164
2023-05-27,GPR,85.71331787109375
2023-05-28,GPR,36.50212478637695
2023-05-29,GPR,44.966983795166016
2023-05-30,GPR,111.29180908203125
2023-05-31,GPR,219.58306884765625
2023-06-01,GPR,182.39715576171875
2023-06-02,GPR,129.57322692871094
2023-06-03,GPR,119.01441192626953
2023-06-04,GPR,38.185218811035156
2023-06-05,GPR,107.08731079101562
2023-06-06,GPR,133.4734344482422
2023-06-07,GPR,142.2924346923828
2023-06-08,GPR,78.73674774169922
2023-06-09,GPR,96.3266830444336
2023-06-10,GPR,97.14274597167969
2023-06-11,GPR,81.29000091552734
2023-06-12,GPR,65.72555541992188
2023-06-13,GPR,77.17451477050781
2023-06-14,GPR,72.13296508789062
2023-06-15,GPR,158.32125854492188
2023-06-16,GPR,111.43194580078125
2023-06-17,GPR,93.1047134399414
2023-06-18,GPR,84.69633483886719
2023-06-19,GPR,107.78419494628906
2023-06-20,GPR,142.78309631347656
2023-06-21,GPR,127.8748550415039
2023-06-22,GPR,154.50408935546875
2023-06-23,GPR,46.4107551574707
2023-06-24,GPR,105.08145141601562
2023-06-25,GPR,125.18424224853516
2023-06-26,GPR,169.5130615234375
2023-06-27,GPR,118.30599212646484
2023-06-28,GPR,82.5390625
2023-06-29,GPR,120.89662170410156
2023-06-30,GPR,102.67338562011719
2023-07-01,GPR,103.0347671508789
2023-07-02,GPR,69.4250717163086
2023-07-03,GPR,45.37763977050781
2023-07-04,GPR,109.93034362792969
2023-07-05,GPR,89.85264587402344
2023-07-06,GPR,172.6627960205078
2023-07-07,GPR,120.56138610839844
2023-07-08,GPR,58.67672348022461
2023-07-09,GPR,75.93278503417969
2023-07-10,GPR,138.2980499267578
2023-07-11,GPR,141.3526153564453
2023-07-12,GPR,203.18724060058594
2023-07-13,GPR,80.51380157470703
2023-07-14,GPR,151.36514282226562
2023-07-15,GPR,65.74562072753906
2023-07-16,GPR,30.577547073364258
2023-07-17,GPR,110.8536376953125
2023-07-18,GPR,151.43167114257812
2023-07-19,GPR,188.8271484375
2023-07-20,GPR,127.64022827148438
2023-07-21,GPR,112.39069366455078
2023-07-22,GPR,36.51649475097656
2023-07-23,GPR,49.441307067871094
2023-07-24,GPR,143.43077087402344
2023-07-25,GPR,61.7248649597168
2023-07-26,GPR,84.0753173828125
2023-07-27,GPR,132.50270080566406
2023-07-28,GPR,130.33053588867188
2023-07-29,GPR,71.89212036132812
2023-07-30,GPR,10.068594932556152
2023-07-31,GPR,154.3993377685547
2023-08-01,GPR,116.9141616821289
2023-08-02,GPR,132.7555694580078
2023-08-03,GPR,88.7294921875
2023-08-04,GPR,119.37181091308594
2023-08-05,GPR,97.42845916748047
2023-08-06,GPR,30.182849884033203
2023-08-07,GPR,117.56503295898438
2023-08-08,GPR,108.29548645019531
2023-08-09,GPR,105.72024536132812
2023-08-10,GPR,131.0054931640625
2023-08-11,GPR,142.3582763671875
2023-08-12,GPR,119.27412414550781
2023-08-13,GPR,60.70150375366211
2023-08-14,GPR,114.96981048583984
2023-08-15,GPR,114.6426010131836
2023-08-16,GPR,100.02424621582031
2023-08-17,GPR,116.02689361572266
2023-08-18,GPR,77.42227935791016
2023-08-19,GPR,114.04771423339844
2023-08-20,GPR,43.701419830322266
2023-08-21,GPR,97.22421264648438
2023-08-22,GPR,81.09864044189453
2023-08-23,GPR,126.71024322509766
2023-08-24,GPR,61.5718879699707
2023-08-25,GPR,40.256900787353516
2023-08-26,GPR,85.97503662109375
2023-08-27,GPR,41.931236267089844
2023-08-28,GPR,75.4415054321289
2023-08-29,GPR,115.63378143310547
2023-08-30,GPR,163.29559326171875
2023-08-31,GPR,117.42311096191406
2023-09-01,GPR,73.48699951171875
2023-09-02,GPR,58.97747039794922
2023-09-03,GPR,16.358360290527344
2023-09-04,GPR,100.61537170410156
2023-09-05,GPR,121.78558349609375
2023-09-06,GPR,76.62522888183594
2023-09-07,GPR,80.34212493896484
2023-09-08,GPR,80.14276123046875
2023-09-09,GPR,44.43086242675781
2023-09-10,GPR,16.60434913635254
2023-09-11,GPR,93.49989318847656
2023-09-12,GPR,164.96852111816406
2023-09-13,GPR,134.78366088867188
2023-09-14,GPR,119.93779754638672
2023-09-15,GPR,106.68494415283203
2023-09-16,GPR,79.46189880371094
2023-09-17,GPR,64.32170104980469
2023-09-18,GPR,114.6917495727539
2023-09-19,GPR,207.41676330566406
2023-09-20,GPR,190.11257934570312
2023-09-21,GPR,162.9131622314453
2023-09-22,GPR,131.62521362304688
2023-09-23,GPR,70.02175903320312
2023-09-24,GPR,66.41739654541016
2023-09-25,GPR,109.96076202392578
2023-09-26,GPR,81.25166320800781
2023-09-27,GPR,101.4660415649414
2023-09-28,GPR,64.37852478027344
2023-09-29,GPR,86.41481018066406
2023-09-30,GPR,82.55619812011719
2023-10-01,GPR,38.97138595581055
2023-10-02,GPR,63.45914840698242
2023-10-03,GPR,107.04885864257812
2023-10-04,GPR,61.24074935913086
2023-10-05,GPR,54.304386138916016
2023-10-06,GPR,161.30764770507812
2023-10-07,GPR,54.14300537109375
2023-10-08,GPR,75.66779327392578
2023-10-09,GPR,227.07118225097656
2023-10-10,GPR,259.08349609375
2023-10-11,GPR,265.9303894042969
2023-10-12,GPR,218.0117645263672
2023-10-13,GPR,287.3145446777344
2023-10-14,GPR,216.03701782226562
2023-10-15,GPR,154.47207641601562
2023-10-16,GPR,290.3445739746094
2023-10-17,GPR,274.5221862792969
2023-10-18,GPR,333.0094299316406
2023-10-19,GPR,338.8517150878906
2023-10-20,GPR,298.6288146972656
2023-10-21,GPR,251.51968383789062
2023-10-22,GPR,105.160888671875
2023-10-23,GPR,312.774658203125
2023-10-24,GPR,250.00511169433594
2023-10-25,GPR,208.08998107910156
2023-10-26,GPR,168.43563842773438
2023-10-27,GPR,251.86463928222656
2023-10-28,GPR,173.5397491455078
2023-10-29,GPR,133.1291961669922
2023-10-30,GPR,205.43055725097656
2023-10-31,GPR,172.08143615722656
2023-11-01,GPR,251.7322540283203
2023-11-02,GPR,219.58306884765625
2023-11-03,GPR,174.9210662841797
2023-11-04,GPR,157.24212646484375
2023-11-05,GPR,92.95470428466797
2023-11-06,GPR,182.9025115966797
2023-11-07,GPR,140.21450805664062
2023-11-08,GPR,132.50270080566406
2023-11-09,GPR,201.47996520996094
2023-11-10,GPR,180.9846649169922
2023-11-11,GPR,161.4616241455078
2023-11-12,GPR,128.3940887451172
2023-11-13,GPR,131.046630859375
2023-11-14,GPR,148.2277374267578
2023-11-15,GPR,130.60302734375
2023-11-16,GPR,170.8645477294922
2023-11-17,GPR,149.48410034179688
2023-11-18,GPR,111.65958404541016
2023-11-19,GPR,101.5645751953125
2023-11-20,GPR,204.90109252929688
2023-11-21,GPR,96.48255157470703
2023-11-22,GPR,191.44436645507812
2023-11-23,GPR,175.45379638671875
2023-11-24,GPR,152.79371643066406
2023-11-25,GPR,125.10517883300781
2023-11-26,GPR,87.86651611328125
2023-11-27,GPR,166.35165405273438
2023-11-28,GPR,184.384765625
2023-11-29,GPR,88.7790298461914
2023-11-30,GPR,178.9017333984375
2023-12-01,GPR,94.81410217285156
2023-12-02,GPR,122.122314453125
2023-12-03,GPR,110.7027816772461
2023-12-04,GPR,194.85691833496094
2023-12-05,GPR,89.69046020507812
2023-12-06,GPR,131.24276733398438
2023-12-07,GPR,194.16470336914062
2023-12-08,GPR,153.5236358642578
2023-12-09,GPR,106.34246826171875
2023-12-10,GPR,124.12431335449219
2023-12-11,GPR,153.77490234375
2023-12-12,GPR,167.4221954345703
2023-12-13,GPR,192.79495239257812
2023-12-14,GPR,148.67898559570312
2023-12-15,GPR,169.25527954101562
2023-12-16,GPR,104.33283996582031
2023-12-17,GPR,90.89362335205078
2023-12-18,GPR,144.02468872070312
2023-12-19,GPR,187.75686645507812
2023-12-20,GPR,143.77462768554688
2023-12-21,GPR,114.01953887939453
2023-12-22,GPR,89.36782836914062
2023-12-23,GPR,150.29798889160156
2023-12-24,GPR,52.916419982910156
2023-12-25,GPR,136.3998565673828
2023-12-26,GPR,139.57447814941406
2023-12-27,GPR,180.18150329589844
2023-12-28,GPR,122.68769073486328
2023-12-29,GPR,221.28489685058594
2023-12-30,GPR,190.9830322265625
2023-12-31,GPR,110.08533477783203
2024-01-01,GPR,167.60015869140625
2024-01-02,GPR,131.12246704101562
2024-01-03,GPR,149.3903045654297
2024-01-04,GPR,180.68551635742188
2024-01-05,GPR,167.4893798828125
2024-01-06,GPR,131.24276733398438
2024-01-07,GPR,89.04752349853516
2024-01-08,GPR,106.6277084350586
2024-01-09,GPR,241.2696990966797
2024-01-10,GPR,118.09510040283203
2024-01-11,GPR,165.3104705810547
2024-01-12,GPR,210.59278869628906
2024-01-13,GPR,160.0274200439453
2024-01-14,GPR,107.43463134765625
2024-01-15,GPR,106.3993911743164
2024-01-16,GPR,193.38906860351562
2024-01-17,GPR,176.20040893554688
2024-01-18,GPR,167.4893798828125
2024-01-19,GPR,207.4058380126953
2024-01-20,GPR,83.86247253417969
2024-01-21,GPR,70.10725402832031
2024-01-22,GPR,186.62353515625
2024-01-23,GPR,169.07244873046875
2024-01-24,GPR,159.14471435546875
2024-01-25,GPR,202.29420471191406
2024-01-26,GPR,141.32115173339844
2024-01-27,GPR,178.9195556640625
2024-01-28,GPR,152.74087524414062
2024-01-29,GPR,140.53317260742188
2024-01-30,GPR,206.27711486816406
2024-01-31,GPR,205.60765075683594
2024-02-01,GPR,147.4983673095703
2024-02-02,GPR,171.52455139160156
2024-02-03,GPR,96.79580688476562
2024-02-04,GPR,85.66985321044922
2024-02-05,GPR,125.87757110595703
2024-02-06,GPR,118.75242614746094
2024-02-07,GPR,100.38084411621094
2024-02-08,GPR,116.2304458618164
2024-02-09,GPR,194.5299835205078
2024-02-10,GPR,98.4957504272461
2024-02-11,GPR,86.26477813720703
2024-02-12,GPR,156.3873291015625
2024-02-13,GPR,187.85829162597656
2024-02-14,GPR,135.8093719482422
2024-02-15,GPR,214.8081512451172
2024-02-16,GPR,160.93446350097656
2024-02-17,GPR,87.02969360351562
2024-02-18,GPR,80.7943344116211
2024-02-19,GPR,167.8173065185547
2024-02-20,GPR,170.2109832763672
2024-02-21,GPR,193.75396728515625
2024-02-22,GPR,219.58306884765625
2024-02-23,GPR,167.06863403320312
2024-02-24,GPR,111.12447357177734
2024-02-25,GPR,87.17283630371094
2024-02-26,GPR,200.9716796875
2024-02-27,GPR,166.86441040039062
2024-02-28,GPR,177.458984375
2024-02-29,GPR,153.25045776367188
2024-03-01,GPR,155.183349609375
2024-03-02,GPR,82.69258880615234
2024-03-03,GPR,82.35665130615234
2024-03-04,GPR,170.75091552734375
2024-03-05,GPR,83.45616912841797
2024-03-06,GPR,108.01850891113281
2024-03-07,GPR,122.2349624633789
2024-03-08,GPR,183.7222442626953
2024-03-09,GPR,89.67141723632812
2024-03-10,GPR,98.21629333496094
2024-03-11,GPR,155.80584716796875
2024-03-12,GPR,199.55227661132812
2024-03-13,GPR,149.75440979003906
2024-03-14,GPR,187.1507110595703
2024-03-15,GPR,138.02365112304688
2024-03-16,GPR,126.55989837646484
2024-03-17,GPR,69.1920166015625
2024-03-18,GPR,147.65321350097656
2024-03-19,GPR,183.30413818359375
2024-03-20,GPR,116.02689361572266
2024-03-21,GPR,130.513916015625
2024-03-22,GPR,125.00255584716797
2024-03-23,GPR,107.02964782714844
2024-03-24,GPR,69.01182556152344
2024-03-25,GPR,187.99307250976562
2024-03-26,GPR,165.62838745117188
2024-03-27,GPR,126.7417221069336
2024-03-28,GPR,99.6260986328125
2024-03-29,GPR,126.19306182861328
2024-03-30,GPR,161.5886688232422
2024-03-31,GPR,119.95370483398438
2024-04-01,GPR,123.22461700439453
2024-04-02,GPR,197.96221923828125
2024-04-03,GPR,181.86647033691406
2024-04-04,GPR,160.98458862304688
2024-04-05,GPR,142.04835510253906
2024-04-06,GPR,130.29766845703125
2024-04-07,GPR,69.73827362060547
2024-04-08,GPR,126.32672882080078
2024-04-09,GPR,171.76275634765625
2024-04-10,GPR,208.5249481201172
2024-04-11,GPR,123.34028625488281
2024-04-12,GPR,161.3263397216797
2024-04-13,GPR,130.1172332763672
2024-04-14,GPR,137.6413116455078
2024-04-15,GPR,230.79364013671875
2024-04-16,GPR,340.5443420410156
2024-04-17,GPR,227.49627685546875
2024-04-18,GPR,155.665771484375
2024-04-19,GPR,208.1194305419922
2024-04-20,GPR,134.36312866210938
2024-04-21,GPR,70.48016357421875
2024-04-22,GPR,162.9131622314453
2024-04-23,GPR,148.3239288330078
2024-04-24,GPR,139.23226928710938
2024-04-25,GPR,172.4012908935547
2024-04-26,GPR,150.83494567871094
2024-04-27,GPR,154.3292694091797
2024-04-28,GPR,106.32933807373047
2024-04-29,GPR,191.10968017578125
2024-04-30,GPR,167.80361938476562
2024-05-01,GPR,130.75924682617188
2024-05-02,GPR,137.77406311035156
2024-05-03,GPR,110.41893005371094
2024-05-04,GPR,86.46179962158203
2024-05-05,GPR,68.83257293701172
2024-05-06,GPR,93.61604309082031
2024-05-07,GPR,176.26507568359375
2024-05-08,GPR,163.58358764648438
2024-05-09,GPR,145.39895629882812
2024-05-10,GPR,185.2792205810547
2024-05-11,GPR,106.0021743774414
2024-05-12,GPR,54.009254455566406
2024-05-13,GPR,177.1075897216797
2024-05-14,GPR,154.67242431640625
2024-05-15,GPR,129.21363830566406
2024-05-16,GPR,124.90009307861328
2024-05-17,GPR,181.6569366455078
2024-05-18,GPR,110.9231185913086
2024-05-19,GPR,98.48174285888672
2024-05-20,GPR,135.07557678222656
2024-05-21,GPR,165.28404235839844
2024-05-22,GPR,140.05340576171875
2024-05-23,GPR,101.83300018310547
2024-05-24,GPR,116.63970947265625
2024-05-25,GPR,91.41826629638672
2024-05-26,GPR,121.3052978515625
2024-05-27,GPR,145.42979431152344
2024-05-28,GPR,143.45765686035156
2024-05-29,GPR,135.4371795654297
2024-05-30,GPR,93.57535552978516
2024-05-31,GPR,156.499267578125
2024-06-01,GPR,121.19149780273438
2024-06-02,GPR,90.01542663574219
2024-06-03,GPR,111.1133804321289
2024-06-04,GPR,110.2148208618164
2024-06-05,GPR,119.32062530517578
2024-06-06,GPR,122.00985717773438
2024-06-07,GPR,122.68769073486328
2024-06-08,GPR,66.66158294677734
2024-06-09,GPR,92.95470428466797
2024-06-10,GPR,107.28964233398438
2024-06-11,GPR,121.78558349609375
2024-06-12,GPR,117.67557525634766
2024-06-13,GPR,133.4734344482422
2024-06-14,GPR,90.13789367675781
2024-06-15,GPR,109.89561462402344
2024-06-16,GPR,102.35462188720703
2024-06-17,GPR,120.9456787109375
2024-06-18,GPR,142.94383239746094
2024-06-19,GPR,114.8867416381836
2024-06-20,GPR,177.00743103027344
2024-06-21,GPR,128.30368041992188
2024-06-22,GPR,64.95230865478516
2024-06-23,GPR,85.1559829711914
2024-06-24,GPR,212.60784912109375
2024-06-25,GPR,109.98760223388672
2024-06-26,GPR,128.58396911621094
2024-06-27,GPR,120.6764144897461
2024-06-28,GPR,121.46080780029297
2024-06-29,GPR,42.536983489990234
2024-06-30,GPR,46.920223236083984
2024-07-01,GPR,71.44754028320312
2024-07-02,GPR,79.59959411621094
2024-07-03,GPR,107.82317352294922
2024-07-04,GPR,90.27962493896484
2024-07-05,GPR,73.11270141601562
2024-07-06,GPR,87.63406372070312
2024-07-07,GPR,94.91598510742188
2024-07-08,GPR,89.18451690673828
2024-07-09,GPR,90.05038452148438
2024-07-10,GPR,124.6665267944336
2024-07-11,GPR,127.8534927368164
2024-07-12,GPR,86.32097625732422
2024-07-13,GPR,31.749849319458008
2024-07-14,GPR,45.007713317871094
2024-07-15,GPR,67.88048553466797
2024-07-16,GPR,68.23641204833984
2024-07-17,GPR,105.25916290283203
2024-07-18,GPR,133.52000427246094
2024-07-19,GPR,143.77462768554688
2024-07-20,GPR,79.50162506103516
2024-07-21,GPR,81.29000091552734
2024-07-22,GPR,130.038818359375
2024-07-23,GPR,36.46863555908203
2024-07-24,GPR,78.87065887451172
2024-07-25,GPR,91.53900146484375
2024-07-26,GPR,95.77151489257812
2024-07-27,GPR,81.64779663085938
2024-07-28,GPR,105.160888671875
2024-07-29,GPR,124.38494873046875
2024-07-30,GPR,107.0728988647461
2024-07-31,GPR,112.86431121826172
2024-08-01,GPR,133.19764709472656
2024-08-02,GPR,191.2178192138672
2024-08-03,GPR,92.17579650878906
2024-08-04,GPR,76.24835968017578
2024-08-05,GPR,186.99978637695312
2024-08-06,GPR,131.50079345703125
2024-08-07,GPR,172.7223358154297
2024-08-08,GPR,174.67401123046875
2024-08-09,GPR,151.33558654785156
2024-08-10,GPR,122.04196166992188
2024-08-11,GPR,61.8345947265625
2024-08-12,GPR,118.30599212646484
2024-08-13,GPR,151.6049346923828
2024-08-14,GPR,175.76889038085938
2024-08-15,GPR,139.61013793945312
2024-08-16,GPR,118.94318389892578
2024-08-17,GPR,137.03067016601562
2024-08-18,GPR,75.07235717773438
2024-08-19,GPR,136.52664184570312
2024-08-20,GPR,151.46929931640625
2024-08-21,GPR,140.68820190429688
2024-08-22,GPR,184.3729705810547
2024-08-23,GPR,143.7642364501953
2024-08-24,GPR,87.31644439697266
2024-08-25,GPR,110.72650146484375
2024-08-26,GPR,176.03016662597656
2024-08-27,GPR,174.34567260742188
2024-08-28,GPR,156.19180297851562
2024-08-29,GPR,132.50270080566406
2024-08-30,GPR,166.55368041992188
2024-08-31,GPR,124.57520294189453
2024-09-01,GPR,113.66654205322266
2024-09-02,GPR,145.5133056640625
2024-09-03,GPR,171.22616577148438
2024-09-04,GPR,180.32122802734375
2024-09-05,GPR,141.96719360351562
2024-09-06,GPR,100.38084411621094
2024-09-07,GPR,90.47984313964844
2024-09-08,GPR,122.36398315429688
2024-09-09,GPR,146.7593231201172
2024-09-10,GPR,97.6078872680664
2024-09-11,GPR,212.9060516357422
2024-09-12,GPR,103.11494445800781
2024-09-13,GPR,185.6430206298828
2024-09-14,GPR,100.38084411621094
2024-09-15,GPR,55.874637603759766
2024-09-16,GPR,88.97392272949219
2024-09-17,GPR,100.7880630493164
2024-09-18,GPR,122.00985717773438
2024-09-19,GPR,93.75191497802734
2024-09-20,GPR,175.53778076171875
2024-09-21,GPR,90.29145050048828
2024-09-22,GPR,8.952885627746582
2024-09-23,GPR,158.09982299804688
2024-09-24,GPR,161.11709594726562
2024-09-25,GPR,175.30010986328125
2024-09-26,GPR,240.47679138183594
2024-09-27,GPR,134.84788513183594
2024-09-28,GPR,66.58427429199219
2024-09-29,GPR,102.35462188720703
2024-09-30,GPR,160.4926300048828
2024-10-01,GPR,135.86703491210938
2024-10-02,GPR,178.71270751953125
2024-10-03,GPR,237.0575714111328
2024-10-04,GPR,144.27560424804688
2024-10-05,GPR,72.57582092285156
2024-10-06,GPR,89.28753662109375
2024-10-07,GPR,80.63045501708984
2024-10-08,GPR,98.58832550048828
2024-10-09,GPR,137.03067016601562
2024-10-10,GPR,119.58728790283203
2024-10-11,GPR,157.45294189453125
2024-10-12,GPR,96.0164566040039
2024-10-13,GPR,52.166419982910156
2024-10-14,GPR,151.46929931640625
2024-10-15,GPR,125.71414947509766
2024-10-16,GPR,117.64259338378906
2024-10-17,GPR,104.24164581298828
2024-10-18,GPR,124.89034271240234
2024-10-19,GPR,72.25399780273438
2024-10-20,GPR,77.84101867675781
2024-10-21,GPR,119.05634307861328
2024-10-22,GPR,214.1457977294922
2024-10-23,GPR,215.39117431640625
2024-10-24,GPR,136.4728240966797
2024-10-25,GPR,170.02560424804688
2024-10-26,GPR,114.05547332763672
2024-10-27,GPR,93.91300201416016
2024-10-28,GPR,145.1722869873047
2024-10-29,GPR,160.8042449951172
2024-10-30,GPR,133.96414184570312
2024-10-31,GPR,133.89991760253906
2024-11-01,GPR,131.0728302001953
2024-11-02,GPR,79.75684356689453
2024-11-03,GPR,101.40513610839844
2024-11-04,GPR,114.6917495727539
2024-11-05,GPR,57.4433708190918
2024-11-06,GPR,120.14494323730469
2024-11-07,GPR,98.7958755493164
2024-11-08,GPR,108.89063262939453
2024-11-09,GPR,77.39643859863281
2024-11-10,GPR,54.009254455566406
2024-11-11,GPR,154.22886657714844
2024-11-12,GPR,106.85701751708984
2024-11-13,GPR,116.55330657958984
2024-11-14,GPR,58.6295166015625
2024-11-15,GPR,97.5879135131836
2024-11-16,GPR,97.26952362060547
2024-11-17,GPR,33.888160705566406
2024-11-18,GPR,253.14381408691406
2024-11-19,GPR,197.47999572753906
2024-11-20,GPR,195.1946258544922
2024-11-21,GPR,193.78823852539062
2024-11-22,GPR,102.09968566894531
2024-11-23,GPR,183.44915771484375
2024-11-24,GPR,85.59606170654297
2024-11-25,GPR,123.70584869384766
2024-11-26,GPR,169.25527954101562
2024-11-27,GPR,199.62742614746094
2024-11-28,GPR,176.27854919433594
2024-11-29,GPR,226.97222900390625
2024-11-30,GPR,105.60198974609375
2024-12-01,GPR,184.54417419433594
2024-12-02,GPR,197.0029296875
2024-12-03,GPR,164.99378967285156
2024-12-04,GPR,136.60072326660156
2024-12-05,GPR,127.66488647460938
2024-12-06,GPR,150.84552001953125
2024-12-07,GPR,151.0617218017578
2024-12-08,GPR,68.65425109863281
2024-12-09,GPR,170.9712371826172
2024-12-10,GPR,194.4993896484375
2024-12-11,GPR,153.94032287597656
2024-12-12,GPR,233.8283233642578
2024-12-13,GPR,191.3634796142578
2024-12-14,GPR,101.751220703125
2024-12-15,GPR,64.41104125976562
2024-12-16,GPR,194.0416259765625
2024-12-17,GPR,133.30252075195312
2024-12-18,GPR,182.28550720214844
2024-12-19,GPR,152.5942840576172
2024-12-20,GPR,128.64340209960938
2024-12-21,GPR,89.20738983154297
2024-12-22,GPR,37.21986389160156
2024-12-23,GPR,146.57379150390625
2024-12-24,GPR,143.3685302734375
2024-12-25,GPR,120.14494323730469
2024-12-26,GPR,132.85699462890625
2024-12-27,GPR,168.5598602294922
2024-12-28,GPR,106.214599609375
2024-12-29,GPR,79.4108657836914
2024-12-30,GPR,108.1994400024414
2024-12-31,GPR,63.39842224121094
2010-08-31,GSCPI,-0.01433939232955763
2010-09-01,GSCPI,-0.057181711540031585
2010-09-02,GSCPI,-0.05993063282596908
2010-09-03,GSCPI,-0.059291394135683975
2010-09-07,GSCPI,-0.06336922280883599
2010-09-08,GSCPI,-0.01930639360996556
2010-09-09,GSCPI,-0.04137360720992227
2010-09-10,GSCPI,-0.08844870030684757
2010-09-13,GSCPI,-0.09734520204873384
2010-09-14,GSCPI,-0.13264559454314964
2010-09-15,GSCPI,-0.13596432642259318
2010-09-16,GSCPI,-0.19619223341340453
2010-09-17,GSCPI,-0.20670949827156593
2010-09-20,GSCPI,-0.16335371052577355
2010-09-21,GSCPI,-0.1904644035711426
2010-09-22,GSCPI,-0.15702060281097294
2010-09-23,GSCPI,-0.27948574091604
2010-09-24,GSCPI,-0.2738092058376959
2010-09-27,GSCPI,-0.5017559128113256
2010-09-28,GSCPI,-0.4759390975200961
2010-09-29,GSCPI,-0.4819268234206303
2010-09-30,GSCPI,-0.43401183160172685
2010-10-01,GSCPI,-0.3924944871620418
2010-10-04,GSCPI,-0.40810545272272436
2010-10-05,GSCPI,-0.40581260217224263
2010-10-06,GSCPI,-0.38562832466922203
2010-10-07,GSCPI,-0.3750138626390499
2010-10-08,GSCPI,-0.37504967571159514
2010-10-11,GSCPI,-0.3637396627534225
2010-10-12,GSCPI,-0.3713614650376796
2010-10-13,GSCPI,-0.3627056727471302
2010-10-14,GSCPI,-0.3626622759238375
2010-10-15,GSCPI,-0.316556454322116
2010-10-18,GSCPI,-0.3596770702923444
2010-10-19,GSCPI,-0.3896430910242062
2010-10-20,GSCPI,-0.3966035444761754
2010-10-21,GSCPI,-0.4383313069026751
2010-10-22,GSCPI,-0.43085313772180533
2010-10-25,GSCPI,-0.42827469021651055
2010-10-26,GSCPI,-0.45067234118886557
2010-10-27,GSCPI,-0.4417089019485159
2010-10-28,GSCPI,-0.40670415443563507
2010-10-29,GSCPI,-0.46023109906904386
2010-11-01,GSCPI,-0.4817671010201268
2010-11-02,GSCPI,-0.4837010052203283
2010-11-03,GSCPI,-0.47937518935509094
2010-11-04,GSCPI,-0.4891476023618432
2010-11-05,GSCPI,-0.5256292409057799
2010-11-08,GSCPI,-0.5255981062463674
2010-11-09,GSCPI,-0.5379074349411428
2010-11-10,GSCPI,-0.5387502579170927
2010-11-11,GSCPI,-0.5509246742859429
2010-11-12,GSCPI,-0.4817833275018456
2010-11-15,GSCPI,-0.5270458626683692
2010-11-16,GSCPI,-0.48287068931815313
2010-11-17,GSCPI,-0.5030294365761208
2010-11-18,GSCPI,-0.5059202238645982
2010-11-19,GSCPI,-0.5035318382195292
2010-11-22,GSCPI,-0.49570287788907663
2010-11-23,GSCPI,-0.5186930168939238
2010-11-24,GSCPI,-0.44914153303789245
2010-11-26,GSCPI,-0.48641804071615713
2010-11-29,GSCPI,-0.5147955613763696
2010-11-30,GSCPI,-0.5225878102582185
2010-12-01,GSCPI,-0.46802224003500625
2010-12-02,GSCPI,-0.46610600537759733
2010-12-03,GSCPI,-0.4531988160381241
2010-12-06,GSCPI,-0.4770247982004307
2010-12-07,GSCPI,-0.47060881451315756
2010-12-08,GSCPI,-0.45052394539522717
2010-12-09,GSCPI,-0.4570974310713901
2010-12-10,GSCPI,-0.4539386894354229
2010-12-13,GSCPI,-0.4458575780995308
2010-12-14,GSCPI,-0.5182762940864121
2010-12-15,GSCPI,-0.526899032448814
2010-12-16,GSCPI,-0.5810509418708261
2010-12-17,GSCPI,-0.5972733221772865
2010-12-20,GSCPI,-0.5966849950823783
2010-12-21,GSCPI,-0.58318965821007
2010-12-22,GSCPI,-0.6181797436818744
2010-12-23,GSCPI,-0.6189720638186437
2010-12-27,GSCPI,-0.6653771986523711
2010-12-28,GSCPI,-0.6658466759013012
2010-12-29,GSCPI,-0.6750964197700362
2010-12-30,GSCPI,-0.6422414681731776
2010-12-31,GSCPI,-0.756789931185757
2011-01-03,GSCPI,-0.6577382691468101
2011-01-04,GSCPI,-0.5765734626821585
2011-01-05,GSCPI,-0.5505348577362449
2011-01-06,GSCPI,-0.5559536460317132
2011-01-07,GSCPI,-0.5686712527522705
2011-01-10,GSCPI,-0.5639733930349232
2011-01-11,GSCPI,-0.5413391693160726
2011-01-12,GSCPI,-0.5391020250957923
2011-01-13,GSCPI,-0.5374627081007798
2011-01-14,GSCPI,-0.5380989994612284
2011-01-18,GSCPI,-0.5410085836254505
2011-01-19,GSCPI,-0.5417273544363708
2011-01-20,GSCPI,-0.4655222620605132
2011-01-21,GSCPI,-0.4999871594963744
2011-01-24,GSCPI,-0.5001754662279221
2011-01-25,GSCPI,-0.4999202295836432
2011-01-26,GSCPI,-0.49678768563144143
2011-01-27,GSCPI,-0.49689663584974375
2011-01-28,GSCPI,-0.4950005162913354
2011-01-31,GSCPI,-0.4817391410455042
2011-02-01,GSCPI,-0.4698645514605103
2011-02-02,GSCPI,-0.5397891206794956
2011-02-03,GSCPI,-0.6441884636855264
2011-02-04,GSCPI,-0.5779275571673422
2011-02-07,GSCPI,-0.5789703561304778
2011-02-08,GSCPI,-0.5895347014714232
2011-02-09,GSCPI,-0.5883469707336355
2011-02-10,GSCPI,-0.6237848168558874
2011-02-11,GSCPI,-0.6235477184703351
2011-02-14,GSCPI,-0.5031997286565001
2011-02-15,GSCPI,-0.4948959728022569
2011-02-16,GSCPI,-0.4957040484937547
2011-02-17,GSCPI,-0.49525233897994214
2011-02-18,GSCPI,-0.5430710299781006
2011-02-22,GSCPI,-0.3504298534011025
2011-02-23,GSCPI,-0.30628076290366474
2011-02-24,GSCPI,-0.2248392643726894
2011-02-25,GSCPI,-0.1723002717610231
2011-02-28,GSCPI,-0.17292627902787994
2011-03-01,GSCPI,-0.17275277214453016
2011-03-02,GSCPI,-0.13908214810394282
2011-03-03,GSCPI,-0.07989659287873088
2011-03-04,GSCPI,-0.07861107276768087
2011-03-07,GSCPI,-0.07913267313817192
2011-03-08,GSCPI,-0.0035397977704469227
2011-03-09,GSCPI,0.01882874313495203
2011-03-10,GSCPI,0.03286904673872495
2011-03-11,GSCPI,0.03548867885719358
2011-03-14,GSCPI,0.05282432894444778
2011-03-15,GSCPI,0.0725797229571943
2011-03-16,GSCPI,0.023306262230979907
2011-03-17,GSCPI,0.05670037764941768
2011-03-18,GSCPI,0.05856003385259184
2011-03-21,GSCPI,0.05864174490695412
2011-03-22,GSCPI,0.03701393141627743
2011-03-23,GSCPI,-0.07836185218818661
2011-03-24,GSCPI,-0.12228806945458291
2011-03-25,GSCPI,-0.2306499370811843
2011-03-28,GSCPI,-0.2767813730726046
2011-03-29,GSCPI,-0.2772430632075395
2011-03-30,GSCPI,-0.2826690072600198
2011-03-31,GSCPI,-0.35748760595914075
2011-04-01,GSCPI,-0.38907759855827506
2011-04-04,GSCPI,-0.38728791804337176
2011-04-05,GSCPI,-0.34472215769521486
2011-04-06,GSCPI,-0.5220873511605466
2011-04-07,GSCPI,-0.5812762030048825
2011-04-08,GSCPI,-0.5326065437273516
2011-04-11,GSCPI,-0.5340001178356688
2011-04-12,GSCPI,-0.33302379819216243
2011-04-13,GSCPI,-0.3700166297342241
2011-04-14,GSCPI,-0.3718717458924917
2011-04-15,GSCPI,-0.42278294831006863
2011-04-18,GSCPI,-0.34670789042664374
2011-04-19,GSCPI,-0.3450253269564415
2011-04-20,GSCPI,-0.3035853994280818
2011-04-21,GSCPI,-0.297872847397301
2011-04-26,GSCPI,-0.299452409350833
2011-04-27,GSCPI,-0.3005497011311685
2011-04-28,GSCPI,-0.2927174704768893
2011-05-02,GSCPI,-0.29663017759869664
2011-05-03,GSCPI,-0.24352756386714813
2011-05-04,GSCPI,-0.20926774590720734
2011-05-05,GSCPI,0.21788467843190062
2011-05-06,GSCPI,0.22494547093181866
2011-05-09,GSCPI,0.1828639005365832
2011-05-10,GSCPI,0.2942588105636852
2011-05-11,GSCPI,0.3091401752016359
2011-05-12,GSCPI,0.2760088241788069
2011-05-13,GSCPI,0.2764626198688275
2011-05-16,GSCPI,0.20177784956646666
2011-05-17,GSCPI,0.2575655912132709
2011-05-18,GSCPI,0.32001075457374345
2011-05-19,GSCPI,0.3041584951918381
2011-05-20,GSCPI,0.29226898008675917
2011-05-23,GSCPI,0.2942030071041123
2011-05-24,GSCPI,0.2870727989065463
2011-05-25,GSCPI,0.3127028133688977
2011-05-26,GSCPI,0.31028725689971903
2011-05-27,GSCPI,0.30791356811595727
2011-05-31,GSCPI,0.3241487194703904
2011-06-01,GSCPI,0.324809840594676
2011-06-02,GSCPI,0.31678899682959105
2011-06-03,GSCPI,0.30599726415236345
2011-06-06,GSCPI,-0.10228524339201654
2011-06-07,GSCPI,-0.11639811377668437
2011-06-08,GSCPI,-0.09397156193540147
2011-06-09,GSCPI,-0.20812994734697451
2011-06-10,GSCPI,-0.22973045808840226
2011-06-13,GSCPI,-0.2782161130111886
2011-06-14,GSCPI,-0.2766421949989291
2011-06-15,GSCPI,-0.07710852902084679
2011-06-16,GSCPI,-0.20320935094797324
2011-06-17,GSCPI,-0.26037852566216435
2011-06-20,GSCPI,-0.2465650475043099
2011-06-21,GSCPI,-0.2734769788236653
2011-06-22,GSCPI,-0.2692759164253777
2011-06-23,GSCPI,-0.12308460119559471
2011-06-24,GSCPI,-0.08781570745066773
2011-06-27,GSCPI,-0.09421707936504613
2011-06-28,GSCPI,-0.016343280028881718
2011-06-29,GSCPI,0.053778826915992776
2011-06-30,GSCPI,0.05154148399744775
2011-07-01,GSCPI,0.053543144607465766
2011-07-05,GSCPI,0.11740368767681612
2011-07-06,GSCPI,0.11753984107634584
2011-07-07,GSCPI,0.18733547235709572
2011-07-08,GSCPI,0.1638836466936454
2011-07-11,GSCPI,0.15271488549394968
2011-07-12,GSCPI,0.14663900639102298
2011-07-13,GSCPI,0.1375879978676559
2011-07-14,GSCPI,0.1420599159541121
2011-07-15,GSCPI,-0.008633636108071864
2011-07-18,GSCPI,-0.00166568501190288
2011-07-19,GSCPI,-0.004011269405438337
2011-07-20,GSCPI,-0.022152842144766437
2011-07-21,GSCPI,-0.02174695917378989
2011-07-22,GSCPI,-0.030280544961923783
2011-07-25,GSCPI,-0.22413091492869294
2011-07-26,GSCPI,-0.3500817542937525
2011-07-27,GSCPI,-0.35133589063945475
2011-07-28,GSCPI,-0.40701479391757983
2011-07-29,GSCPI,-0.4756256868513529
2011-08-01,GSCPI,-0.4752386352536435
2011-08-02,GSCPI,-0.5165800181423441
2011-08-03,GSCPI,-0.5704578812311224
2011-08-04,GSCPI,-0.4574923233031439
2011-08-05,GSCPI,-0.5319402756710537
2011-08-08,GSCPI,-0.4231148658327093
2011-08-09,GSCPI,-0.41209019612871256
2011-08-10,GSCPI,-0.40923368478703553
2011-08-11,GSCPI,-0.24580251738853073
2011-08-12,GSCPI,-0.24334476730184937
2011-08-15,GSCPI,-0.2418122566526026
2011-08-16,GSCPI,-0.234107983974329
2011-08-17,GSCPI,-0.21890634801795952
2011-08-18,GSCPI,-0.1747158376172914
2011-08-19,GSCPI,-0.1605931596846228
2011-08-22,GSCPI,-0.16888085906626735
2011-08-23,GSCPI,-0.14405434148706794
2011-08-24,GSCPI,-0.12137157997445504
2011-08-25,GSCPI,-0.12102006966422334
2011-08-26,GSCPI,-0.11955790613872068
2011-08-30,GSCPI,-0.07196184022666742
2011-08-31,GSCPI,-0.06864195026292974
2011-09-01,GSCPI,-0.06942434478328899
2011-09-02,GSCPI,-0.09922938127598613
2011-09-06,GSCPI,-0.13588440308060043
2011-09-07,GSCPI,-0.130038905502675
2011-09-08,GSCPI,-0.27925267542186305
2011-09-09,GSCPI,-0.19743023485801342
2011-09-12,GSCPI,-0.19265858553833481
2011-09-13,GSCPI,-0.2900836674472178
2011-09-14,GSCPI,-0.2786177213825549
2011-09-15,GSCPI,-0.20462241376326348
2011-09-16,GSCPI,-0.20186717591728515
2011-09-19,GSCPI,-0.13796068016069948
2011-09-20,GSCPI,-0.19553455333832337
2011-09-21,GSCPI,-0.19841490101586465
2011-09-22,GSCPI,-0.03793823899078938
2011-09-23,GSCPI,-0.05234966157221011
2011-09-26,GSCPI,-0.06080101164149507
2011-09-27,GSCPI,-0.04090328094576466
2011-09-28,GSCPI,-0.0374819875032954
2011-09-29,GSCPI,-0.10544877492031968
2011-09-30,GSCPI,-0.1058724524282962
2011-10-03,GSCPI,-0.09589499068396877
2011-10-04,GSCPI,-0.08597815597213697
2011-10-05,GSCPI,-0.06624662492702982
2011-10-06,GSCPI,-0.1977320377937753
2011-10-07,GSCPI,-0.14874248849560245
2011-10-10,GSCPI,-0.10771030449182357
2011-10-11,GSCPI,-0.10776063788361631
2011-10-12,GSCPI,-0.03722223358969356
2011-10-13,GSCPI,-0.04229071991126013
2011-10-14,GSCPI,-0.09932904585088217
2011-10-17,GSCPI,-0.09003693286511924
2011-10-18,GSCPI,-0.14978300771592704
2011-10-19,GSCPI,-0.16509875080870204
2011-10-20,GSCPI,-0.12164552499119854
2011-10-21,GSCPI,-0.23206582632681258
2011-10-24,GSCPI,-0.23225100595701223
2011-10-25,GSCPI,-0.24728153366160116
2011-10-26,GSCPI,-0.24120749741487757
2011-10-27,GSCPI,-0.2250314035297361
2011-10-28,GSCPI,-0.19720450725769736
2011-10-31,GSCPI,-0.20039246222431678
2011-11-01,GSCPI,-0.21114101142284447
2011-11-02,GSCPI,-0.15294857672975293
2011-11-03,GSCPI,-0.17054325925085395
2011-11-04,GSCPI,-0.1631755363358468
2011-11-07,GSCPI,-0.15824306445519515
2011-11-08,GSCPI,-0.20622045352544274
2011-11-09,GSCPI,-0.20594324172216735
2011-11-10,GSCPI,-0.24335586542989532
2011-11-11,GSCPI,-0.23608867493715827
2011-11-14,GSCPI,-0.23640864973627235
2011-11-15,GSCPI,-0.24628013642645086
2011-11-16,GSCPI,-0.25107615043900594
2011-11-17,GSCPI,-0.20381880115067108
2011-11-18,GSCPI,-0.24077305205456595
2011-11-21,GSCPI,-0.27605841716381524
2011-11-22,GSCPI,-0.24442724360599224
2011-11-23,GSCPI,-0.24323620700694654
2011-11-25,GSCPI,-0.2561518444823647
2011-11-28,GSCPI,-0.19727543485209495
2011-11-29,GSCPI,-0.21090756109953693
2011-11-30,GSCPI,-0.23137146997378025
2011-12-01,GSCPI,-0.20536505731945814
2011-12-02,GSCPI,-0.3172835726681578
2011-12-05,GSCPI,-0.3141968586400712
2011-12-06,GSCPI,-0.33227811690692866
2011-12-07,GSCPI,-0.39015837746753285
2011-12-08,GSCPI,-0.3792999073870814
2011-12-09,GSCPI,-0.3793070733298537
2011-12-12,GSCPI,-0.4008307340608829
2011-12-13,GSCPI,-0.3907554903543855
2011-12-14,GSCPI,-0.3201555898184375
2011-12-15,GSCPI,-0.3142656118756227
2011-12-16,GSCPI,-0.31505584120989405
2011-12-19,GSCPI,-0.35256581669994935
2011-12-20,GSCPI,-0.26840675262387903
2011-12-21,GSCPI,-0.29716147260037185
2011-12-22,GSCPI,-0.31528893027790283
2011-12-23,GSCPI,-0.3239585874225373
2011-12-28,GSCPI,-0.3026447368492888
2011-12-29,GSCPI,-0.3968674469600858
2011-12-30,GSCPI,-0.4161427285100792
2012-01-03,GSCPI,-0.33157188769642526
2012-01-04,GSCPI,-0.3454313126733996
2012-01-05,GSCPI,-0.34798020621925163
2012-01-06,GSCPI,-0.3252844161596116
2012-01-09,GSCPI,-0.3181176184919861
2012-01-10,GSCPI,-0.28389958278056754
2012-01-11,GSCPI,-0.2910864934331649
2012-01-12,GSCPI,-0.2843989054266336
2012-01-13,GSCPI,-0.209510538273245
2012-01-17,GSCPI,-0.22045710684778919
2012-01-18,GSCPI,-0.31822432495365355
2012-01-19,GSCPI,-0.33389935608349647
2012-01-20,GSCPI,-0.32551575778219277
2012-01-23,GSCPI,-0.3221517316493409
2012-01-24,GSCPI,-0.3993808020845492
2012-01-25,GSCPI,-0.399591984756929
2012-01-26,GSCPI,-0.40494950996534307
2012-01-27,GSCPI,-0.38861177163881666
2012-01-30,GSCPI,-0.41784831245713194
2012-01-31,GSCPI,-0.423760958104401
2012-02-01,GSCPI,-0.4131197038700165
2012-02-02,GSCPI,-0.48570491349748546
2012-02-03,GSCPI,-0.5103450015224859
2012-02-06,GSCPI,-0.4343679149844459
2012-02-07,GSCPI,-0.45006413600212986
2012-02-08,GSCPI,-0.4622367618651089
2012-02-09,GSCPI,-0.4914155538506706
2012-02-10,GSCPI,-0.5238355443060798
2012-02-13,GSCPI,-0.5336134370884853
2012-02-14,GSCPI,-0.6564283130263459
2012-02-15,GSCPI,-0.6327879231313283
2012-02-16,GSCPI,-0.6507841062512436
2012-02-17,GSCPI,-0.6505560877943756
2012-02-21,GSCPI,-0.6813912756815531
2012-02-22,GSCPI,-0.6565724456488812
2012-02-23,GSCPI,-0.6925804257939531
2012-02-24,GSCPI,-0.695738963855314
2012-02-27,GSCPI,-0.690780277783848
2012-02-28,GSCPI,-0.5976949315977709
2012-02-29,GSCPI,-0.5528966133221921
2012-03-01,GSCPI,-0.489319710321705
2012-03-02,GSCPI,-0.49731713498731805
2012-03-05,GSCPI,-0.5249432719560191
2012-03-06,GSCPI,-0.49097637167706004
2012-03-07,GSCPI,-0.5472139399680467
2012-03-08,GSCPI,-0.5205125676243536
2012-03-09,GSCPI,-0.519381990328979
2012-03-12,GSCPI,-0.5116257653343462
2012-03-13,GSCPI,-0.5149005441295199
2012-03-14,GSCPI,-0.4955620365170913
2012-03-15,GSCPI,-0.4040483533964265
2012-03-16,GSCPI,-0.4162040306923819
2012-03-19,GSCPI,-0.4169407053718972
2012-03-20,GSCPI,-0.4015602578440102
2012-03-21,GSCPI,-0.39852620736019506
2012-03-22,GSCPI,-0.4174429794475216
2012-03-23,GSCPI,-0.3802365301359367
2012-03-26,GSCPI,-0.37858008189119613
2012-03-27,GSCPI,-0.3925550924111543
2012-03-28,GSCPI,-0.42764633282847386
2012-03-29,GSCPI,-0.4411849555271339
2012-03-30,GSCPI,-0.5421642207453369
2012-04-02,GSCPI,-0.5322824082815355
2012-04-04,GSCPI,-0.5247371008429356
2012-04-05,GSCPI,-0.5398322868688956
2012-04-10,GSCPI,-0.5207418736302561
2012-04-11,GSCPI,-0.5745886342221703
2012-04-12,GSCPI,-0.5741692169419634
2012-04-13,GSCPI,-0.5747137671288518
2012-04-16,GSCPI,-0.550896342128497
2012-04-17,GSCPI,-0.5532678828248906
2012-04-18,GSCPI,-0.5915822090685128
2012-04-19,GSCPI,-0.5729429667731724
2012-04-20,GSCPI,-0.5622206454736688
2012-04-23,GSCPI,-0.5598364681499617
2012-04-24,GSCPI,-0.5414530679271172
2012-04-25,GSCPI,-0.552316080765875
2012-04-26,GSCPI,-0.5876641010156696
2012-04-27,GSCPI,-0.5948141265037231
2012-04-30,GSCPI,-0.5943860883062456
2012-05-01,GSCPI,-0.5837962013288884
2012-05-02,GSCPI,-0.5620682267994747
2012-05-03,GSCPI,-0.5465975810304052
2012-05-04,GSCPI,-0.43680362499426334
2012-05-08,GSCPI,-0.43769614596153644
2012-05-09,GSCPI,-0.4130327141303931
2012-05-10,GSCPI,-0.4168276156150199
2012-05-11,GSCPI,-0.42131848561142315
2012-05-14,GSCPI,-0.40913430319213756
2012-05-15,GSCPI,-0.4017494133917689
2012-05-16,GSCPI,-0.4176378863921211
2012-05-17,GSCPI,-0.4188921821028152
2012-05-18,GSCPI,-0.4385190642213788
2012-05-21,GSCPI,-0.4620147119611554
2012-05-22,GSCPI,-0.4684292252187206
2012-05-23,GSCPI,-0.4191978907406847
2012-05-24,GSCPI,-0.43345462399837664
2012-05-25,GSCPI,-0.4220337384283692
2012-05-29,GSCPI,-0.4687513120352372
2012-05-30,GSCPI,-0.381352306993678
2012-05-31,GSCPI,-0.37713388500208506
2012-06-01,GSCPI,-0.22582356524419422
2012-06-04,GSCPI,-0.23133375395408468
2012-06-05,GSCPI,-0.20822723345792676
2012-06-06,GSCPI,-0.2048210194046793
2012-06-07,GSCPI,-0.20460153354690094
2012-06-08,GSCPI,-0.2010654004587154
2012-06-11,GSCPI,-0.1846552471680924
2012-06-12,GSCPI,-0.17518308253467077
2012-06-13,GSCPI,-0.16559522740951893
2012-06-14,GSCPI,-0.1768739978435233
2012-06-15,GSCPI,-0.16812725862913708
2012-06-18,GSCPI,-0.15282353413678512
2012-06-19,GSCPI,-0.1529775769440536
2012-06-20,GSCPI,-0.16366520393381634
2012-06-21,GSCPI,-0.07140998312059026
2012-06-22,GSCPI,-0.08787266717820036
2012-06-25,GSCPI,-0.09770792058725651
2012-06-26,GSCPI,-0.0646657795122707
2012-06-27,GSCPI,-0.0068213734454142475
2012-06-28,GSCPI,-0.06186709400026708
2012-06-29,GSCPI,0.0499882590090767
2012-07-02,GSCPI,-0.0977316455385921
2012-07-03,GSCPI,0.06644171914926786
2012-07-05,GSCPI,0.0775873163282701
2012-07-06,GSCPI,0.09697735852123916
2012-07-09,GSCPI,0.10480301545792631
2012-07-10,GSCPI,0.06670322239346078
2012-07-11,GSCPI,0.060194815327023275
2012-07-12,GSCPI,0.028881070232832977
2012-07-13,GSCPI,0.07174915259740561
2012-07-16,GSCPI,0.06329157999358136
2012-07-17,GSCPI,0.08276350372974473
2012-07-18,GSCPI,0.05281006444954187
2012-07-19,GSCPI,0.05961174994211225
2012-07-20,GSCPI,0.03451408370620242
2012-07-23,GSCPI,-0.0752531828810276
2012-07-24,GSCPI,-0.0707727454292987
2012-07-25,GSCPI,-0.05668072318892967
2012-07-26,GSCPI,-0.04356634129340745
2012-07-27,GSCPI,-0.0531010500548866
2012-07-30,GSCPI,-0.07742051125070187
2012-07-31,GSCPI,-0.12577803182215594
2012-08-01,GSCPI,-0.12830515287223526
2012-08-02,GSCPI,-0.2930516804078412
2012-08-03,GSCPI,-0.2871283663433328
2012-08-06,GSCPI,-0.4059266358830325
2012-08-07,GSCPI,-0.3872024178917454
2012-08-08,GSCPI,-0.40702849064012325
2012-08-09,GSCPI,-0.4071195817649354
2012-08-10,GSCPI,-0.4018390257879617
2012-08-13,GSCPI,-0.4488480508163309
2012-08-14,GSCPI,-0.4378314609946522
2012-08-15,GSCPI,-0.4559023941783625
2012-08-16,GSCPI,-0.4716217128885161
2012-08-17,GSCPI,-0.4776847510095585
2012-08-20,GSCPI,-0.49197057676044026
2012-08-21,GSCPI,-0.6394214906448502
2012-08-22,GSCPI,-0.641944344577734
2012-08-23,GSCPI,-0.6800200052014314
2012-08-24,GSCPI,-0.6668481384850806
2012-08-27,GSCPI,-0.6139508110561855
2012-08-28,GSCPI,-0.5906924257192022
2012-08-29,GSCPI,-0.5990746990651645
2012-08-30,GSCPI,-0.5996844866535856
2012-08-31,GSCPI,-0.5823458235280873
2012-09-04,GSCPI,-0.6130729720664441
2012-09-05,GSCPI,-0.5763181969938902
2012-09-06,GSCPI,-0.6232435392636879
2012-09-07,GSCPI,-0.6246627742210727
2012-09-10,GSCPI,-0.6243632993772034
2012-09-11,GSCPI,-0.6160960551116106
2012-09-12,GSCPI,-0.6353548622776897
2012-09-13,GSCPI,-0.6270252929403498
2012-09-14,GSCPI,-0.6321530319894928
2012-09-17,GSCPI,-0.6277405300165185
2012-09-18,GSCPI,-0.5218075920749564
2012-09-19,GSCPI,-0.3416972284368615
2012-09-20,GSCPI,-0.3345294513010718
2012-09-21,GSCPI,-0.29884001794525916
2012-09-24,GSCPI,-0.30205652429527324
2012-09-25,GSCPI,-0.2876575696618527
2012-09-26,GSCPI,-0.29149059240277175
2012-09-27,GSCPI,-0.24690459693317426
2012-09-28,GSCPI,-0.24690394200723753
2012-10-01,GSCPI,-0.23652487394551416
2012-10-02,GSCPI,-0.2561000083131505
2012-10-03,GSCPI,-0.20271672789350817
2012-10-04,GSCPI,-0.20379267309879973
2012-10-05,GSCPI,-0.19229705369163552
2012-10-08,GSCPI,-0.19475289757397565
2012-10-09,GSCPI,-0.17543651223060108
2012-10-10,GSCPI,-0.16233780809439685
2012-10-11,GSCPI,-0.16237575460772327
2012-10-12,GSCPI,-0.16348419383694396
2012-10-15,GSCPI,-0.17806499873578016
2012-10-16,GSCPI,-0.18096813557785058
2012-10-17,GSCPI,-0.23929575628164712
2012-10-18,GSCPI,-0.4153168246455226
2012-10-19,GSCPI,-0.4142774122865889
2012-10-22,GSCPI,-0.39897985114200296
2012-10-23,GSCPI,-0.39719225609980396
2012-10-24,GSCPI,-0.42200405589645545
2012-10-25,GSCPI,-0.44756200635242255
2012-10-26,GSCPI,-0.4928908166037548
2012-10-29,GSCPI,-0.4900542182342318
2012-10-30,GSCPI,-0.507159476026603
2012-10-31,GSCPI,-0.5032773211489628
2012-11-01,GSCPI,-0.5917334045727113
2012-11-02,GSCPI,-0.565595488854275
2012-11-05,GSCPI,-0.5962450006526119
2012-11-06,GSCPI,-0.4317416377366251
2012-11-07,GSCPI,-0.45834160794298506
2012-11-08,GSCPI,-0.4956617165890451
2012-11-09,GSCPI,-0.4662189079487329
2012-11-12,GSCPI,-0.43578952083987604
2012-11-13,GSCPI,-0.42363741525063436
2012-11-14,GSCPI,-0.41318623608309213
2012-11-15,GSCPI,-0.42392756725802866
2012-11-16,GSCPI,-0.347432068750852
2012-11-19,GSCPI,-0.252653146009522
2012-11-20,GSCPI,-0.2897697451147626
2012-11-21,GSCPI,-0.32402379918551444
2012-11-23,GSCPI,-0.31869260526787324
2012-11-26,GSCPI,-0.31881147948379734
2012-11-27,GSCPI,-0.3234727913581193
2012-11-28,GSCPI,-0.3157886512151755
2012-11-29,GSCPI,-0.2769134799310094
2012-11-30,GSCPI,-0.2776148829150064
2012-12-03,GSCPI,-0.28682501229819846
2012-12-04,GSCPI,-0.30972828823140863
2012-12-05,GSCPI,-0.31399432666860777
2012-12-06,GSCPI,-0.42573553448777024
2012-12-07,GSCPI,-0.4291080216909574
2012-12-10,GSCPI,-0.4270751904434939
2012-12-11,GSCPI,-0.4411042310272833
2012-12-12,GSCPI,-0.4027516277809235
2012-12-13,GSCPI,-0.4214582518406154
2012-12-14,GSCPI,-0.4196404866377234
2012-12-17,GSCPI,-0.4212249110668911
2012-12-18,GSCPI,-0.5252019585776141
2012-12-19,GSCPI,-0.6468530131952359
2012-12-20,GSCPI,-0.6423078668700326
2012-12-21,GSCPI,-0.6260582058523708
2012-12-24,GSCPI,-0.6256105573496421
2012-12-26,GSCPI,-0.5626751146997094
2012-12-27,GSCPI,-0.5657188897884725
2012-12-28,GSCPI,-0.5802682717349145
2012-12-31,GSCPI,-0.6310202377746256
2013-01-02,GSCPI,-0.5801727285115207
2013-01-03,GSCPI,-0.5813737440305811
2013-01-04,GSCPI,-0.5996112921106094
2013-01-07,GSCPI,-0.6153865155226678
2013-01-08,GSCPI,-0.6306459438798968
2013-01-09,GSCPI,-0.6459080811807315
2013-01-10,GSCPI,-0.6537302177711245
2013-01-11,GSCPI,-0.5701218000569402
2013-01-14,GSCPI,-0.6351635987296008
2013-01-15,GSCPI,-0.6338878141786999
2013-01-16,GSCPI,-0.6374560409684847
2013-01-17,GSCPI,-0.6374333510270535
2013-01-18,GSCPI,-0.6363061335314444
2013-01-22,GSCPI,-0.6269048643651473
2013-01-23,GSCPI,-0.6220185666357184
2013-01-24,GSCPI,-0.6496233712832395
2013-01-25,GSCPI,-0.6499594442113258
2013-01-28,GSCPI,-0.7089684179852138
2013-01-29,GSCPI,-0.7040274754862387
2013-01-30,GSCPI,-0.704785241466023
2013-01-31,GSCPI,-0.708280872526868
2013-02-01,GSCPI,-0.7675177998878673
2013-02-04,GSCPI,-0.7656187210871293
2013-02-05,GSCPI,-0.762736357793069
2013-02-06,GSCPI,-0.7584668850520727
2013-02-07,GSCPI,-0.7584646671250218
2013-02-08,GSCPI,-0.7293814816334263
2013-02-11,GSCPI,-0.7213455423335609
2013-02-12,GSCPI,-0.8550686162483694
2013-02-13,GSCPI,-0.8638183095124178
2013-02-14,GSCPI,-0.8624296369406539
2013-02-15,GSCPI,-0.8500010679418833
2013-02-19,GSCPI,-0.843568618833411
2013-02-20,GSCPI,-0.8282041867067826
2013-02-21,GSCPI,-0.7669519744772331
2013-02-22,GSCPI,-0.7764229794974941
2013-02-25,GSCPI,-0.7790672418182802
2013-02-26,GSCPI,-0.7498381100490319
2013-02-27,GSCPI,-0.7436147612092762
2013-02-28,GSCPI,-0.7726301299785113
2013-03-01,GSCPI,-0.7233246847685383
2013-03-04,GSCPI,-0.7253680959966691
2013-03-05,GSCPI,-0.7177000288569128
2013-03-06,GSCPI,-0.7254022734801817
2013-03-07,GSCPI,-0.7441993961848548
2013-03-08,GSCPI,-0.7235983581212666
2013-03-11,GSCPI,-0.7354501010224693
2013-03-12,GSCPI,-0.8024513265305888
2013-03-13,GSCPI,-0.798280924485876
2013-03-14,GSCPI,-0.7789152319433719
2013-03-15,GSCPI,-0.7482903403424772
2013-03-18,GSCPI,-0.7499752028050642
2013-03-19,GSCPI,-0.7331040095282517
2013-03-20,GSCPI,-0.6850538190230876
2013-03-21,GSCPI,-0.6583601785806936
2013-03-22,GSCPI,-0.6855199433817843
2013-03-25,GSCPI,-0.6822359342326475
2013-03-26,GSCPI,-0.6908121172210143
2013-03-27,GSCPI,-0.671823494528069
2013-03-28,GSCPI,-0.6750207715995383
2013-04-01,GSCPI,-0.6722963427674382
2013-04-02,GSCPI,-0.7096781927127447
2013-04-03,GSCPI,-0.6665724434918039
2013-04-04,GSCPI,-0.5891797142441677
2013-04-05,GSCPI,-0.5804547377415414
2013-04-08,GSCPI,-0.5796832631170418
2013-04-09,GSCPI,-0.5780715848226635
2013-04-10,GSCPI,-0.5676650318190963
2013-04-11,GSCPI,-0.5560191151384194
2013-04-12,GSCPI,-0.47251578258476795
2013-04-15,GSCPI,-0.4725198805078059
2013-04-16,GSCPI,-0.490556410530146
2013-04-17,GSCPI,-0.4875371183929787
2013-04-18,GSCPI,-0.48432346408695737
2013-04-19,GSCPI,-0.4746843056813888
2013-04-22,GSCPI,-0.4929681792563273
2013-04-23,GSCPI,-0.49198175002099387
2013-04-24,GSCPI,-0.4576029141273638
2013-04-25,GSCPI,-0.4474198611425906
2013-04-26,GSCPI,-0.4639161486816989
2013-04-29,GSCPI,-0.45821750524125515
2013-04-30,GSCPI,-0.44964593032701317
2013-05-01,GSCPI,-0.38542742662166796
2013-05-02,GSCPI,-0.34123554091179104
2013-05-03,GSCPI,-0.21095821164251438
2013-05-06,GSCPI,-0.22001052089271386
2013-05-07,GSCPI,-0.22658227715471432
2013-05-08,GSCPI,-0.21623327757581007
2013-05-09,GSCPI,-0.22039174338817996
2013-05-10,GSCPI,-0.19091447316449073
2013-05-13,GSCPI,-0.2598168500306103
2013-05-14,GSCPI,-0.2759157562638948
2013-05-15,GSCPI,-0.2853553332033914
2013-05-16,GSCPI,-0.2498642655942704
2013-05-17,GSCPI,-0.24559099332669243
2013-05-20,GSCPI,-0.25718407243209945
2013-05-21,GSCPI,-0.2336388206460297
2013-05-22,GSCPI,-0.22285536883352688
2013-05-23,GSCPI,-0.21402385567868384
2013-05-24,GSCPI,-0.2158785390960792
2013-05-28,GSCPI,-0.16889957308814837
2013-05-29,GSCPI,-0.14951407447996873
2013-05-30,GSCPI,-0.16271661159659775
2013-05-31,GSCPI,-0.23383664195852308
2013-06-03,GSCPI,-0.2559361365936055
2013-06-04,GSCPI,-0.4374633756596608
2013-06-05,GSCPI,-0.4142944955606842
2013-06-06,GSCPI,-0.4148572070212002
2013-06-07,GSCPI,-0.4277832557715236
2013-06-10,GSCPI,-0.4277856977850052
2013-06-11,GSCPI,-0.42377491369617065
2013-06-12,GSCPI,-0.40488509716752913
2013-06-13,GSCPI,-0.4067785277806783
2013-06-14,GSCPI,-0.3964296639362611
2013-06-17,GSCPI,-0.46414836201314424
2013-06-18,GSCPI,-0.46238332605925275
2013-06-19,GSCPI,-0.4661433411540528
2013-06-20,GSCPI,-0.4062967703852759
2013-06-21,GSCPI,-0.3614361498434448
2013-06-24,GSCPI,-0.38503096094417566
2013-06-25,GSCPI,-0.3610084275054787
2013-06-26,GSCPI,-0.42281559991389495
2013-06-27,GSCPI,-0.3975641034783663
2013-06-28,GSCPI,-0.3982651653794461
2013-07-01,GSCPI,-0.41632251482270366
2013-07-02,GSCPI,-0.4245825797588775
2013-07-03,GSCPI,-0.3857043151582273
2013-07-05,GSCPI,-0.3900301172909045
2013-07-08,GSCPI,-0.3911398353389114
2013-07-09,GSCPI,-0.39356569488671206
2013-07-10,GSCPI,-0.3942628281171045
2013-07-11,GSCPI,-0.4629961337874892
2013-07-12,GSCPI,-0.47967801305794405
2013-07-15,GSCPI,-0.478944518555372
2013-07-16,GSCPI,-0.5036665582688638
2013-07-17,GSCPI,-0.5061647341291271
2013-07-18,GSCPI,-0.5127817271837787
2013-07-19,GSCPI,-0.5095982042103157
2013-07-22,GSCPI,-0.6163086926166854
2013-07-23,GSCPI,-0.727848270205306
2013-07-24,GSCPI,-0.7119006147202896
2013-07-25,GSCPI,-0.7412391611422381
2013-07-26,GSCPI,-0.7555656820705154
2013-07-29,GSCPI,-0.822524394652278
2013-07-30,GSCPI,-0.8128785484852449
2013-07-31,GSCPI,-0.8168824730506896
2013-08-01,GSCPI,-0.7657177380181016
2013-08-02,GSCPI,-0.8332858259725048
2013-08-05,GSCPI,-0.8636418149194913
2013-08-06,GSCPI,-0.8395157467092733
2013-08-07,GSCPI,-0.8363569354686582
2013-08-08,GSCPI,-0.8206444888521159
2013-08-09,GSCPI,-0.7955286993626575
2013-08-12,GSCPI,-0.7973021642574407
2013-08-13,GSCPI,-0.7661505442579487
2013-08-14,GSCPI,-0.7627819164543462
2013-08-15,GSCPI,-0.7402616311511835
2013-08-16,GSCPI,-0.7400250477521058
2013-08-19,GSCPI,-0.7395466315122282
2013-08-20,GSCPI,-0.736669565697777
2013-08-21,GSCPI,-0.7387135028844719
2013-08-22,GSCPI,-0.7562402644145876
2013-08-23,GSCPI,-0.7256921441944683
2013-08-26,GSCPI,-0.7338508197497237
2013-08-27,GSCPI,-0.6401718047757651
2013-08-28,GSCPI,-0.6481898602139049
2013-08-29,GSCPI,-0.6477647306967824
2013-08-30,GSCPI,-0.6666997283950371
2013-09-03,GSCPI,-0.6641844849556675
2013-09-04,GSCPI,-0.6641033074409858
2013-09-05,GSCPI,-0.6879290868338817
2013-09-06,GSCPI,-0.6847068706842296
2013-09-09,GSCPI,-0.6485839303584172
2013-09-10,GSCPI,-0.5375057233713579
2013-09-11,GSCPI,-0.5416855352929925
2013-09-12,GSCPI,-0.5556761291858463
2013-09-13,GSCPI,-0.5590815236556586
2013-09-16,GSCPI,-0.5128560753383219
2013-09-17,GSCPI,-0.48418462534500073
2013-09-18,GSCPI,-0.4847838019583641
2013-09-19,GSCPI,-0.4626642052405329
2013-09-20,GSCPI,-0.4609776980665238
2013-09-23,GSCPI,-0.43748311210886215
2013-09-24,GSCPI,-0.4607792946000774
2013-09-25,GSCPI,-0.4250391765794297
2013-09-26,GSCPI,-0.5177300893237294
2013-09-27,GSCPI,-0.5272311302782476
2013-09-30,GSCPI,-0.5208196676236482
2013-10-01,GSCPI,-0.5229987962344866
2013-10-02,GSCPI,-0.4764344817844718
2013-10-03,GSCPI,-0.4737022842586642
2013-10-04,GSCPI,-0.4750991063333586
2013-10-07,GSCPI,-0.49681083384654706
2013-10-08,GSCPI,-0.5073380327796053
2013-10-09,GSCPI,-0.570094049205867
2013-10-10,GSCPI,-0.4938878714190238
2013-10-11,GSCPI,-0.4920876764491006
2013-10-14,GSCPI,-0.4915653490711725
2013-10-15,GSCPI,-0.5423894437724197
2013-10-16,GSCPI,-0.5794187501112972
2013-10-17,GSCPI,-0.5609185031603655
2013-10-18,GSCPI,-0.5892492082617924
2013-10-21,GSCPI,-0.5908982107069709
2013-10-22,GSCPI,-0.6236661015340186
2013-10-23,GSCPI,-0.5924764543173318
2013-10-24,GSCPI,-0.6205946184909669
2013-10-25,GSCPI,-0.6151070404752698
2013-10-28,GSCPI,-0.5331454294978011
2013-10-29,GSCPI,-0.5597057225976685
2013-10-30,GSCPI,-0.5621075420543568
2013-10-31,GSCPI,-0.5904216439523559
2013-11-01,GSCPI,-0.5622618693185373
2013-11-04,GSCPI,-0.5559217333593357
2013-11-05,GSCPI,-0.556597920124143
2013-11-06,GSCPI,-0.5652782765555475
2013-11-07,GSCPI,-0.5296740716160905
2013-11-08,GSCPI,-0.5970397638641896
2013-11-11,GSCPI,-0.5639122534823844
2013-11-12,GSCPI,-0.5587129140258685
2013-11-13,GSCPI,-0.5571830597911983
2013-11-14,GSCPI,-0.5314349646374807
2013-11-15,GSCPI,-0.5453589281202957
2013-11-18,GSCPI,-0.5416765341842361
2013-11-19,GSCPI,-0.539350325411962
2013-11-20,GSCPI,-0.5395884162348138
2013-11-21,GSCPI,-0.5484065622751264
2013-11-22,GSCPI,-0.5488793513100448
2013-11-25,GSCPI,-0.5581985295981869
2013-11-26,GSCPI,-0.6172743785389391
2013-11-27,GSCPI,-0.6102122925796402
2013-11-29,GSCPI,-0.6089914872458904
2013-12-02,GSCPI,-0.621584601953351
2013-12-03,GSCPI,-0.6543803890228257
2013-12-04,GSCPI,-0.6777498599297065
2013-12-05,GSCPI,-0.6473908322291715
2013-12-06,GSCPI,-0.6379402045876246
2013-12-09,GSCPI,-0.7019645025368524
2013-12-10,GSCPI,-0.6868441398730885
2013-12-11,GSCPI,-0.7101042936593484
2013-12-12,GSCPI,-0.7064303271811635
2013-12-13,GSCPI,-0.6959537257734205
2013-12-16,GSCPI,-0.6569912777550603
2013-12-17,GSCPI,-0.6305480595532101
2013-12-18,GSCPI,-0.6291876889705896
2013-12-19,GSCPI,-0.617724125484434
2013-12-20,GSCPI,-0.6009599179096656
2013-12-23,GSCPI,-0.6226097432683901
2013-12-24,GSCPI,-0.6472059597861902
2013-12-26,GSCPI,-0.651045389782239
2013-12-27,GSCPI,-0.6670487915531753
2013-12-30,GSCPI,-0.642577238207585
2013-12-31,GSCPI,-0.6402695858960658
2014-01-02,GSCPI,-0.5998008307463598
2014-01-03,GSCPI,-0.621488709485423
2014-01-06,GSCPI,-0.6221826955874706
2014-01-07,GSCPI,-0.6277899694452416
2014-01-08,GSCPI,-0.6243445396467998
2014-01-09,GSCPI,-0.6431886836820374
2014-01-10,GSCPI,-0.6453182145777743
2014-01-13,GSCPI,-0.6142107865398979
2014-01-14,GSCPI,-0.6077694046425188
2014-01-15,GSCPI,-0.604237957518097
2014-01-16,GSCPI,-0.6668699063733867
2014-01-17,GSCPI,-0.6739206051537201
2014-01-20,GSCPI,-0.6782996237260779
2014-01-21,GSCPI,-0.679784871433923
2014-01-22,GSCPI,-0.7035088870524365
2014-01-23,GSCPI,-0.7063510210321132
2014-01-24,GSCPI,-0.703572909683332
2014-01-27,GSCPI,-0.7028840392517256
2014-01-28,GSCPI,-0.7031732240775408
2014-01-29,GSCPI,-0.7333686031413053
2014-01-30,GSCPI,-0.7315291121112913
2014-01-31,GSCPI,-0.7714531864838425
2014-02-03,GSCPI,-0.7597027293395204
2014-02-04,GSCPI,-0.7561336316118769
2014-02-05,GSCPI,-0.7566476719597276
2014-02-06,GSCPI,-0.730819275335988
2014-02-07,GSCPI,-0.6790305903652787
2014-02-10,GSCPI,-0.6996353726260559
2014-02-11,GSCPI,-0.7150138691689932
2014-02-12,GSCPI,-0.7226970428978043
2014-02-13,GSCPI,-0.7342269420484444
2014-02-14,GSCPI,-0.7389817391732505
2014-02-18,GSCPI,-0.7206928462568517
2014-02-19,GSCPI,-0.724814053737164
2014-02-20,GSCPI,-0.7280069002061542
2014-02-21,GSCPI,-0.7299605487761499
2014-02-24,GSCPI,-0.7217738562123202
2014-02-25,GSCPI,-0.7214485129018167
2014-02-26,GSCPI,-0.723849950578991
2014-02-27,GSCPI,-0.7151831057908945
2014-02-28,GSCPI,-0.7132698944374581
2014-03-03,GSCPI,-0.6484955519169523
2014-03-04,GSCPI,-0.612405147152524
2014-03-05,GSCPI,-0.6330971811843791
2014-03-06,GSCPI,-0.6348190592919332
2014-03-07,GSCPI,-0.6216481474604606
2014-03-10,GSCPI,-0.6319380123401622
2014-03-11,GSCPI,-0.6853517155826125
2014-03-12,GSCPI,-0.6836781456958569
2014-03-13,GSCPI,-0.6927683834541462
2014-03-14,GSCPI,-0.6907584722419594
2014-03-17,GSCPI,-0.6781870179935688
2014-03-18,GSCPI,-0.6789406146283242
2014-03-19,GSCPI,-0.710239390939624
2014-03-20,GSCPI,-0.7129915716447268
2014-03-21,GSCPI,-0.6818692267757405
2014-03-24,GSCPI,-0.679354834901707
2014-03-25,GSCPI,-0.6851208476077217
2014-03-26,GSCPI,-0.67421678172688
2014-03-27,GSCPI,-0.6662695805523529
2014-03-28,GSCPI,-0.6731811918992171
2014-03-31,GSCPI,-0.6726513840171419
2014-04-01,GSCPI,-0.7632426289316603
2014-04-02,GSCPI,-0.7413124832454709
2014-04-03,GSCPI,-0.7022841951595873
2014-04-04,GSCPI,-0.6624915506268304
2014-04-07,GSCPI,-0.658089166925948
2014-04-08,GSCPI,-0.6479454089565384
2014-04-09,GSCPI,-0.6128257557644962
2014-04-10,GSCPI,-0.6143304157385064
2014-04-11,GSCPI,-0.6153265972045335
2014-04-14,GSCPI,-0.61844202855337
2014-04-15,GSCPI,-0.6108738113633773
2014-04-16,GSCPI,-0.6093689989462179
2014-04-17,GSCPI,-0.6220874122048096
2014-04-21,GSCPI,-0.6232031181119453
2014-04-22,GSCPI,-0.6267173591467297
2014-04-23,GSCPI,-0.6326336651277433
2014-04-24,GSCPI,-0.616062715641746
2014-04-25,GSCPI,-0.6345176781155824
2014-04-28,GSCPI,-0.6343005809626824
2014-04-29,GSCPI,-0.6294933926059944
2014-04-30,GSCPI,-0.6143935560643691
2014-05-01,GSCPI,-0.6160841990568887
2014-05-02,GSCPI,-0.7016091101414546
2014-05-05,GSCPI,-0.7263038782532251
2014-05-06,GSCPI,-0.7301972883733627
2014-05-07,GSCPI,-0.7740184008092267
2014-05-08,GSCPI,-0.7855407065092342
2014-05-09,GSCPI,-0.8272203554418844
2014-05-12,GSCPI,-0.8294516195812474
2014-05-13,GSCPI,-0.8277906449772292
2014-05-14,GSCPI,-0.8104149785004338
2014-05-15,GSCPI,-0.8450024730046868
2014-05-16,GSCPI,-0.8274851921146582
2014-05-19,GSCPI,-0.8272516429227778
2014-05-20,GSCPI,-0.8224725046178462
2014-05-21,GSCPI,-0.8364867532783707
2014-05-22,GSCPI,-0.8314228835480392
2014-05-23,GSCPI,-0.8506799408562735
2014-05-26,GSCPI,-0.8514554384351706
2014-05-27,GSCPI,-0.8542773326009767
2014-05-28,GSCPI,-0.8559612069015465
2014-05-29,GSCPI,-0.8734059704489935
2014-05-30,GSCPI,-0.8596465131873643
2014-06-02,GSCPI,-0.8742134666331267
2014-06-03,GSCPI,-0.8698501313769211
2014-06-04,GSCPI,-0.8999025069286775
2014-06-05,GSCPI,-0.8903230085425293
2014-06-06,GSCPI,-0.8778208809567436
2014-06-09,GSCPI,-0.845123419178624
2014-06-10,GSCPI,-0.8068685332480495
2014-06-11,GSCPI,-0.8027866949284722
2014-06-12,GSCPI,-0.7364147563481078
2014-06-13,GSCPI,-0.7276641075043186
2014-06-16,GSCPI,-0.7430235888875983
2014-06-17,GSCPI,-0.740594426120164
2014-06-18,GSCPI,-0.7470824501981098
2014-06-19,GSCPI,-0.7485127323783273
2014-06-20,GSCPI,-0.7445400817542663
2014-06-23,GSCPI,-0.738740678692141
2014-06-24,GSCPI,-0.740553363427386
2014-06-25,GSCPI,-0.7266122843332461
2014-06-26,GSCPI,-0.735915941298589
2014-06-27,GSCPI,-0.7440931336707632
2014-06-30,GSCPI,-0.7146909463214628
2014-07-01,GSCPI,-0.71367185410844
2014-07-02,GSCPI,-0.7103724740613224
2014-07-03,GSCPI,-0.6896488300521679
2014-07-07,GSCPI,-0.6943529958476052
2014-07-08,GSCPI,-0.6888336386184957
2014-07-09,GSCPI,-0.7121579531764066
2014-07-10,GSCPI,-0.729607224238326
2014-07-11,GSCPI,-0.7385490015174604
2014-07-14,GSCPI,-0.8447726354648372
2014-07-15,GSCPI,-0.8778358203081205
2014-07-16,GSCPI,-0.8612921995334719
2014-07-17,GSCPI,-0.8582400400197661
2014-07-18,GSCPI,-0.8628428092636696
2014-07-21,GSCPI,-0.9004230162514034
2014-07-22,GSCPI,-0.8691340585955444
2014-07-23,GSCPI,-0.8641659176992872
2014-07-24,GSCPI,-0.8570445707369251
2014-07-25,GSCPI,-0.8206074538861731
2014-07-28,GSCPI,-0.8205338153615989
2014-07-29,GSCPI,-0.8162685769019626
2014-07-30,GSCPI,-0.8469812395643608
2014-07-31,GSCPI,-0.8140012396244443
2014-08-01,GSCPI,-0.7887143761721195
2014-08-04,GSCPI,-0.798635822325678
2014-08-05,GSCPI,-0.7927701878977526
2014-08-06,GSCPI,-0.7584137996881964
2014-08-07,GSCPI,-0.765628781340957
2014-08-08,GSCPI,-0.7649555254458917
2014-08-11,GSCPI,-0.7656505921322551
2014-08-12,GSCPI,-0.7312607941612037
2014-08-13,GSCPI,-0.7227166196155654
2014-08-14,GSCPI,-0.718330307526634
2014-08-15,GSCPI,-0.7291688116642971
2014-08-18,GSCPI,-0.6927082008964058
2014-08-19,GSCPI,-0.6854981056056166
2014-08-20,GSCPI,-0.6989679632236979
2014-08-21,GSCPI,-0.6986869722973152
2014-08-22,GSCPI,-0.707409038606244
2014-08-25,GSCPI,-0.7301335734224665
2014-08-26,GSCPI,-0.7287774040247779
2014-08-27,GSCPI,-0.7336040751017301
2014-08-28,GSCPI,-0.728082087163001
2014-08-29,GSCPI,-0.7480713344451366
2014-09-02,GSCPI,-0.767810235524233
2014-09-03,GSCPI,-0.7572107223067788
2014-09-04,GSCPI,-0.7626511865325852
2014-09-05,GSCPI,-0.7581021012063595
2014-09-08,GSCPI,-0.7571736194862885
2014-09-09,GSCPI,-0.7322938453980968
2014-09-10,GSCPI,-0.6928427840163841
2014-09-11,GSCPI,-0.7245440878199938
2014-09-12,GSCPI,-0.7369692729529589
2014-09-15,GSCPI,-0.7473621413536877
2014-09-16,GSCPI,-0.7220995594137218
2014-09-17,GSCPI,-0.7664712843011434
2014-09-18,GSCPI,-0.7588456814587075
2014-09-19,GSCPI,-0.7607618332965996
2014-09-22,GSCPI,-0.7381017636076543
2014-09-23,GSCPI,-0.736722722238941
2014-09-24,GSCPI,-0.7447814292578694
2014-09-25,GSCPI,-0.7287806881497044
2014-09-26,GSCPI,-0.7289156189761941
2014-09-29,GSCPI,-0.7200669044045785
2014-09-30,GSCPI,-0.7169565287010747
2014-10-01,GSCPI,-0.722855817330754
2014-10-02,GSCPI,-0.5904610152531288
2014-10-03,GSCPI,-0.5997706882343848
2014-10-06,GSCPI,-0.6192301914469699
2014-10-07,GSCPI,-0.6149249337525401
2014-10-08,GSCPI,-0.6296459780895023
2014-10-09,GSCPI,-0.6593691877935527
2014-10-10,GSCPI,-0.6217202160001851
2014-10-13,GSCPI,-0.6188730406461449
2014-10-14,GSCPI,-0.603824712751949
2014-10-15,GSCPI,-0.578047470381546
2014-10-16,GSCPI,-0.5855665658697682
2014-10-17,GSCPI,-0.5260286106804283
2014-10-20,GSCPI,-0.5279862615836887
2014-10-21,GSCPI,-0.509728148696293
2014-10-22,GSCPI,-0.4664524907451226
2014-10-23,GSCPI,-0.4664783967967675
2014-10-24,GSCPI,-0.47916509245191585
2014-10-27,GSCPI,-0.48061468988326694
2014-10-28,GSCPI,-0.49447407507641905
2014-10-29,GSCPI,-0.45086916814294326
2014-10-30,GSCPI,-0.4362191191018296
2014-10-31,GSCPI,-0.5309047951794998
2014-11-03,GSCPI,-0.5129304497948525
2014-11-04,GSCPI,-0.41704796253016563
2014-11-05,GSCPI,-0.4024110318601164
2014-11-06,GSCPI,-0.40025395838969924
2014-11-07,GSCPI,-0.3716664859933827
2014-11-10,GSCPI,-0.40019339636683565
2014-11-11,GSCPI,-0.36154045558673126
2014-11-12,GSCPI,-0.3782696905451132
2014-11-13,GSCPI,-0.3443875588116629
2014-11-14,GSCPI,-0.3456726923271135
2014-11-17,GSCPI,-0.38134637310401465
2014-11-18,GSCPI,-0.3755010825751386
2014-11-19,GSCPI,-0.39202866494454297
2014-11-20,GSCPI,-0.420047389402811
2014-11-21,GSCPI,-0.35523417563123405
2014-11-24,GSCPI,-0.3490598286452102
2014-11-25,GSCPI,-0.30572723416522607
2014-11-26,GSCPI,-0.3068402429148535
2014-11-28,GSCPI,-0.008461362414145523
2014-12-01,GSCPI,-0.010353549334521258
2014-12-02,GSCPI,-0.004032051908259551
2014-12-03,GSCPI,-0.02247730945526344
2014-12-04,GSCPI,-0.048891947653654434
2014-12-05,GSCPI,-0.07315553397118547
2014-12-08,GSCPI,-0.026968952578643037
2014-12-09,GSCPI,-0.04695730846048773
2014-12-10,GSCPI,0.01600980305204752
2014-12-11,GSCPI,0.026657842775274703
2014-12-12,GSCPI,0.05061011732383664
2014-12-15,GSCPI,0.01876184237747334
2014-12-16,GSCPI,0.01400796899137139
2014-12-17,GSCPI,0.014805005709742193
2014-12-18,GSCPI,-0.0038432506344013113
2014-12-19,GSCPI,-0.0014590573225758939
2014-12-22,GSCPI,-0.02435918401852491
2014-12-23,GSCPI,-0.05766482959377602
2014-12-24,GSCPI,-0.0818497355973727
2014-12-26,GSCPI,-0.07590042649519112
2014-12-29,GSCPI,-0.08391218029583493
2014-12-30,GSCPI,-0.3148189048918564
2014-12-31,GSCPI,-0.3119770223708395
2015-01-02,GSCPI,-0.3166713953026722
2015-01-05,GSCPI,0.02026404716927427
2015-01-06,GSCPI,0.015931648774538825
2015-01-07,GSCPI,0.01434709092915587
2015-01-08,GSCPI,0.01805435626675412
2015-01-09,GSCPI,0.019846946048560136
2015-01-12,GSCPI,-0.03466274210075807
2015-01-13,GSCPI,-0.026824383446047498
2015-01-14,GSCPI,0.019822146824367955
2015-01-15,GSCPI,0.20145078317358223
2015-01-16,GSCPI,0.2029185846917216
2015-01-20,GSCPI,0.20507209209459057
2015-01-21,GSCPI,0.2109145039101526
2015-01-22,GSCPI,0.20231278137417258
2015-01-23,GSCPI,0.23640043681244316
2015-01-26,GSCPI,0.20226618589541762
2015-01-27,GSCPI,0.2291288297969098
2015-01-28,GSCPI,0.2493364406145106
2015-01-29,GSCPI,0.24809556897302493
2015-01-30,GSCPI,0.23960310449879416
2015-02-02,GSCPI,0.6921446149432906
2015-02-03,GSCPI,0.8155257916715939
2015-02-04,GSCPI,0.5302994489865781
2015-02-05,GSCPI,0.5092311800763928
2015-02-06,GSCPI,0.47462086925930375
2015-02-09,GSCPI,0.48343803947073993
2015-02-10,GSCPI,0.42704461885510214
2015-02-11,GSCPI,0.5219461092520179
2015-02-12,GSCPI,0.5044320285589812
2015-02-13,GSCPI,0.6801699420815983
2015-02-16,GSCPI,0.6491676111568657
2015-02-17,GSCPI,0.6632870815465066
2015-02-18,GSCPI,0.6256212549205463
2015-02-19,GSCPI,0.7095541257914997
2015-02-20,GSCPI,0.7160935209979447
2015-02-23,GSCPI,0.7643022942087397
2015-02-24,GSCPI,0.7346850746954872
2015-02-25,GSCPI,0.7562697548400497
2015-02-26,GSCPI,0.7650206820112941
2015-02-27,GSCPI,0.7421618766504693
2015-03-02,GSCPI,0.7842105037959952
2015-03-03,GSCPI,0.4973921242133055
2015-03-04,GSCPI,0.4711304084724875
2015-03-05,GSCPI,0.47952413996396104
2015-03-06,GSCPI,0.4993376428573431
2015-03-09,GSCPI,0.5043356428480723
2015-03-10,GSCPI,0.5975205985358737
2015-03-11,GSCPI,0.5790354004973396
2015-03-12,GSCPI,0.48538742285619196
2015-03-13,GSCPI,0.4138489520745089
2015-03-16,GSCPI,0.20629245969111168
2015-03-17,GSCPI,0.16545990981959918
2015-03-18,GSCPI,0.17774512723016136
2015-03-19,GSCPI,0.18713130353813212
2015-03-20,GSCPI,0.1733706252245795
2015-03-23,GSCPI,0.05719232766494547
2015-03-24,GSCPI,0.042914988310258334
2015-03-25,GSCPI,0.045839071196298195
2015-03-26,GSCPI,0.24242775930309718
2015-03-27,GSCPI,0.1914413187841414
2015-03-30,GSCPI,0.2698293705400271
2015-03-31,GSCPI,0.2606159759022462
2015-04-01,GSCPI,0.35684840696487435
2015-04-02,GSCPI,0.3091559815637047
2015-04-06,GSCPI,0.2807982377661965
2015-04-07,GSCPI,0.332929354057294
2015-04-08,GSCPI,0.34912981975383045
2015-04-09,GSCPI,0.23062086090982248
2015-04-10,GSCPI,0.23696389043440236
2015-04-13,GSCPI,0.23794742113873962
2015-04-14,GSCPI,0.16893493125413792
2015-04-15,GSCPI,-0.0007106673949155282
2015-04-16,GSCPI,0.0018404260549052108
2015-04-17,GSCPI,0.012633238190596901
2015-04-20,GSCPI,0.0184880679577397
2015-04-21,GSCPI,0.04969520706279319
2015-04-22,GSCPI,0.048774001654663515
2015-04-23,GSCPI,0.12599367310126158
2015-04-24,GSCPI,0.12588141405599754
2015-04-27,GSCPI,-0.016246656493408042
2015-04-28,GSCPI,-0.027111139995533107
2015-04-29,GSCPI,-0.20755053589664246
2015-04-30,GSCPI,-0.216560571319796
2015-05-01,GSCPI,-0.29852688982139386
2015-05-04,GSCPI,-0.30314090383252595
2015-05-05,GSCPI,-0.3059031036002038
2015-05-06,GSCPI,-0.3672923169308842
2015-05-07,GSCPI,-0.3681265717037264
2015-05-08,GSCPI,-0.32978784882423856
2015-05-11,GSCPI,-0.2929510759521347
2015-05-12,GSCPI,-0.2092639936234592
2015-05-13,GSCPI,-0.19674228527991725
2015-05-14,GSCPI,-0.21445972011729245
2015-05-15,GSCPI,-0.19467446469330488
2015-05-18,GSCPI,-0.21624720537135428
2015-05-19,GSCPI,-0.1513956748939936
2015-05-20,GSCPI,-0.1842022533518025
2015-05-21,GSCPI,-0.1653797047981478
2015-05-22,GSCPI,-0.3034338458229067
2015-05-26,GSCPI,-0.11065205166417982
2015-05-27,GSCPI,-0.10946051622454134
2015-05-28,GSCPI,-0.08295676496389781
2015-05-29,GSCPI,0.07094095096772932
2015-06-01,GSCPI,0.07206206826787798
2015-06-02,GSCPI,0.0724812131588167
2015-06-03,GSCPI,0.06924177386761833
2015-06-04,GSCPI,0.14173156806284912
2015-06-05,GSCPI,0.12683743504341521
2015-06-08,GSCPI,0.13418528073922403
2015-06-09,GSCPI,0.18427527084081569
2015-06-10,GSCPI,0.1980083473891662
2015-06-11,GSCPI,0.13164897222403524
2015-06-12,GSCPI,0.10818684709367424
2015-06-15,GSCPI,0.16968729050150566
2015-06-16,GSCPI,0.16267780282899924
2015-06-17,GSCPI,0.15689363967490044
2015-06-18,GSCPI,0.1317536832985163
2015-06-19,GSCPI,0.18727383413934773
2015-06-22,GSCPI,0.18846287017214725
2015-06-23,GSCPI,0.21535266628955363
2015-06-24,GSCPI,0.07929365258385476
2015-06-25,GSCPI,0.11089355468090342
2015-06-26,GSCPI,0.08500470578411909
2015-06-29,GSCPI,-0.08698703555019895
2015-06-30,GSCPI,-0.04356261289831192
2015-07-01,GSCPI,-0.005409110565997023
2015-07-02,GSCPI,-0.006848243602657079
2015-07-03,GSCPI,0.01829144343848366
2015-07-06,GSCPI,0.08011880857276601
2015-07-07,GSCPI,0.15575128974019842
2015-07-08,GSCPI,0.10538869236897354
2015-07-09,GSCPI,0.1758532536370622
2015-07-10,GSCPI,0.17076585253878998
2015-07-13,GSCPI,0.16987686068120544
2015-07-14,GSCPI,0.10796734949305688
2015-07-15,GSCPI,0.1095659331416164
2015-07-16,GSCPI,0.10941150450212506
2015-07-17,GSCPI,0.10889958305344961
2015-07-20,GSCPI,0.053884763830619894
2015-07-21,GSCPI,0.022873573133582206
2015-07-22,GSCPI,-0.0038147597051993894
2015-07-23,GSCPI,-0.0019082400711080162
2015-07-24,GSCPI,0.008830387774904342
2015-07-27,GSCPI,0.008174867850501968
2015-07-28,GSCPI,-0.0008552741606625611
2015-07-29,GSCPI,-0.03857649928588086
2015-07-30,GSCPI,-0.09444165228495396
2015-07-31,GSCPI,-0.08766066233712054
2015-08-03,GSCPI,0.10991459000757393
2015-08-04,GSCPI,0.07145032272208066
2015-08-05,GSCPI,-0.023328735520550932
2015-08-06,GSCPI,-0.03816378611203705
2015-08-07,GSCPI,-0.20811854476965397
2015-08-10,GSCPI,-0.1606892335700045
2015-08-11,GSCPI,-0.15434409884551695
2015-08-12,GSCPI,-0.08869627053481327
2015-08-13,GSCPI,-0.09681423896253465
2015-08-14,GSCPI,-0.10046313198984001
2015-08-17,GSCPI,-0.10110699788398553
2015-08-18,GSCPI,-0.1021049314355667
2015-08-19,GSCPI,-0.07803384267342402
2015-08-20,GSCPI,-0.09677456376129624
2015-08-21,GSCPI,-0.034574544322595026
2015-08-24,GSCPI,0.060755559918076234
2015-08-25,GSCPI,0.07973836096145902
2015-08-26,GSCPI,0.06815368258685835
2015-08-27,GSCPI,0.3891767410454908
2015-08-28,GSCPI,0.7511943466459765
2015-09-01,GSCPI,0.763561004414022
2015-09-02,GSCPI,0.5649703606270522
2015-09-03,GSCPI,0.7147895877884299
2015-09-04,GSCPI,0.7752936394420522
2015-09-07,GSCPI,0.83282926649681
2015-09-08,GSCPI,0.9445472223197016
2015-09-09,GSCPI,0.9492384053931553
2015-09-10,GSCPI,0.9334679259133549
2015-09-11,GSCPI,0.9316101521690667
2015-09-14,GSCPI,0.9471023759208459
2015-09-15,GSCPI,0.9469072094993634
2015-09-16,GSCPI,1.1584069518184053
2015-09-17,GSCPI,1.167301341101481
2015-09-18,GSCPI,1.1558850534750351
2015-09-21,GSCPI,1.1558307785307578
2015-09-22,GSCPI,1.1090617519883155
2015-09-23,GSCPI,1.004618573205375
2015-09-24,GSCPI,1.0317971061516547
2015-09-25,GSCPI,1.028911685074784
2015-09-28,GSCPI,0.9227360679168505
2015-09-29,GSCPI,0.7092383905471088
2015-09-30,GSCPI,0.6964491910649317
2015-10-01,GSCPI,0.6736195236532183
2015-10-02,GSCPI,0.5227107268875073
2015-10-05,GSCPI,0.6562647776535365
2015-10-06,GSCPI,0.6057007412290161
2015-10-07,GSCPI,0.4885612932481111
2015-10-08,GSCPI,0.4678601326496639
2015-10-09,GSCPI,0.4641703689250641
2015-10-12,GSCPI,0.4714378701131734
2015-10-13,GSCPI,0.5341645185860849
2015-10-14,GSCPI,0.5485781506828172
2015-10-15,GSCPI,0.25858081554207984
2015-10-16,GSCPI,0.26138330252336384
2015-10-19,GSCPI,0.2887292633967142
2015-10-20,GSCPI,0.29411835300746386
2015-10-21,GSCPI,0.2723437759808412
2015-10-22,GSCPI,0.22471621412747655
2015-10-23,GSCPI,0.20514941042224455
2015-10-26,GSCPI,0.2059576631255138
2015-10-27,GSCPI,0.193965466768498
2015-10-28,GSCPI,0.24985168352124232
2015-10-29,GSCPI,0.2514819079414729
2015-10-30,GSCPI,0.2510993462805637
2015-11-02,GSCPI,0.22583344192103622
2015-11-03,GSCPI,-0.028252553279040932
2015-11-04,GSCPI,-0.12804246896779295
2015-11-05,GSCPI,-0.1301044644810256
2015-11-06,GSCPI,-0.11879433913699133
2015-11-09,GSCPI,-0.11388075846354305
2015-11-10,GSCPI,-0.07123389758009607
2015-11-11,GSCPI,-0.11003858111422485
2015-11-12,GSCPI,-0.11790176529864546
2015-11-13,GSCPI,0.15275568547993945
2015-11-16,GSCPI,0.16380270616714618
2015-11-17,GSCPI,0.19957257317619023
2015-11-18,GSCPI,0.2034869304745714
2015-11-19,GSCPI,0.23721621429607706
2015-11-20,GSCPI,0.2438885892610969
2015-11-23,GSCPI,0.30201666442616004
2015-11-24,GSCPI,0.31627987631234983
2015-11-25,GSCPI,0.3086721632591991
2015-11-26,GSCPI,0.17123468959921725
2015-11-27,GSCPI,0.16220934473731566
2015-11-30,GSCPI,0.18596296108003646
2015-12-01,GSCPI,0.19572222564127376
2015-12-02,GSCPI,0.2142267589439811
2015-12-03,GSCPI,0.20188984474465319
2015-12-04,GSCPI,0.19912731274234965
2015-12-07,GSCPI,0.2591408171988139
2015-12-08,GSCPI,0.25455352849802065
2015-12-09,GSCPI,0.1991327662424616
2015-12-10,GSCPI,0.16379873672300066
2015-12-11,GSCPI,0.23496488557747308
2015-12-14,GSCPI,0.011322631525130798
2015-12-15,GSCPI,0.01340663354047658
2015-12-16,GSCPI,-0.03116122950350077
2015-12-17,GSCPI,-0.02654982545678064
2015-12-18,GSCPI,-0.04475333894463806
2015-12-21,GSCPI,0.011653327610547248
2015-12-22,GSCPI,-0.08970801787054668
2015-12-23,GSCPI,-0.09177366516396057
2015-12-24,GSCPI,0.07106130319777185
2015-12-28,GSCPI,0.06852477597530397
2015-12-29,GSCPI,0.0676626063106267
2015-12-30,GSCPI,0.0696467471246886
2015-12-31,GSCPI,0.14612503336380778
2016-01-04,GSCPI,0.1268443200889267
2016-01-05,GSCPI,0.132008504141608
2016-01-06,GSCPI,0.22285547449858778
2016-01-07,GSCPI,0.15248196531275326
2016-01-08,GSCPI,0.28947724227393246
2016-01-11,GSCPI,0.36763149410502055
2016-01-12,GSCPI,0.3906567450686296
2016-01-13,GSCPI,0.3421631597185964
2016-01-14,GSCPI,0.365104509745723
2016-01-15,GSCPI,0.26582691004732223
2016-01-18,GSCPI,0.34167200889763544
2016-01-19,GSCPI,0.3505016377476861
2016-01-20,GSCPI,0.3757612565587323
2016-01-21,GSCPI,0.6236072118991406
2016-01-22,GSCPI,1.1462911306949533
2016-01-25,GSCPI,1.1355280727554895
2016-01-26,GSCPI,1.1272602071958813
2016-01-27,GSCPI,1.1743049037196231
2016-01-28,GSCPI,1.2389421667439096
2016-01-29,GSCPI,1.2110323748819027
2016-02-01,GSCPI,1.1875065897981358
2016-02-02,GSCPI,1.2427212660724596
2016-02-03,GSCPI,1.3230139559001852
2016-02-04,GSCPI,1.2604146959790503
2016-02-05,GSCPI,1.2625903054071206
2016-02-08,GSCPI,1.165802190060207
2016-02-09,GSCPI,1.161502721598577
2016-02-10,GSCPI,1.130221715534891
2016-02-11,GSCPI,1.145642320604411
2016-02-12,GSCPI,1.4867766842593102
2016-02-16,GSCPI,1.5095032346109447
2016-02-17,GSCPI,1.5217850500765921
2016-02-18,GSCPI,1.5219835293788018
2016-02-19,GSCPI,1.511072669009746
2016-02-22,GSCPI,1.5117597324805905
2016-02-23,GSCPI,1.3067453118670733
2016-02-24,GSCPI,1.2950577885610826
2016-02-25,GSCPI,1.30672035202896
2016-02-26,GSCPI,1.5214591356575393
2016-02-29,GSCPI,1.4903578754280833
2016-03-01,GSCPI,1.4935863918213532
2016-03-02,GSCPI,1.4765282171695604
2016-03-03,GSCPI,1.4064460832028454
2016-03-04,GSCPI,1.4247652459705384
2016-03-07,GSCPI,1.4515228250970826
2016-03-08,GSCPI,1.4366665644140342
2016-03-09,GSCPI,1.4097207163662482
2016-03-10,GSCPI,1.385011132369428
2016-03-11,GSCPI,1.3551119264802862
2016-03-14,GSCPI,1.3751770520405344
2016-03-15,GSCPI,1.1009742662547852
2016-03-16,GSCPI,1.0698017849865347
2016-03-17,GSCPI,0.9441844325686028
2016-03-18,GSCPI,0.9445254677732917
2016-03-21,GSCPI,0.8140261704897558
2016-03-22,GSCPI,0.7037744802251799
2016-03-23,GSCPI,0.6610662650505357
2016-03-24,GSCPI,0.6623069798355457
2016-03-28,GSCPI,0.613937628213334
2016-03-29,GSCPI,0.3578537904836393
2016-03-30,GSCPI,0.3575075763782254
2016-03-31,GSCPI,0.35505779045846647
2016-04-01,GSCPI,0.34430522005361214
2016-04-04,GSCPI,0.3328909500053941
2016-04-05,GSCPI,0.17006395290924609
2016-04-06,GSCPI,0.25612440328990194
2016-04-07,GSCPI,0.267125385958132
2016-04-08,GSCPI,0.6994622776929331
2016-04-11,GSCPI,0.6307529690400857
2016-04-12,GSCPI,0.661808613689529
2016-04-13,GSCPI,0.5929570363770288
2016-04-14,GSCPI,0.5707887310657114
2016-04-15,GSCPI,0.6511220909724599
2016-04-18,GSCPI,0.6330675963093224
2016-04-19,GSCPI,0.6713085004035941
2016-04-20,GSCPI,0.664982672189336
2016-04-21,GSCPI,0.6597318874251564
2016-04-22,GSCPI,0.5565265391564348
2016-04-25,GSCPI,0.5789977759503584
2016-04-26,GSCPI,0.58957021483203
2016-04-27,GSCPI,0.46930773796219705
2016-04-28,GSCPI,0.4899763809369913
2016-04-29,GSCPI,0.48905805889551895
2016-05-02,GSCPI,0.4711131315904667
2016-05-03,GSCPI,0.68627696973815
2016-05-04,GSCPI,0.681531311530788
2016-05-05,GSCPI,0.613500767938328
2016-05-06,GSCPI,0.5841731875232239
2016-05-09,GSCPI,0.315781721267249
2016-05-10,GSCPI,0.36288993174017187
2016-05-11,GSCPI,0.41314948169071164
2016-05-12,GSCPI,0.4097127597882561
2016-05-13,GSCPI,0.4139325874055254
2016-05-16,GSCPI,0.3315274956948936
2016-05-17,GSCPI,0.3321612343618465
2016-05-18,GSCPI,0.2942371316216538
2016-05-19,GSCPI,0.4042511387590217
2016-05-20,GSCPI,0.4433095143097012
2016-05-23,GSCPI,0.4638477482826607
2016-05-24,GSCPI,0.4267461055358971
2016-05-25,GSCPI,0.41242235684225215
2016-05-26,GSCPI,0.415538438547193
2016-05-27,GSCPI,0.38472189768812853
2016-05-31,GSCPI,0.3842275275634963
2016-06-01,GSCPI,0.39310426099723494
2016-06-02,GSCPI,0.15072216422110918
2016-06-03,GSCPI,0.16721487539974167
2016-06-06,GSCPI,0.12833636795905443
2016-06-07,GSCPI,0.13692125636027877
2016-06-08,GSCPI,-0.06807819600181465
2016-06-09,GSCPI,-0.12682666256845168
2016-06-10,GSCPI,-0.2288287156574596
2016-06-13,GSCPI,-0.2211909761216438
2016-06-14,GSCPI,-0.14588234530284572
2016-06-15,GSCPI,-0.21795817613042998
2016-06-16,GSCPI,-0.11289849700022432
2016-06-17,GSCPI,-0.07766638554772978
2016-06-20,GSCPI,-0.037224721224518295
2016-06-21,GSCPI,-0.1040610653904122
2016-06-22,GSCPI,-0.12279128480214094
2016-06-23,GSCPI,-0.13531511701174812
2016-06-24,GSCPI,-0.02633773670040727
2016-06-27,GSCPI,0.025579703485306818
2016-06-28,GSCPI,0.08702120823215784
2016-06-29,GSCPI,0.22584738894419928
2016-06-30,GSCPI,0.22408876330971864
2016-07-01,GSCPI,0.2255635702636471
2016-07-04,GSCPI,0.22309079333273896
2016-07-05,GSCPI,0.3493959209192161
2016-07-06,GSCPI,0.32806599652123825
2016-07-07,GSCPI,0.3013199828400274
2016-07-08,GSCPI,0.33749711498785784
2016-07-11,GSCPI,0.3310638946322098
2016-07-12,GSCPI,0.5494030075348407
2016-07-13,GSCPI,0.5957519124221032
2016-07-14,GSCPI,0.641843757356401
2016-07-15,GSCPI,0.5739648379983168
2016-07-18,GSCPI,0.5734942530689013
2016-07-19,GSCPI,0.46752319593766833
2016-07-20,GSCPI,0.4655111894260381
2016-07-21,GSCPI,0.47487143448778546
2016-07-22,GSCPI,0.4805433609837104
2016-07-25,GSCPI,0.4140510740411573
2016-07-26,GSCPI,0.35652673321111744
2016-07-27,GSCPI,0.32173781506858096
2016-07-28,GSCPI,0.18628563287349997
2016-07-29,GSCPI,0.20946882187864568
2016-08-01,GSCPI,0.21225420654424407
2016-08-02,GSCPI,0.19779784116187837
2016-08-03,GSCPI,0.10353860103120746
2016-08-04,GSCPI,0.14726908558569038
2016-08-05,GSCPI,0.2042995635253352
2016-08-08,GSCPI,0.18105212839261098
2016-08-09,GSCPI,0.17547773503619873
2016-08-10,GSCPI,-0.05674038356372107
2016-08-11,GSCPI,0.006435287362930809
2016-08-12,GSCPI,-0.029936497690434324
2016-08-15,GSCPI,0.12799480440823227
2016-08-16,GSCPI,0.1184450813225945
2016-08-17,GSCPI,0.117790914384068
2016-08-18,GSCPI,0.13150987073671255
2016-08-19,GSCPI,0.10094848542103572
2016-08-22,GSCPI,0.13274471850469952
2016-08-23,GSCPI,0.12074738055288145
2016-08-24,GSCPI,0.16615248492942544
2016-08-25,GSCPI,0.18671814178239998
2016-08-26,GSCPI,0.13384483765432198
2016-08-29,GSCPI,0.05562966672605696
2016-08-30,GSCPI,0.14527178435429663
2016-08-31,GSCPI,0.13936739603952733
2016-09-01,GSCPI,0.4039243105356652
2016-09-02,GSCPI,0.4013395986404731
2016-09-05,GSCPI,0.381206291058828
2016-09-06,GSCPI,0.38311272656220147
2016-09-07,GSCPI,0.3925502969710642
2016-09-08,GSCPI,0.4256143518539631
2016-09-09,GSCPI,0.35989687629713524
2016-09-12,GSCPI,0.35811628563746806
2016-09-13,GSCPI,0.2805634339603934
2016-09-14,GSCPI,0.26876230770579157
2016-09-15,GSCPI,0.2665622860331044
2016-09-16,GSCPI,0.24483768273066575
2016-09-19,GSCPI,0.2698372965217119
2016-09-20,GSCPI,0.25040248948587723
2016-09-21,GSCPI,0.25865403832717804
2016-09-22,GSCPI,0.27496967194818206
2016-09-23,GSCPI,0.20003638618988193
2016-09-26,GSCPI,0.19286164515373128
2016-09-27,GSCPI,0.2538837051575436
2016-09-28,GSCPI,0.20924909723168308
2016-09-29,GSCPI,0.44858622570351525
2016-09-30,GSCPI,0.23320548248369294
2016-10-03,GSCPI,0.2170913278223335
2016-10-04,GSCPI,0.20551272965071715
2016-10-05,GSCPI,0.20337110736868205
2016-10-06,GSCPI,0.19595795700833468
2016-10-07,GSCPI,0.0666287201854116
2016-10-10,GSCPI,0.0631354052854693
2016-10-11,GSCPI,0.0866134455586746
2016-10-12,GSCPI,0.05378376812620203
2016-10-13,GSCPI,0.026995229676188857
2016-10-14,GSCPI,0.037149425608680786
2016-10-17,GSCPI,0.020708612632589572
2016-10-18,GSCPI,0.011158409033060281
2016-10-19,GSCPI,0.06318390752972161
2016-10-20,GSCPI,0.1284963780670687
2016-10-21,GSCPI,0.09813460116331849
2016-10-24,GSCPI,0.09629533206121736
2016-10-25,GSCPI,0.11455577518684067
2016-10-26,GSCPI,0.012934046242179875
2016-10-27,GSCPI,0.008565404606406344
2016-10-28,GSCPI,-0.23647615688632423
2016-10-31,GSCPI,-0.150924613414323
2016-11-01,GSCPI,-0.15504274486412636
2016-11-02,GSCPI,-0.09113961218564391
2016-11-03,GSCPI,-0.12295360881771392
2016-11-04,GSCPI,-0.1380309825454133
2016-11-07,GSCPI,-0.15437514911733546
2016-11-08,GSCPI,-0.17921952619833323
2016-11-09,GSCPI,-0.1709785029102925
2016-11-10,GSCPI,-0.1841978599927205
2016-11-11,GSCPI,-0.055738554396266696
2016-11-14,GSCPI,-0.0436138935951151
2016-11-15,GSCPI,0.19542628083221644
2016-11-16,GSCPI,0.22175270843475364
2016-11-17,GSCPI,0.08571703000653773
2016-11-18,GSCPI,0.0559360331169911
2016-11-21,GSCPI,0.15948051375418185
2016-11-22,GSCPI,0.1602117915878709
2016-11-23,GSCPI,0.16136947739654944
2016-11-24,GSCPI,0.19483084896113131
2016-11-25,GSCPI,0.22787963341890036
2016-11-28,GSCPI,0.19195980766030232
2016-11-29,GSCPI,0.23161925055648427
2016-11-30,GSCPI,0.5133238876779441
2016-12-01,GSCPI,0.7784810614462908
2016-12-02,GSCPI,0.7663712159586495
2016-12-05,GSCPI,0.7356842207421382
2016-12-06,GSCPI,0.7617964860830144
2016-12-07,GSCPI,0.7737344525295468
2016-12-08,GSCPI,0.7827514272107837
2016-12-09,GSCPI,0.775218818142258
2016-12-12,GSCPI,0.6478607515169993
2016-12-13,GSCPI,0.6758387253535295
2016-12-14,GSCPI,0.5899181061545752
2016-12-15,GSCPI,0.6405654421950746
2016-12-16,GSCPI,0.6915362358210172
2016-12-19,GSCPI,0.7037357569106666
2016-12-20,GSCPI,0.6780816093829664
2016-12-21,GSCPI,0.7365253000822102
2016-12-22,GSCPI,0.7427206669640837
2016-12-23,GSCPI,0.7372323105642298
2016-12-28,GSCPI,0.693341494625149
2016-12-29,GSCPI,0.6962294407674916
2016-12-30,GSCPI,0.5770246007705411
2017-01-03,GSCPI,0.36540680141513576
2017-01-04,GSCPI,-0.09501477293148473
2017-01-05,GSCPI,-0.09289865532594153
2017-01-06,GSCPI,-0.09657728298490832
2017-01-09,GSCPI,-0.06429838451644332
2017-01-10,GSCPI,-0.029778604805052036
2017-01-11,GSCPI,-0.031216010180073837
2017-01-12,GSCPI,-0.0218672659878712
2017-01-13,GSCPI,-0.10311578817170687
2017-01-16,GSCPI,-0.1180221099955571
2017-01-17,GSCPI,-0.11655130849749411
2017-01-18,GSCPI,-0.15536105760168537
2017-01-19,GSCPI,-0.3355118855610838
2017-01-20,GSCPI,-0.23660826611433225
2017-01-23,GSCPI,-0.26438481991088275
2017-01-24,GSCPI,-0.3458784406027299
2017-01-25,GSCPI,-0.3746187763992175
2017-01-26,GSCPI,-0.30115923398966715
2017-01-27,GSCPI,-0.2924863769544481
2017-01-30,GSCPI,-0.29247677367970676
2017-01-31,GSCPI,-0.28554831209991344
2017-02-01,GSCPI,-0.2777728752108376
2017-02-02,GSCPI,-0.28634637951048736
2017-02-03,GSCPI,-0.2902077872668947
2017-02-06,GSCPI,-0.29074957015736336
2017-02-07,GSCPI,-0.3121049441161608
2017-02-08,GSCPI,-0.3480932250790804
2017-02-09,GSCPI,-0.344952309029787
2017-02-10,GSCPI,-0.3230654785361452
2017-02-13,GSCPI,-0.2882014089705436
2017-02-14,GSCPI,-0.2685750289032605
2017-02-15,GSCPI,-0.26751425148134206
2017-02-16,GSCPI,-0.2883308415973056
2017-02-17,GSCPI,-0.2991199638523642
2017-02-20,GSCPI,-0.3983779664961303
2017-02-21,GSCPI,-0.36411009622282825
2017-02-22,GSCPI,-0.2964298935651503
2017-02-23,GSCPI,-0.2779201985773708
2017-02-24,GSCPI,-0.3138113873531626
2017-02-27,GSCPI,-0.3493460047610753
2017-02-28,GSCPI,-0.2977607516751442
2017-03-01,GSCPI,-0.13303074273811566
2017-03-02,GSCPI,-0.08116071710218603
2017-03-03,GSCPI,-0.08236246815783216
2017-03-06,GSCPI,-0.07071271919326283
2017-03-07,GSCPI,-0.0890355213050888
2017-03-08,GSCPI,-0.0832804285425822
2017-03-09,GSCPI,0.06906683280019961
2017-03-10,GSCPI,0.06778169034129035
2017-03-13,GSCPI,0.023799933788524515
2017-03-14,GSCPI,0.010670835051183228
2017-03-15,GSCPI,0.028357503757795822
2017-03-16,GSCPI,0.0278092755882396
2017-03-17,GSCPI,0.027443027275588176
2017-03-20,GSCPI,0.023414886803578342
2017-03-21,GSCPI,0.0037825108048781084
2017-03-22,GSCPI,-0.038030416129392786
2017-03-23,GSCPI,-0.0471595114561367
2017-03-24,GSCPI,-0.08145394466816819
2017-03-27,GSCPI,-0.09610086700503825
2017-03-28,GSCPI,-0.07795944136319075
2017-03-29,GSCPI,-0.09457428043730859
2017-03-30,GSCPI,-0.2418922077329475
2017-03-31,GSCPI,-0.3025501391815136
2017-04-03,GSCPI,-0.3024578776382146
2017-04-04,GSCPI,-0.2744570317932932
2017-04-05,GSCPI,-0.26959208363353304
2017-04-06,GSCPI,-0.32097416620680636
2017-04-07,GSCPI,-0.6198836474765653
2017-04-10,GSCPI,-0.6158800215423618
2017-04-11,GSCPI,-0.643172841518439
2017-04-12,GSCPI,-0.6732244830450381
2017-04-13,GSCPI,-0.7178436631038861
2017-04-17,GSCPI,-0.7097410891359727
2017-04-18,GSCPI,-0.45784920767434856
2017-04-19,GSCPI,-0.45492354091594456
2017-04-20,GSCPI,-0.33993139539701256
2017-04-21,GSCPI,-0.332348883764664
2017-04-24,GSCPI,-0.33843023791481763
2017-04-25,GSCPI,-0.3394980617135286
2017-04-26,GSCPI,-0.32444254531244004
2017-04-27,GSCPI,-0.32989117802518764
2017-04-28,GSCPI,-0.3491344915116657
2017-05-01,GSCPI,-0.3416727695170846
2017-05-02,GSCPI,-0.3039844131996035
2017-05-03,GSCPI,-0.2990995604967429
2017-05-04,GSCPI,-0.30621123901933794
2017-05-05,GSCPI,-0.3177204974251841
2017-05-08,GSCPI,-0.3141165198322966
2017-05-09,GSCPI,-0.3204542454917723
2017-05-10,GSCPI,-0.2709014885380972
2017-05-11,GSCPI,-0.20230752463561025
2017-05-12,GSCPI,-0.20401768298584877
2017-05-15,GSCPI,-0.02136316621469905
2017-05-16,GSCPI,-0.02138553751318213
2017-05-17,GSCPI,-0.11975750152497022
2017-05-18,GSCPI,-0.12031375775444751
2017-05-19,GSCPI,-0.18551879989896955
2017-05-22,GSCPI,-0.2048221843563848
2017-05-23,GSCPI,-0.21596774322278842
2017-05-24,GSCPI,-0.21813498643439905
2017-05-25,GSCPI,-0.18253269631880645
2017-05-26,GSCPI,-0.12718278939452785
2017-05-29,GSCPI,-0.0764974756878402
2017-05-30,GSCPI,-0.022289678210006617
2017-05-31,GSCPI,-0.012524738435653325
2017-06-01,GSCPI,0.0059323104669262074
2017-06-02,GSCPI,0.06373014802707229
2017-06-05,GSCPI,0.06519970330707937
2017-06-06,GSCPI,0.041581546650178214
2017-06-07,GSCPI,0.07065819331606508
2017-06-08,GSCPI,0.05328396058255611
2017-06-09,GSCPI,0.01726735893273669
2017-06-12,GSCPI,0.030148120437097404
2017-06-13,GSCPI,-0.14093016062154054
2017-06-14,GSCPI,-0.08536384971691367
2017-06-15,GSCPI,-0.10023067566137826
2017-06-16,GSCPI,-0.09736939137986188
2017-06-19,GSCPI,-0.1443401507418346
2017-06-20,GSCPI,-0.07646025559137112
2017-06-21,GSCPI,-0.038776272104909706
2017-06-22,GSCPI,-0.04476663320039566
2017-06-23,GSCPI,-0.05438686128347545
2017-06-26,GSCPI,-0.08119350248829264
2017-06-27,GSCPI,0.04168091902456636
2017-06-28,GSCPI,0.0031572144186449115
2017-06-29,GSCPI,-0.013650097784596624
2017-06-30,GSCPI,-0.05149883159423884
2017-07-03,GSCPI,-0.008966800014663176
2017-07-04,GSCPI,-0.010964170480079966
2017-07-05,GSCPI,0.06132963055536556
2017-07-06,GSCPI,0.05342592376249424
2017-07-07,GSCPI,0.1572482385664549
2017-07-10,GSCPI,0.15433510100422182
2017-07-11,GSCPI,0.14614093028459837
2017-07-12,GSCPI,0.1447842559817151
2017-07-13,GSCPI,0.09716211687510888
2017-07-14,GSCPI,0.09756088290120138
2017-07-17,GSCPI,0.10097085615176546
2017-07-18,GSCPI,0.10113747662355742
2017-07-19,GSCPI,-0.04398002917785642
2017-07-20,GSCPI,-0.05154995226332811
2017-07-21,GSCPI,-0.006815118857925964
2017-07-24,GSCPI,-0.014428458634575944
2017-07-25,GSCPI,0.02454344293742506
2017-07-26,GSCPI,-0.0946318260223811
2017-07-27,GSCPI,-0.09045058570094294
2017-07-28,GSCPI,-0.05941163385207302
2017-07-31,GSCPI,-0.058440078114836314
2017-08-01,GSCPI,-0.12797865116503607
2017-08-02,GSCPI,-0.0844958018127696
2017-08-03,GSCPI,-0.17839663275960133
2017-08-04,GSCPI,-0.1860985337733925
2017-08-07,GSCPI,-0.3301829111068742
2017-08-08,GSCPI,-0.3222317918198909
2017-08-09,GSCPI,-0.3198428587115956
2017-08-10,GSCPI,-0.3211260134187552
2017-08-11,GSCPI,-0.27780761235644635
2017-08-14,GSCPI,-0.27335505519812664
2017-08-15,GSCPI,-0.19903388693656754
2017-08-16,GSCPI,-0.19516614353508618
2017-08-17,GSCPI,-0.19807227487092013
2017-08-18,GSCPI,-0.1908097047351432
2017-08-21,GSCPI,-0.22530008478970878
2017-08-22,GSCPI,-0.22548812015808214
2017-08-23,GSCPI,-0.281440397643797
2017-08-24,GSCPI,-0.28766801150210775
2017-08-25,GSCPI,-0.2975587668144684
2017-08-28,GSCPI,-0.3619337609251617
2017-08-29,GSCPI,-0.3600444292850674
2017-08-30,GSCPI,-0.4177694243650887
2017-08-31,GSCPI,-0.4661060350830658
2017-09-01,GSCPI,-0.48342044060284944
2017-09-04,GSCPI,-0.477367744826626
2017-09-05,GSCPI,-0.4909572877645032
2017-09-06,GSCPI,-0.4875805814096025
2017-09-07,GSCPI,-0.48089776016013264
2017-09-08,GSCPI,-0.4823485513524273
2017-09-11,GSCPI,-0.5411996536013198
2017-09-12,GSCPI,-0.5254378064016789
2017-09-13,GSCPI,-0.6606490600882107
2017-09-14,GSCPI,-0.6204027382179844
2017-09-15,GSCPI,-0.5901873652465028
2017-09-18,GSCPI,-0.5586132135879134
2017-09-19,GSCPI,-0.5576942919744906
2017-09-20,GSCPI,-0.5525831668321122
2017-09-21,GSCPI,-0.5519553576541377
2017-09-22,GSCPI,-0.5869715773840246
2017-09-25,GSCPI,-0.5558607248628858
2017-09-26,GSCPI,-0.5616963094370117
2017-09-27,GSCPI,-0.5051294910717894
2017-09-28,GSCPI,-0.5020542851382881
2017-09-29,GSCPI,-0.3748870218074492
2017-10-02,GSCPI,-0.3069457886992093
2017-10-03,GSCPI,-0.320754503544285
2017-10-04,GSCPI,-0.34656892932365335
2017-10-05,GSCPI,-0.33551695037061746
2017-10-06,GSCPI,-0.25799773736901876
2017-10-09,GSCPI,-0.25935107823172077
2017-10-10,GSCPI,-0.21966672866320655
2017-10-11,GSCPI,-0.22812597089603484
2017-10-12,GSCPI,-0.23301954772472952
2017-10-13,GSCPI,-0.26184166470304654
2017-10-16,GSCPI,-0.262947642866405
2017-10-17,GSCPI,-0.280060123840191
2017-10-18,GSCPI,-0.3069713460845453
2017-10-19,GSCPI,-0.3141735230618544
2017-10-20,GSCPI,-0.3216556805915514
2017-10-23,GSCPI,-0.32593050947917757
2017-10-24,GSCPI,-0.37513328887113934
2017-10-25,GSCPI,-0.3662446823546956
2017-10-26,GSCPI,-0.3923277330430592
2017-10-27,GSCPI,-0.33750178352613974
2017-10-30,GSCPI,-0.44374187744351345
2017-10-31,GSCPI,-0.5268989290343042
2017-11-01,GSCPI,-0.515113186164194
2017-11-02,GSCPI,-0.5135074439196748
2017-11-03,GSCPI,-0.5390675128777449
2017-11-06,GSCPI,-0.4674289224738484
2017-11-07,GSCPI,-0.4776054067232279
2017-11-08,GSCPI,-0.49423128935450117
2017-11-09,GSCPI,-0.5211538890062157
2017-11-10,GSCPI,-0.5169690478390501
2017-11-13,GSCPI,-0.43332013513041323
2017-11-14,GSCPI,-0.3046225517179506
2017-11-15,GSCPI,-0.30398413416987313
2017-11-16,GSCPI,-0.30439358083767487
2017-11-17,GSCPI,-0.30872151054958
2017-11-20,GSCPI,-0.30818979639369704
2017-11-21,GSCPI,-0.29884470814368785
2017-11-22,GSCPI,-0.2952353941108429
2017-11-23,GSCPI,-0.2990406556954894
2017-11-24,GSCPI,-0.29909036280153356
2017-11-27,GSCPI,-0.3334015479341185
2017-11-28,GSCPI,-0.33621558555946135
2017-11-29,GSCPI,-0.34494812865414576
2017-11-30,GSCPI,-0.34858450252069884
2017-12-01,GSCPI,-0.33270425290025646
2017-12-04,GSCPI,-0.301585945529169
2017-12-05,GSCPI,-0.5295677323814233
2017-12-06,GSCPI,-0.49092867730145456
2017-12-07,GSCPI,-0.4925380578388211
2017-12-08,GSCPI,-0.43197021527345764
2017-12-11,GSCPI,-0.354349309936599
2017-12-12,GSCPI,-0.3967197999660713
2017-12-13,GSCPI,-0.4729904620106716
2017-12-14,GSCPI,-0.47428518047237544
2017-12-15,GSCPI,-0.4754144591674901
2017-12-18,GSCPI,-0.46837767241378647
2017-12-19,GSCPI,-0.44663874892834127
2017-12-20,GSCPI,-0.45648021854882415
2017-12-21,GSCPI,-0.4649348879766029
2017-12-22,GSCPI,-0.46679230324537013
2017-12-27,GSCPI,-0.42085421726161537
2017-12-28,GSCPI,-0.41737929975658117
2017-12-29,GSCPI,-0.4165744450902435
2018-01-02,GSCPI,-0.4152663975942775
2018-01-03,GSCPI,-0.39414467493585764
2018-01-04,GSCPI,-0.40246567659954147
2018-01-05,GSCPI,-0.428007839049684
2018-01-08,GSCPI,-0.4281663679584743
2018-01-09,GSCPI,-0.48816672414740686
2018-01-10,GSCPI,-0.4864501294985129
2018-01-11,GSCPI,-0.5287286306658882
2018-01-12,GSCPI,-0.5769931836245965
2018-01-15,GSCPI,-0.5964442800697553
2018-01-16,GSCPI,-0.6384916838048724
2018-01-17,GSCPI,-0.6324150819947415
2018-01-18,GSCPI,-0.6334428287336956
2018-01-19,GSCPI,-0.598645033681411
2018-01-22,GSCPI,-0.6242930759294453
2018-01-23,GSCPI,-0.6315076685482176
2018-01-24,GSCPI,-0.6307020265929626
2018-01-25,GSCPI,-0.6109020647679212
2018-01-26,GSCPI,-0.6130619237225259
2018-01-29,GSCPI,-0.5349613227915417
2018-01-30,GSCPI,-0.5223083662949318
2018-01-31,GSCPI,-0.5227402184570632
2018-02-01,GSCPI,-0.5442848509146716
2018-02-02,GSCPI,-0.5307703946538127
2018-02-05,GSCPI,-0.5413966855101427
2018-02-06,GSCPI,-0.5263980388353161
2018-02-07,GSCPI,-0.5176438559861315
2018-02-08,GSCPI,-0.4932165463407539
2018-02-09,GSCPI,-0.48729653557476615
2018-02-12,GSCPI,-0.4824763912505675
2018-02-13,GSCPI,-0.5102695289763189
2018-02-14,GSCPI,-0.5018035036894842
2018-02-15,GSCPI,-0.4789562918555477
2018-02-16,GSCPI,-0.40507698235037254
2018-02-19,GSCPI,-0.397756002981703
2018-02-20,GSCPI,-0.41842447453454074
2018-02-21,GSCPI,-0.42713807204649007
2018-02-22,GSCPI,-0.3719173379377433
2018-02-23,GSCPI,-0.3824002299050852
2018-02-26,GSCPI,-0.3717395852148099
2018-02-27,GSCPI,-0.42529351642745883
2018-02-28,GSCPI,-0.38322453780552784
2018-03-01,GSCPI,-0.31472106728528754
2018-03-02,GSCPI,-0.33513270871891376
2018-03-05,GSCPI,-0.29247997947303034
2018-03-06,GSCPI,-0.29459030480163306
2018-03-07,GSCPI,-0.3043130826385278
2018-03-08,GSCPI,-0.2935314088262849
2018-03-09,GSCPI,-0.2991920065107852
2018-03-12,GSCPI,-0.325694989111499
2018-03-13,GSCPI,-0.3428937948091574
2018-03-14,GSCPI,-0.3347831424933367
2018-03-15,GSCPI,-0.3366728088975055
2018-03-16,GSCPI,-0.3219550283642086
2018-03-19,GSCPI,-0.3698117930508153
2018-03-20,GSCPI,-0.3477029994174201
2018-03-21,GSCPI,-0.2605088567732222
2018-03-22,GSCPI,-0.25271444626531664
2018-03-23,GSCPI,-0.2806263752062538
2018-03-26,GSCPI,-0.2921176652662147
2018-03-27,GSCPI,-0.3063027654726658
2018-03-28,GSCPI,-0.30388110746176883
2018-03-29,GSCPI,-0.3450726208310296
2018-04-03,GSCPI,-0.44481451875575406
2018-04-04,GSCPI,-0.23832454015314397
2018-04-05,GSCPI,-0.2808327640973189
2018-04-06,GSCPI,-0.28123146950472544
2018-04-09,GSCPI,-0.23987760973203265
2018-04-10,GSCPI,-0.19063327814279737
2018-04-11,GSCPI,-0.16212613364147574
2018-04-12,GSCPI,-0.137911169792993
2018-04-13,GSCPI,-0.11954648807246253
2018-04-16,GSCPI,-0.1013101964869575
2018-04-17,GSCPI,-0.09439127642855796
2018-04-18,GSCPI,-0.06457041403821825
2018-04-19,GSCPI,-0.060787615436834606
2018-04-20,GSCPI,-0.06403562253799663
2018-04-23,GSCPI,-0.11859117582187603
2018-04-24,GSCPI,-0.10956067323588918
2018-04-25,GSCPI,-0.035926268775651554
2018-04-26,GSCPI,-0.016758395005277846
2018-04-27,GSCPI,-0.01841971662454166
2018-04-30,GSCPI,-0.028822195101227677
2018-05-01,GSCPI,-0.008239767430602528
2018-05-02,GSCPI,0.03985739195004071
2018-05-03,GSCPI,-0.1254858040782214
2018-05-04,GSCPI,-0.11401452138659347
2018-05-08,GSCPI,-0.10268638500548707
2018-05-09,GSCPI,-0.00808077386629478
2018-05-10,GSCPI,-0.07614019659719459
2018-05-11,GSCPI,-0.1228653823771677
2018-05-14,GSCPI,-0.1571869106966739
2018-05-15,GSCPI,-0.1885624164112668
2018-05-16,GSCPI,-0.20512404389127215
2018-05-17,GSCPI,-0.18022523493831402
2018-05-18,GSCPI,-0.17332457029950066
2018-05-21,GSCPI,-0.18554784575924008
2018-05-22,GSCPI,-0.1429366895097714
2018-05-23,GSCPI,-0.09592765120713324
2018-05-24,GSCPI,-0.11423506003410078
2018-05-25,GSCPI,-0.10540185300705149
2018-05-29,GSCPI,-0.0783117725197929
2018-05-30,GSCPI,-0.05271678196937705
2018-05-31,GSCPI,-0.0531953255018628
2018-06-01,GSCPI,-0.021462879052781273
2018-06-04,GSCPI,-0.04307377718145587
2018-06-05,GSCPI,-0.04081011048919705
2018-06-06,GSCPI,-0.06367968953775524
2018-06-07,GSCPI,-0.01352384093952973
2018-06-08,GSCPI,-0.18225180076516712
2018-06-11,GSCPI,-0.17990244823513907
2018-06-12,GSCPI,-0.17765537174944224
2018-06-13,GSCPI,-0.1880008041565229
2018-06-14,GSCPI,-0.19984462013123305
2018-06-15,GSCPI,-0.11036818448675005
2018-06-18,GSCPI,-0.028744918805593527
2018-06-19,GSCPI,-0.05429466987496253
2018-06-20,GSCPI,-0.05107110031156167
2018-06-21,GSCPI,-0.1020857126892664
2018-06-22,GSCPI,-0.10983974641722659
2018-06-25,GSCPI,-0.10732468072746856
2018-06-26,GSCPI,-0.14936943617498447
2018-06-27,GSCPI,-0.11293062277109821
2018-06-28,GSCPI,-0.1378082511871637
2018-06-29,GSCPI,-0.1237727395166375
2018-07-02,GSCPI,-0.17011770439316384
2018-07-03,GSCPI,-0.18041661758275362
2018-07-04,GSCPI,-0.17412644969582275
2018-07-05,GSCPI,-0.174215699840417
2018-07-06,GSCPI,-0.1622171064068331
2018-07-09,GSCPI,-0.1029077022450755
2018-07-10,GSCPI,-0.10457264287653219
2018-07-11,GSCPI,-0.02379979441036436
2018-07-12,GSCPI,0.09984046484012979
2018-07-13,GSCPI,0.15229626777718439
2018-07-16,GSCPI,0.17566413323823757
2018-07-17,GSCPI,0.06689726716362931
2018-07-18,GSCPI,0.06660737954138432
2018-07-19,GSCPI,0.09598624189985805
2018-07-20,GSCPI,0.07507312093153026
2018-07-23,GSCPI,0.09461850186185988
2018-07-24,GSCPI,0.08519253840581022
2018-07-25,GSCPI,0.07871776062920216
2018-07-26,GSCPI,0.006699058068722684
2018-07-27,GSCPI,0.007966253113170813
2018-07-30,GSCPI,-0.01078650964929908
2018-07-31,GSCPI,-0.008690060354703365
2018-08-01,GSCPI,0.024784665544588472
2018-08-02,GSCPI,0.013800471863058725
2018-08-03,GSCPI,0.013836975904523261
2018-08-06,GSCPI,-0.03175944244764808
2018-08-07,GSCPI,-0.10026247917623805
2018-08-08,GSCPI,-0.08674395349389123
2018-08-09,GSCPI,-0.1477214656540907
2018-08-10,GSCPI,-0.28964557810804725
2018-08-13,GSCPI,-0.3713921267257885
2018-08-14,GSCPI,-0.5590133594439336
2018-08-15,GSCPI,-0.42896647359337076
2018-08-16,GSCPI,-0.41104520450667875
2018-08-17,GSCPI,-0.4371234519999587
2018-08-20,GSCPI,-0.4138293703625659
2018-08-21,GSCPI,-0.45538773587812414
2018-08-22,GSCPI,-0.4156752436151326
2018-08-23,GSCPI,-0.403926196610144
2018-08-24,GSCPI,-0.4087106727576571
2018-08-27,GSCPI,-0.4108994376112616
2018-08-28,GSCPI,-0.3695350117431007
2018-08-29,GSCPI,-0.3844621110471244
2018-08-30,GSCPI,-0.45493970112807836
2018-08-31,GSCPI,-0.4575029374082115
2018-09-03,GSCPI,-0.45998056803711945
2018-09-04,GSCPI,-0.4550107551980894
2018-09-05,GSCPI,-0.4374223235013897
2018-09-06,GSCPI,-0.4800375938439453
2018-09-07,GSCPI,-0.4808767626913327
2018-09-10,GSCPI,-0.46333019151284954
2018-09-11,GSCPI,-0.45010297692919343
2018-09-12,GSCPI,-0.4171271401211046
2018-09-13,GSCPI,-0.4529946713259949
2018-09-14,GSCPI,-0.45619631080875817
2018-09-17,GSCPI,-0.46332452032017957
2018-09-18,GSCPI,-0.4645823037823865
2018-09-19,GSCPI,-0.4643457264231944
2018-09-20,GSCPI,-0.47619276973204305
2018-09-21,GSCPI,-0.47865224437413345
2018-09-24,GSCPI,-0.42928988590276757
2018-09-25,GSCPI,-0.4160634781373778
2018-09-26,GSCPI,-0.43606401149258817
2018-09-27,GSCPI,-0.429930442539831
2018-09-28,GSCPI,-0.4263432725218266
2018-10-01,GSCPI,-0.37481251538133437
2018-10-02,GSCPI,-0.37808794691063713
2018-10-03,GSCPI,-0.38088622771967323
2018-10-04,GSCPI,-0.40708935485803277
2018-10-05,GSCPI,-0.415268950114039
2018-10-08,GSCPI,-0.39301875435766037
2018-10-09,GSCPI,-0.4020073080200905
2018-10-10,GSCPI,-0.38272659352807237
2018-10-11,GSCPI,-0.3259203642646278
2018-10-12,GSCPI,-0.41514976663127634
2018-10-15,GSCPI,-0.41518275464690324
2018-10-16,GSCPI,-0.4116124901388447
2018-10-17,GSCPI,-0.41956414420461763
2018-10-18,GSCPI,-0.4178406414469312
2018-10-19,GSCPI,-0.42148401084332493
2018-10-22,GSCPI,-0.4222213231463443
2018-10-23,GSCPI,-0.4396378260377369
2018-10-24,GSCPI,-0.45267494404716274
2018-10-25,GSCPI,-0.45233634409803897
2018-10-26,GSCPI,-0.4509372228755375
2018-10-29,GSCPI,-0.4824645822162208
2018-10-30,GSCPI,-0.5523924604441381
2018-10-31,GSCPI,-0.5748793170074692
2018-11-01,GSCPI,-0.3843488142717561
2018-11-02,GSCPI,-0.4065683486379509
2018-11-05,GSCPI,-0.3145303304197327
2018-11-06,GSCPI,-0.276511921948561
2018-11-07,GSCPI,-0.31345612172480536
2018-11-08,GSCPI,-0.31718971094922205
2018-11-09,GSCPI,-0.35969042544515994
2018-11-12,GSCPI,-0.324502723844826
2018-11-13,GSCPI,-0.08322488499415115
2018-11-14,GSCPI,-0.08523004465907662
2018-11-15,GSCPI,-0.052599749849242525
2018-11-16,GSCPI,-0.06634539464709976
2018-11-19,GSCPI,-0.07128379930701088
2018-11-20,GSCPI,-0.0175181810927446
2018-11-21,GSCPI,-0.010145642605506685
2018-11-22,GSCPI,-0.012126636159709237
2018-11-23,GSCPI,0.10935287580049048
2018-11-26,GSCPI,0.23854141052934427
2018-11-27,GSCPI,0.23263787640583086
2018-11-28,GSCPI,0.23708867054379795
2018-11-29,GSCPI,0.25509598725242594
2018-11-30,GSCPI,0.1704694772722607
2018-12-03,GSCPI,0.32369321176534327
2018-12-04,GSCPI,0.3093075825326876
2018-12-05,GSCPI,0.2898361353349359
2018-12-06,GSCPI,0.43069080404839893
2018-12-07,GSCPI,0.6961404824951769
2018-12-10,GSCPI,0.7099812783335423
2018-12-11,GSCPI,0.695737640809247
2018-12-12,GSCPI,0.5453673979023455
2018-12-13,GSCPI,0.5504812102848977
2018-12-14,GSCPI,0.5388178061522367
2018-12-17,GSCPI,0.5451176198417927
2018-12-18,GSCPI,0.5960168063198172
2018-12-19,GSCPI,0.5408116596983166
2018-12-20,GSCPI,0.6309721589706943
2018-12-21,GSCPI,0.6356852349097736
2018-12-27,GSCPI,0.5157472403027984
2018-12-28,GSCPI,0.43617145837858357
2019-01-02,GSCPI,0.7069679590831968
2019-01-03,GSCPI,0.6886299488074796
2019-01-04,GSCPI,0.7874327208577075
2019-01-07,GSCPI,0.8152726449471557
2019-01-08,GSCPI,0.7324422357987663
2019-01-09,GSCPI,0.8102642326449134
2019-01-10,GSCPI,0.8227947519737443
2019-01-11,GSCPI,0.6899595729881676
2019-01-14,GSCPI,0.47463823862947585
2019-01-15,GSCPI,0.4506355943204809
2019-01-16,GSCPI,0.46715420164905563
2019-01-17,GSCPI,0.4666518698590126
2019-01-18,GSCPI,0.5148315893914898
2019-01-21,GSCPI,0.5088086175305427
2019-01-22,GSCPI,0.5175756478439284
2019-01-23,GSCPI,0.4154297181000942
2019-01-24,GSCPI,0.416353625568403
2019-01-25,GSCPI,0.24139596188668322
2019-01-28,GSCPI,0.2831292604438374
2019-01-29,GSCPI,0.27871239454837105
2019-01-30,GSCPI,0.23766199388715367
2019-01-31,GSCPI,-0.00004057110834852586
2019-02-01,GSCPI,-0.016319252069679095
2019-02-04,GSCPI,-0.13078476607841397
2019-02-05,GSCPI,-0.1521554207579748
2019-02-06,GSCPI,-0.1548013338050058
2019-02-07,GSCPI,-0.2633495960688707
2019-02-08,GSCPI,-0.28450744619311674
2019-02-11,GSCPI,-0.3285646899071697
2019-02-12,GSCPI,-0.30497315571576195
2019-02-13,GSCPI,-0.3028290786113177
2019-02-14,GSCPI,-0.32202515285526506
2019-02-15,GSCPI,-0.27781857299867924
2019-02-18,GSCPI,-0.37624378194512903
2019-02-19,GSCPI,-0.36304304781403385
2019-02-20,GSCPI,-0.4123113285507181
2019-02-21,GSCPI,-0.4116882234619219
2019-02-22,GSCPI,-0.41110559860057616
2019-02-25,GSCPI,-0.20585321690850092
2019-02-26,GSCPI,-0.29523218261172696
2019-02-27,GSCPI,-0.30992133079655565
2019-02-28,GSCPI,-0.31201942660177906
2019-03-01,GSCPI,-0.2714795435764693
2019-03-04,GSCPI,-0.2739710830524486
2019-03-05,GSCPI,-0.27368699569078936
2019-03-06,GSCPI,-0.2852931605816893
2019-03-07,GSCPI,-0.2889013919699875
2019-03-08,GSCPI,-0.3266005169747424
2019-03-11,GSCPI,-0.31240529651024507
2019-03-12,GSCPI,-0.31395014764999696
2019-03-13,GSCPI,-0.342527371662242
2019-03-14,GSCPI,-0.3495463839861902
2019-03-15,GSCPI,-0.35789785614801795
2019-03-18,GSCPI,-0.41599404876788637
2019-03-19,GSCPI,-0.4242853953340514
2019-03-20,GSCPI,-0.4030081147389153
2019-03-21,GSCPI,-0.4209523243715395
2019-03-22,GSCPI,-0.32918187026062334
2019-03-25,GSCPI,-0.3037352646070708
2019-03-26,GSCPI,-0.5195349394537713
2019-03-27,GSCPI,-0.5202433521897813
2019-03-28,GSCPI,-0.4974256441865803
2019-03-29,GSCPI,-0.42528887181871333
2019-04-01,GSCPI,-0.46502234801064884
2019-04-02,GSCPI,-0.4690093012414888
2019-04-03,GSCPI,-0.46172468443462705
2019-04-04,GSCPI,-0.4591131702358909
2019-04-05,GSCPI,-0.45881973799087505
2019-04-08,GSCPI,-0.4484698354240687
2019-04-09,GSCPI,-0.4650061436829563
2019-04-10,GSCPI,-0.46295107182934
2019-04-11,GSCPI,-0.45636751262691266
2019-04-12,GSCPI,-0.45640475509602263
2019-04-15,GSCPI,-0.43982514049911925
2019-04-16,GSCPI,-0.4393237060602339
2019-04-17,GSCPI,-0.4405505350004293
2019-04-18,GSCPI,-0.4614053084162659
2019-04-22,GSCPI,-0.46175547630686065
2019-04-23,GSCPI,-0.32999567185534623
2019-04-24,GSCPI,-0.31842578236592695
2019-04-25,GSCPI,-0.3012774086866487
2019-04-26,GSCPI,-0.04304863573372295
2019-04-29,GSCPI,-0.07970535398725953
2019-04-30,GSCPI,-0.11857172963581063
2019-05-01,GSCPI,-0.13283702763770042
2019-05-02,GSCPI,-0.10017561534199307
2019-05-03,GSCPI,-0.0794799051711786
2019-05-06,GSCPI,-0.08265699556305128
2019-05-07,GSCPI,-0.06617699390644664
2019-05-08,GSCPI,-0.08681063773337257
2019-05-09,GSCPI,-0.08344222926198876
2019-05-10,GSCPI,-0.07318989920688014
2019-05-13,GSCPI,-0.06831626371420399
2019-05-14,GSCPI,-0.068766326997343
2019-05-15,GSCPI,-0.07405466507881552
2019-05-16,GSCPI,-0.04606383393239593
2019-05-17,GSCPI,-0.03515708970888948
2019-05-20,GSCPI,-0.029601853570859368
2019-05-21,GSCPI,-0.027659019379854998
2019-05-22,GSCPI,-0.22746731770008385
2019-05-23,GSCPI,-0.05309803606835428
2019-05-24,GSCPI,-0.09030114632193138
2019-05-28,GSCPI,-0.19138495924101484
2019-05-29,GSCPI,-0.18830391120029796
2019-05-30,GSCPI,-0.18845048717650567
2019-05-31,GSCPI,-0.07694135075306456
2019-06-03,GSCPI,0.08287635752240147
2019-06-04,GSCPI,0.04967246102346981
2019-06-05,GSCPI,0.06481626013590633
2019-06-06,GSCPI,0.07911172468450642
2019-06-07,GSCPI,0.12182062542469721
2019-06-10,GSCPI,0.12531481613103665
2019-06-11,GSCPI,0.10420418579556448
2019-06-12,GSCPI,0.1226359987302977
2019-06-13,GSCPI,0.1863045536403567
2019-06-14,GSCPI,0.17487671558938428
2019-06-17,GSCPI,0.11986776580378102
2019-06-18,GSCPI,0.1458075630029726
2019-06-19,GSCPI,0.14533996844734115
2019-06-20,GSCPI,0.2798333149485492
2019-06-21,GSCPI,0.28409605961575135
2019-06-24,GSCPI,0.15804274103088853
2019-06-25,GSCPI,0.17740051864629372
2019-06-26,GSCPI,0.11089867197615326
2019-06-27,GSCPI,0.10607803517450896
2019-06-28,GSCPI,0.10477247288135894
2019-07-01,GSCPI,0.08538395946297338
2019-07-02,GSCPI,-0.02473757231863343
2019-07-03,GSCPI,-0.015565849374892098
2019-07-04,GSCPI,-0.054673422613946844
2019-07-05,GSCPI,-0.05537812798566127
2019-07-08,GSCPI,-0.07963335549573977
2019-07-09,GSCPI,-0.07327801478705938
2019-07-10,GSCPI,-0.011817692519044218
2019-07-11,GSCPI,-0.0772765745110629
2019-07-12,GSCPI,-0.09105675840257797
2019-07-15,GSCPI,-0.09309279284988914
2019-07-16,GSCPI,-0.0800514456900575
2019-07-17,GSCPI,0.0008986387490498601
2019-07-18,GSCPI,0.14085611747495697
2019-07-19,GSCPI,0.01854919413281811
2019-07-22,GSCPI,0.03222560613803516
2019-07-23,GSCPI,0.02889549733272431
2019-07-24,GSCPI,0.05465813285011308
2019-07-25,GSCPI,0.047180496478261266
2019-07-26,GSCPI,0.059127649376135225
2019-07-29,GSCPI,0.045035265409455585
2019-07-30,GSCPI,-0.029709513903718267
2019-07-31,GSCPI,-0.08318509198348303
2019-08-01,GSCPI,-0.06836943320584911
2019-08-02,GSCPI,-0.013776051829083468
2019-08-05,GSCPI,0.026634915715682817
2019-08-06,GSCPI,0.016159976106539995
2019-08-07,GSCPI,0.2163439343329997
2019-08-08,GSCPI,0.17343333944485645
2019-08-09,GSCPI,0.175624320555417
2019-08-12,GSCPI,0.17286335494532992
2019-08-13,GSCPI,0.3424386858246122
2019-08-14,GSCPI,0.3828031153668449
2019-08-15,GSCPI,0.33969869560816995
2019-08-16,GSCPI,0.28614810635560484
2019-08-19,GSCPI,0.2954265605052907
2019-08-20,GSCPI,0.2873990400805029
2019-08-21,GSCPI,0.329728470080041
2019-08-22,GSCPI,0.2961745205672993
2019-08-23,GSCPI,0.3112541437915297
2019-08-26,GSCPI,0.30238393671870684
2019-08-27,GSCPI,0.30241279932878284
2019-08-28,GSCPI,0.37218075066754663
2019-08-29,GSCPI,0.3357016100911647
2019-08-30,GSCPI,0.3250297730822278
2019-09-02,GSCPI,0.3709500244107188
2019-09-03,GSCPI,0.3317749728080896
2019-09-04,GSCPI,0.4424426093777302
2019-09-05,GSCPI,0.24978498311051636
2019-09-06,GSCPI,0.2781608327977077
2019-09-09,GSCPI,0.35397613387761645
2019-09-10,GSCPI,0.3495857492401123
2019-09-11,GSCPI,0.29117069195938106
2019-09-12,GSCPI,0.298969001277544
2019-09-13,GSCPI,0.2928237998827046
2019-09-16,GSCPI,0.8677651937609536
2019-09-17,GSCPI,0.9584150395142225
2019-09-18,GSCPI,0.9703635035755778
2019-09-19,GSCPI,0.9510124135582877
2019-09-20,GSCPI,0.9442663521842196
2019-09-23,GSCPI,0.9275561666696607
2019-09-24,GSCPI,0.9336303873489663
2019-09-25,GSCPI,0.9700219513798491
2019-09-26,GSCPI,0.9341336634174406
2019-09-27,GSCPI,0.9349055580437224
2019-09-30,GSCPI,0.9588222817987337
2019-10-01,GSCPI,0.8985029595185012
2019-10-02,GSCPI,0.9478470992957133
2019-10-03,GSCPI,0.8538677772896877
2019-10-04,GSCPI,0.8205701573405876
2019-10-07,GSCPI,0.8037674301700609
2019-10-08,GSCPI,0.7253360979836693
2019-10-09,GSCPI,0.7574896076083595
2019-10-10,GSCPI,0.7374243421748286
2019-10-11,GSCPI,0.7152441750447252
2019-10-14,GSCPI,0.7489701678501909
2019-10-15,GSCPI,-0.060033720472788085
2019-10-16,GSCPI,-0.1553719724187554
2019-10-17,GSCPI,-0.17360380886716503
2019-10-18,GSCPI,-0.15879291679376709
2019-10-21,GSCPI,-0.1752556356614114
2019-10-22,GSCPI,-0.1040666561361991
2019-10-23,GSCPI,-0.10559042344894043
2019-10-24,GSCPI,-0.1209499099494086
2019-10-25,GSCPI,-0.12042307924234534
2019-10-28,GSCPI,-0.07088964926853182
2019-10-29,GSCPI,-0.10213768369852366
2019-10-30,GSCPI,-0.1059241701410852
2019-10-31,GSCPI,-0.19280478287230024
2019-11-01,GSCPI,-0.17836621748417422
2019-11-04,GSCPI,-0.09326585213137822
2019-11-05,GSCPI,-0.09386104489294286
2019-11-06,GSCPI,-0.1310853653828715
2019-11-07,GSCPI,-0.17595196603306903
2019-11-08,GSCPI,-0.17761164581378375
2019-11-11,GSCPI,-0.22018224217716004
2019-11-12,GSCPI,-0.304583393573586
2019-11-13,GSCPI,-0.3057864334035317
2019-11-14,GSCPI,-0.3058102660344247
2019-11-15,GSCPI,-0.29500088148742737
2019-11-18,GSCPI,-0.28960390483208953
2019-11-19,GSCPI,-0.3164321997132071
2019-11-20,GSCPI,-0.33076806374256257
2019-11-21,GSCPI,-0.30800382647678615
2019-11-22,GSCPI,-0.3320828627769773
2019-11-25,GSCPI,-0.331025006027943
2019-11-26,GSCPI,-0.4220944229459079
2019-11-27,GSCPI,-0.4285223050851455
2019-11-28,GSCPI,-0.4520266059999691
2019-11-29,GSCPI,-0.4893464594073151
2019-12-02,GSCPI,-0.4410417814989462
2019-12-03,GSCPI,-0.616729315051793
2019-12-04,GSCPI,-0.4571897216354495
2019-12-05,GSCPI,-0.47210803199853285
2019-12-06,GSCPI,-0.46392424051212344
2019-12-09,GSCPI,-0.4809824132052484
2019-12-10,GSCPI,-0.48529660150932785
2019-12-11,GSCPI,-0.4447327216928302
2019-12-12,GSCPI,-0.4131836488842249
2019-12-13,GSCPI,-0.4063111515317078
2019-12-16,GSCPI,-0.4143988034083459
2019-12-17,GSCPI,-0.41916816473964874
2019-12-18,GSCPI,-0.4339233865581643
2019-12-19,GSCPI,-0.47034368270267274
2019-12-20,GSCPI,-0.4576919391745524
2019-12-23,GSCPI,-0.4183031948506501
2019-12-24,GSCPI,-0.3628063310568416
2019-12-26,GSCPI,-0.36178981424841367
2019-12-27,GSCPI,-0.35512551666598746
2019-12-30,GSCPI,-0.34822491003930695
2019-12-31,GSCPI,-0.34044040043647944
2020-01-02,GSCPI,-0.37530708282368025
2020-01-03,GSCPI,-0.3110917794906596
2020-01-06,GSCPI,-0.4007522796696367
2020-01-07,GSCPI,-0.3406376287624403
2020-01-08,GSCPI,-0.30445052231709785
2020-01-09,GSCPI,-0.29254636641135545
2020-01-10,GSCPI,-0.2921809205928259
2020-01-13,GSCPI,-0.1842533418510286
2020-01-14,GSCPI,-0.2189655390771086
2020-01-15,GSCPI,-0.21359895610110186
2020-01-16,GSCPI,-0.17681332975950867
2020-01-17,GSCPI,-0.19746587120719591
2020-01-20,GSCPI,-0.1869030192763711
2020-01-21,GSCPI,-0.1880743041601999
2020-01-22,GSCPI,-0.16408476407106412
2020-01-23,GSCPI,-0.1700977413795816
2020-01-24,GSCPI,-0.20176167915692575
2020-01-27,GSCPI,-0.2035467995290193
2020-01-28,GSCPI,-0.16492142952638847
2020-01-29,GSCPI,-0.15979107895059846
2020-01-30,GSCPI,-0.1196594194887149
2020-01-31,GSCPI,-0.11549003427793958
2020-02-03,GSCPI,0.003335134890492735
2020-02-04,GSCPI,-0.04979900487853553
2020-02-05,GSCPI,0.04724546608510541
2020-02-06,GSCPI,0.04141718003571498
2020-02-07,GSCPI,0.04168698427186839
2020-02-10,GSCPI,0.03912469684859881
2020-02-11,GSCPI,0.0048090866304710345
2020-02-12,GSCPI,0.08328496141703878
2020-02-13,GSCPI,0.10157054507065155
2020-02-14,GSCPI,0.09199194604225606
2020-02-17,GSCPI,0.10217734848959859
2020-02-18,GSCPI,0.08978206703093888
2020-02-19,GSCPI,0.213077762923965
2020-02-20,GSCPI,0.18309317370274358
2020-02-21,GSCPI,0.1873405912535753
2020-02-24,GSCPI,0.19070636348778974
2020-02-25,GSCPI,0.21487278563956103
2020-02-26,GSCPI,0.1976330310458887
2020-02-27,GSCPI,0.3186578237633357
2020-02-28,GSCPI,0.29394172834400256
2020-03-02,GSCPI,0.3375515286852303
2020-03-03,GSCPI,0.10206397314099803
2020-03-04,GSCPI,0.10427147062755282
2020-03-05,GSCPI,0.05038408272390545
2020-03-06,GSCPI,0.6583105872380292
2020-03-09,GSCPI,2.1413759529588714
2020-03-10,GSCPI,2.157042266092482
2020-03-11,GSCPI,2.1385351573103284
2020-03-12,GSCPI,2.2237713629841607
2020-03-13,GSCPI,2.2892167486605053
2020-03-16,GSCPI,2.4999931299753246
2020-03-17,GSCPI,2.486093743529022
2020-03-18,GSCPI,2.958012718259919
2020-03-19,GSCPI,2.9970784915785873
2020-03-20,GSCPI,3.187507841759359
2020-03-23,GSCPI,3.1992387992205247
2020-03-24,GSCPI,3.291655215949405
2020-03-25,GSCPI,3.411753470723099
2020-03-26,GSCPI,3.4365198228130374
2020-03-27,GSCPI,3.435942616943837
2020-03-30,GSCPI,3.622979572587106
2020-03-31,GSCPI,4.076409480449923
2020-04-01,GSCPI,4.10058292823974
2020-04-02,GSCPI,6.221484145176252
2020-04-03,GSCPI,6.826303829416033
2020-04-06,GSCPI,6.770567640554431
2020-04-07,GSCPI,6.297885279924349
2020-04-08,GSCPI,6.558087795015784
2020-04-09,GSCPI,6.928912434928161
2020-04-14,GSCPI,6.927387437522616
2020-04-15,GSCPI,6.965185712744841
2020-04-16,GSCPI,6.831558492425466
2020-04-17,GSCPI,6.877148958237098
2020-04-20,GSCPI,6.67272982689621
2020-04-21,GSCPI,8.665460292970218
2020-04-22,GSCPI,10.82002288293288
2020-04-23,GSCPI,10.858371948109587
2020-04-24,GSCPI,10.87202516036301
2020-04-27,GSCPI,10.868646012087828
2020-04-28,GSCPI,10.829698735948751
2020-04-29,GSCPI,10.946208241097047
2020-04-30,GSCPI,10.76913203264114
2020-05-01,GSCPI,10.30884049365642
2020-05-04,GSCPI,10.342701918785684
2020-05-05,GSCPI,9.916884090497065
2020-05-06,GSCPI,9.70760204411374
2020-05-07,GSCPI,9.64430683108211
2020-05-11,GSCPI,9.636666485609293
2020-05-12,GSCPI,9.527007455655314
2020-05-13,GSCPI,9.120196946305814
2020-05-14,GSCPI,9.117658307212446
2020-05-15,GSCPI,8.989241428729008
2020-05-18,GSCPI,8.920957970930079
2020-05-19,GSCPI,8.939707812818716
2020-05-20,GSCPI,8.70373906434082
2020-05-21,GSCPI,5.820768150626445
2020-05-22,GSCPI,2.723333811534771
2020-05-26,GSCPI,2.701501216500283
2020-05-27,GSCPI,2.820035259205849
2020-05-28,GSCPI,2.6687082556073194
2020-05-29,GSCPI,2.693410238620875
2020-06-01,GSCPI,2.466319988875415
2020-06-02,GSCPI,2.456405183681099
2020-06-03,GSCPI,2.471639591809688
2020-06-04,GSCPI,2.3711745681078074
2020-06-05,GSCPI,0.9612010874813678
2020-06-08,GSCPI,0.8723129688267262
2020-06-09,GSCPI,0.8500937957060195
2020-06-10,GSCPI,0.8156930020309514
2020-06-11,GSCPI,1.2103284574931197
2020-06-12,GSCPI,1.1809465187995916
2020-06-15,GSCPI,1.0680502562745693
2020-06-16,GSCPI,1.0634207129668352
2020-06-17,GSCPI,0.9163651079128761
2020-06-18,GSCPI,0.9205623648903255
2020-06-19,GSCPI,0.8532902126370786
2020-06-22,GSCPI,0.8534092902111093
2020-06-23,GSCPI,0.8085798270785122
2020-06-24,GSCPI,0.9790380298114517
2020-06-25,GSCPI,0.8962799898710521
2020-06-26,GSCPI,0.874991421812143
2020-06-29,GSCPI,0.8751205645672371
2020-06-30,GSCPI,0.678434052978945
2020-07-01,GSCPI,0.6612145267075786
2020-07-02,GSCPI,0.6756234006299663
2020-07-03,GSCPI,0.6815518559362999
2020-07-06,GSCPI,0.4921429293252234
2020-07-07,GSCPI,0.4291449034994941
2020-07-08,GSCPI,0.41740548655917364
2020-07-09,GSCPI,0.46275437594974084
2020-07-10,GSCPI,0.029068478205080038
2020-07-13,GSCPI,0.03128313828086518
2020-07-14,GSCPI,0.007356516676959283
2020-07-15,GSCPI,-0.02789037224518672
2020-07-16,GSCPI,-0.029641751318874185
2020-07-17,GSCPI,-0.08717151735105218
2020-07-20,GSCPI,-0.09484324706451504
2020-07-21,GSCPI,-0.08602892892193241
2020-07-22,GSCPI,-0.09209458748546455
2020-07-23,GSCPI,-0.3105888086246669
2020-07-24,GSCPI,-0.3348319258432304
2020-07-27,GSCPI,-0.3407794565030586
2020-07-28,GSCPI,-0.3487963407584623
2020-07-29,GSCPI,-0.34355758242733553
2020-07-30,GSCPI,-0.3375428780750645
2020-07-31,GSCPI,-0.3926622720462096
2020-08-03,GSCPI,-0.37673749470687207
2020-08-04,GSCPI,-0.37841374560727875
2020-08-05,GSCPI,-0.35253280730006065
2020-08-06,GSCPI,-0.3577983856074858
2020-08-07,GSCPI,-0.40790449900645936
2020-08-10,GSCPI,-0.4528074292735264
2020-08-11,GSCPI,-0.4479532303662475
2020-08-12,GSCPI,-0.3487440033246947
2020-08-13,GSCPI,-0.39083445682418383
2020-08-14,GSCPI,-0.3956253316646041
2020-08-17,GSCPI,-0.39890562723076395
2020-08-18,GSCPI,-0.39823149740612684
2020-08-19,GSCPI,-0.4473685319858265
2020-08-20,GSCPI,-0.4291276954176931
2020-08-21,GSCPI,-0.4701007610464066
2020-08-24,GSCPI,-0.4635159901403762
2020-08-25,GSCPI,-0.34387479733756815
2020-08-26,GSCPI,-0.3467269316913722
2020-08-27,GSCPI,-0.3000171654785032
2020-08-28,GSCPI,-0.3153910773171714
2020-09-01,GSCPI,-0.3087619068271474
2020-09-02,GSCPI,0.037180132177514896
2020-09-03,GSCPI,0.034576396737215576
2020-09-04,GSCPI,0.08128592520232167
2020-09-07,GSCPI,0.08057255935727584
2020-09-08,GSCPI,0.20638137649054744
2020-09-09,GSCPI,0.3108387977705716
2020-09-10,GSCPI,0.3179340455724425
2020-09-11,GSCPI,0.2360145365861074
2020-09-14,GSCPI,0.2358320676553581
2020-09-15,GSCPI,0.2915724745250058
2020-09-16,GSCPI,0.4140334268892703
2020-09-17,GSCPI,0.45404529794652354
2020-09-18,GSCPI,0.4541766379003179
2020-09-21,GSCPI,0.5250131063700422
2020-09-22,GSCPI,0.5314327984259873
2020-09-23,GSCPI,0.5255281133772934
2020-09-24,GSCPI,0.44866118813484723
2020-09-25,GSCPI,0.4491648484265846
2020-09-28,GSCPI,0.4569854630782232
2020-09-29,GSCPI,0.48409115572908845
2020-09-30,GSCPI,0.4714413024635434
2020-10-01,GSCPI,0.267967005570362
2020-10-02,GSCPI,0.3569150023703824
2020-10-05,GSCPI,0.426945052847269
2020-10-06,GSCPI,0.49404163402776646
2020-10-07,GSCPI,0.35303516836866916
2020-10-08,GSCPI,0.3396159900360288
2020-10-09,GSCPI,0.32339096521012084
2020-10-12,GSCPI,0.361056504789843
2020-10-13,GSCPI,0.3738691926341069
2020-10-14,GSCPI,0.35126409596291197
2020-10-15,GSCPI,0.25853007267221584
2020-10-16,GSCPI,0.21675495798044617
2020-10-19,GSCPI,0.21593813068747872
2020-10-20,GSCPI,0.1031978073014005
2020-10-21,GSCPI,0.18407924982400573
2020-10-22,GSCPI,0.2355421108896245
2020-10-23,GSCPI,0.24628948734447986
2020-10-26,GSCPI,0.33309368209822415
2020-10-27,GSCPI,0.33366744271597
2020-10-28,GSCPI,0.39944231124420615
2020-10-29,GSCPI,0.44948915438426407
2020-10-30,GSCPI,0.44496536435441214
2020-11-02,GSCPI,0.4435688412892239
2020-11-03,GSCPI,0.32751113662757264
2020-11-04,GSCPI,0.33695980102075995
2020-11-05,GSCPI,0.3261404659128174
2020-11-06,GSCPI,0.3099852544762234
2020-11-09,GSCPI,0.6155002596012755
2020-11-10,GSCPI,0.6238584905568404
2020-11-11,GSCPI,0.6081401154455419
2020-11-12,GSCPI,0.6074508735518392
2020-11-13,GSCPI,0.6182338417118162
2020-11-16,GSCPI,0.6514721298360086
2020-11-17,GSCPI,0.6526440417210515
2020-11-18,GSCPI,0.6530649571808026
2020-11-19,GSCPI,0.5786876612297837
2020-11-20,GSCPI,0.5533176976957709
2020-11-23,GSCPI,0.5641872572277674
2020-11-24,GSCPI,0.4940666949901656
2020-11-25,GSCPI,0.4923160801318621
2020-11-26,GSCPI,0.3738740887982563
2020-11-27,GSCPI,0.257054274248736
2020-11-30,GSCPI,0.24683672433957207
2020-12-01,GSCPI,0.2020377292951716
2020-12-02,GSCPI,0.2038493860569112
2020-12-03,GSCPI,0.15101749676087053
2020-12-04,GSCPI,0.13720979870627809
2020-12-07,GSCPI,0.021467643402466204
2020-12-08,GSCPI,-0.3142857646926816
2020-12-09,GSCPI,-0.3666965127325439
2020-12-10,GSCPI,-0.3120667494699998
2020-12-11,GSCPI,-0.3169410535437647
2020-12-14,GSCPI,-0.3739937643234246
2020-12-15,GSCPI,-0.41662294116283166
2020-12-16,GSCPI,-0.4277765401981784
2020-12-17,GSCPI,-0.42759646450029337
2020-12-18,GSCPI,-0.41890914383893985
2020-12-21,GSCPI,-0.2805024224843587
2020-12-22,GSCPI,-0.2849580555084351
2020-12-23,GSCPI,-0.34678906740420784
2020-12-24,GSCPI,-0.3521636586598192
2020-12-28,GSCPI,-0.4145415530143605
2020-12-29,GSCPI,-0.40403073685997043
2020-12-30,GSCPI,-0.40577268797670535
2020-12-31,GSCPI,-0.4026233775654246
2021-01-04,GSCPI,-0.3784242467679159
2021-01-05,GSCPI,-0.14142847368412903
2021-01-06,GSCPI,-0.14586302970024684
2021-01-07,GSCPI,-0.15897351040010022
2021-01-08,GSCPI,-0.09606014423268129
2021-01-11,GSCPI,-0.07434455514457201
2021-01-12,GSCPI,-0.10702931858839711
2021-01-13,GSCPI,-0.10340200326335292
2021-01-14,GSCPI,-0.10335074505648809
2021-01-15,GSCPI,-0.0695363387620196
2021-01-18,GSCPI,-0.05457149726890596
2021-01-19,GSCPI,-0.031639272037265395
2021-01-20,GSCPI,-0.048851544590364254
2021-01-21,GSCPI,-0.1365713810273763
2021-01-22,GSCPI,-0.15274606746034067
2021-01-25,GSCPI,-0.1823258078249026
2021-01-26,GSCPI,-0.1824289129655179
2021-01-27,GSCPI,-0.1791311494294348
2021-01-28,GSCPI,-0.1877133306290537
2021-01-29,GSCPI,-0.18734130341607053
2021-02-01,GSCPI,-0.16614276722710314
2021-02-02,GSCPI,-0.18718370938186438
2021-02-03,GSCPI,-0.4084715891142248
2021-02-04,GSCPI,-0.41411416320524996
2021-02-05,GSCPI,-0.4172790140551227
2021-02-08,GSCPI,-0.5102565300696086
2021-02-09,GSCPI,-0.5413077032808492
2021-02-10,GSCPI,-0.575065868133179
2021-02-11,GSCPI,-0.5925710349887383
2021-02-12,GSCPI,-0.551138725111895
2021-02-15,GSCPI,-0.6089211351134592
2021-02-16,GSCPI,-0.6586540972991952
2021-02-17,GSCPI,-0.6765272598306946
2021-02-18,GSCPI,-0.6069227652446172
2021-02-19,GSCPI,-0.5226903494472042
2021-02-22,GSCPI,-0.4838836610415594
2021-02-23,GSCPI,-0.4854109624256229
2021-02-24,GSCPI,-0.4658599348761318
2021-02-25,GSCPI,-0.4687997471030949
2021-02-26,GSCPI,-0.43461806545108966
2021-03-01,GSCPI,-0.3524895904152072
2021-03-02,GSCPI,-0.29671461264649823
2021-03-03,GSCPI,-0.2871976520103563
2021-03-04,GSCPI,-0.19333549014300747
2021-03-05,GSCPI,-0.11234150063400772
2021-03-08,GSCPI,-0.018292647891795376
2021-03-09,GSCPI,0.008777791250883363
2021-03-10,GSCPI,0.00787731676571281
2021-03-11,GSCPI,0.03882429310389392
2021-03-12,GSCPI,0.04645089129554629
2021-03-15,GSCPI,0.029028742783346474
2021-03-16,GSCPI,0.0341845164657597
2021-03-17,GSCPI,0.03647625504124657
2021-03-18,GSCPI,0.4377850964938452
2021-03-19,GSCPI,0.47853152717498143
2021-03-22,GSCPI,0.457714341761805
2021-03-23,GSCPI,0.5919718745168833
2021-03-24,GSCPI,0.7768453915045351
2021-03-25,GSCPI,0.8021481151130705
2021-03-26,GSCPI,0.885082796096854
2021-03-29,GSCPI,0.8811030938836907
2021-03-30,GSCPI,0.8714356780845264
2021-03-31,GSCPI,0.8521611889442113
2021-04-01,GSCPI,0.8292255586958819
2021-04-06,GSCPI,0.8059569215675738
2021-04-07,GSCPI,0.7280426274781566
2021-04-08,GSCPI,0.7067330758569196
2021-04-09,GSCPI,0.7015478051994917
2021-04-12,GSCPI,0.7020013751774912
2021-04-13,GSCPI,0.6649336519257466
2021-04-14,GSCPI,0.7987906824071591
2021-04-15,GSCPI,0.7989071855629286
2021-04-16,GSCPI,0.7937612867343707
2021-04-19,GSCPI,0.7969791576815646
2021-04-20,GSCPI,0.48290796411041326
2021-04-21,GSCPI,0.46468631385249487
2021-04-22,GSCPI,0.4768097729423235
2021-04-23,GSCPI,0.2516811954453775
2021-04-26,GSCPI,0.03029537245717762
2021-04-27,GSCPI,-0.09226380921066948
2021-04-28,GSCPI,-0.20630173497787618
2021-04-29,GSCPI,-0.18806402807369882
2021-04-30,GSCPI,-0.19797993719683057
2021-05-04,GSCPI,-0.18206956677284297
2021-05-05,GSCPI,-0.17753780564659355
2021-05-06,GSCPI,-0.2977334720614665
2021-05-07,GSCPI,-0.2965862243653418
2021-05-10,GSCPI,-0.29244238833389014
2021-05-11,GSCPI,-0.2985543044356536
2021-05-12,GSCPI,-0.29557766365989835
2021-05-13,GSCPI,-0.17588638183395228
2021-05-14,GSCPI,-0.33945393569202414
2021-05-17,GSCPI,-0.3389802939512422
2021-05-18,GSCPI,-0.3288591887977443
2021-05-19,GSCPI,-0.2373181667160638
2021-05-20,GSCPI,-0.20901253444221612
2021-05-21,GSCPI,-0.20414348979311261
2021-05-24,GSCPI,-0.16534599027744767
2021-05-25,GSCPI,-0.17056849740770308
2021-05-26,GSCPI,-0.1737895813658832
2021-05-27,GSCPI,-0.17860132067926138
2021-05-28,GSCPI,-0.18701355640844988
2021-06-01,GSCPI,-0.2032975187037427
2021-06-02,GSCPI,-0.20753634157799072
2021-06-03,GSCPI,-0.2289240871784413
2021-06-04,GSCPI,-0.23392793960841962
2021-06-07,GSCPI,-0.2553677002973282
2021-06-08,GSCPI,-0.25288847044075224
2021-06-09,GSCPI,-0.2532701396244319
2021-06-10,GSCPI,-0.25271202964851025
2021-06-11,GSCPI,-0.25978001103893766
2021-06-14,GSCPI,-0.37882031470074456
2021-06-15,GSCPI,-0.42840842911903243
2021-06-16,GSCPI,-0.42745439831271076
2021-06-17,GSCPI,-0.41478997081202806
2021-06-18,GSCPI,-0.5550647354419641
2021-06-21,GSCPI,-0.6641554961942202
2021-06-22,GSCPI,-0.715550848957478
2021-06-23,GSCPI,-0.8181725767037374
2021-06-24,GSCPI,-0.8129689029084102
2021-06-25,GSCPI,-0.8142220452340857
2021-06-28,GSCPI,-0.6881608423257246
2021-06-29,GSCPI,-0.689014477067879
2021-06-30,GSCPI,-0.6506856610422823
2021-07-01,GSCPI,-0.6443498547734687
2021-07-02,GSCPI,-0.6390521306390131
2021-07-05,GSCPI,-0.6354698313831814
2021-07-06,GSCPI,-0.4753260468537505
2021-07-07,GSCPI,-0.4206696603872597
2021-07-08,GSCPI,-0.4150260926497178
2021-07-09,GSCPI,-0.35272298967524773
2021-07-12,GSCPI,-0.3465155451496917
2021-07-13,GSCPI,-0.34265980805826585
2021-07-14,GSCPI,-0.2968879028539359
2021-07-15,GSCPI,-0.27282605757403094
2021-07-16,GSCPI,-0.29027933470529377
2021-07-19,GSCPI,0.07438337214070488
2021-07-20,GSCPI,0.05377248931938614
2021-07-21,GSCPI,0.14421424527700538
2021-07-22,GSCPI,0.180173148259876
2021-07-23,GSCPI,0.1784436425538749
2021-07-26,GSCPI,0.1752417773965819
2021-07-27,GSCPI,0.14591274640182308
2021-07-28,GSCPI,0.1424851349882884
2021-07-29,GSCPI,0.13165589085445192
2021-07-30,GSCPI,0.15205274174076264
2021-08-02,GSCPI,0.28655662502212315
2021-08-03,GSCPI,0.2791462468287836
2021-08-04,GSCPI,0.27390424329168783
2021-08-05,GSCPI,0.2745865392917094
2021-08-06,GSCPI,0.27738926906700156
2021-08-09,GSCPI,0.23552815733607754
2021-08-10,GSCPI,0.27331245690584605
2021-08-11,GSCPI,0.2772785900067791
2021-08-12,GSCPI,0.2538906981008695
2021-08-13,GSCPI,0.24880400885059228
2021-08-16,GSCPI,0.2538842547240901
2021-08-17,GSCPI,-0.042452882050453215
2021-08-18,GSCPI,-0.0412788251543829
2021-08-19,GSCPI,-0.1074497815394282
2021-08-20,GSCPI,-0.15478186838993588
2021-08-23,GSCPI,0.08859219324032484
2021-08-24,GSCPI,0.1622958967059842
2021-08-25,GSCPI,0.1750848406144915
2021-08-26,GSCPI,0.20183157189885312
2021-08-27,GSCPI,0.23052895643958493
2021-08-31,GSCPI,0.22541009106946716
2021-09-01,GSCPI,0.10560706218980338
2021-09-02,GSCPI,0.13229417282933773
2021-09-03,GSCPI,0.06980855062247643
2021-09-06,GSCPI,0.060635838023376736
2021-09-07,GSCPI,0.054776276718902506
2021-09-08,GSCPI,0.03313474369737694
2021-09-09,GSCPI,0.021502122069419996
2021-09-10,GSCPI,0.028542073555485888
2021-09-13,GSCPI,0.03068246143159116
2021-09-14,GSCPI,0.017546121401577516
2021-09-15,GSCPI,0.03728414953585521
2021-09-16,GSCPI,0.02510167111348669
2021-09-17,GSCPI,0.016390403360565874
2021-09-20,GSCPI,-0.027274928563629237
2021-09-21,GSCPI,-0.070783286992914
2021-09-22,GSCPI,-0.23621395785838886
2021-09-23,GSCPI,-0.2964461940611641
2021-09-24,GSCPI,-0.2963734671545939
2021-09-27,GSCPI,-0.35414579125396417
2021-09-28,GSCPI,-0.38723154152530725
2021-09-29,GSCPI,-0.39666602676281953
2021-09-30,GSCPI,-0.4540929967430958
2021-10-01,GSCPI,-0.45955374320164166
2021-10-04,GSCPI,-0.4231128809310183
2021-10-05,GSCPI,-0.4359051565210383
2021-10-06,GSCPI,-0.4198978424195234
2021-10-07,GSCPI,-0.41998436126303523
2021-10-08,GSCPI,-0.460692408395751
2021-10-11,GSCPI,-0.4521975155881947
2021-10-12,GSCPI,-0.44224438761437773
2021-10-13,GSCPI,-0.44077794545704546
2021-10-14,GSCPI,-0.47966086015502046
2021-10-15,GSCPI,-0.47807342357796084
2021-10-18,GSCPI,-0.47887460209955335
2021-10-19,GSCPI,-0.527666449095819
2021-10-20,GSCPI,-0.5324454261215897
2021-10-21,GSCPI,-0.5252356005523702
2021-10-22,GSCPI,-0.5287593359803681
2021-10-25,GSCPI,-0.5194485873539053
2021-10-26,GSCPI,-0.5456758285170589
2021-10-27,GSCPI,-0.5302806663442252
2021-10-28,GSCPI,-0.5224999912414103
2021-10-29,GSCPI,-0.5185182539584003
2021-11-01,GSCPI,-0.5321081210147907
2021-11-02,GSCPI,-0.6032183993651455
2021-11-03,GSCPI,-0.4349746669820621
2021-11-04,GSCPI,-0.4478377835206306
2021-11-05,GSCPI,-0.37432733155966164
2021-11-08,GSCPI,-0.36635495612011354
2021-11-09,GSCPI,-0.3788375555597846
2021-11-10,GSCPI,-0.3422392285247747
2021-11-11,GSCPI,-0.3386480513508122
2021-11-12,GSCPI,-0.3370410042563346
2021-11-15,GSCPI,-0.3369862674193002
2021-11-16,GSCPI,-0.32531835534535614
2021-11-17,GSCPI,-0.28064740870616195
2021-11-18,GSCPI,-0.23834713466191393
2021-11-19,GSCPI,-0.1970008164892207
2021-11-22,GSCPI,-0.19894172786731495
2021-11-23,GSCPI,-0.11770660077099394
2021-11-24,GSCPI,-0.10826073309826387
2021-11-25,GSCPI,-0.11624392279800964
2021-11-26,GSCPI,0.6476215352785648
2021-11-29,GSCPI,0.6645121542053739
2021-11-30,GSCPI,0.6728932409695179
2021-12-01,GSCPI,0.6755837049661656
2021-12-02,GSCPI,0.6512920878919115
2021-12-03,GSCPI,0.6525510733797214
2021-12-06,GSCPI,0.6853800619871767
2021-12-07,GSCPI,0.7284037144340665
2021-12-08,GSCPI,0.7147670800077203
2021-12-09,GSCPI,0.722644446223653
2021-12-10,GSCPI,0.7298571436339963
2021-12-13,GSCPI,0.7318519072919437
2021-12-14,GSCPI,0.7310565534532866
2021-12-15,GSCPI,0.7237102309940997
2021-12-16,GSCPI,0.714065008668086
2021-12-17,GSCPI,0.6977932296705078
2021-12-20,GSCPI,0.7132643127516773
2021-12-21,GSCPI,0.7691021290505466
2021-12-22,GSCPI,0.7545521978497799
2021-12-23,GSCPI,0.7782993717072236
2021-12-24,GSCPI,0.7826770580927577
2021-12-29,GSCPI,0.16754611421945761
2021-12-30,GSCPI,0.16294994553139278
2021-12-31,GSCPI,0.10056054167442224
2022-01-03,GSCPI,0.06674831325714076
2022-01-04,GSCPI,0.06645561461889797
2022-01-05,GSCPI,0.07091268774812091
2022-01-06,GSCPI,0.009979690830740557
2022-01-07,GSCPI,-0.033303195324622156
2022-01-10,GSCPI,-0.021692779726113255
2022-01-11,GSCPI,0.013129938784758335
2022-01-12,GSCPI,0.012010041302442173
2022-01-13,GSCPI,-0.008324536011474398
2022-01-14,GSCPI,-0.026783512299742282
2022-01-17,GSCPI,-0.0277949838841209
2022-01-18,GSCPI,-0.028368502994506023
2022-01-19,GSCPI,-0.10389195192254246
2022-01-20,GSCPI,-0.2629809710045557
2022-01-21,GSCPI,-0.29812163714948764
2022-01-24,GSCPI,-0.23257845603592855
2022-01-25,GSCPI,-0.23498721022046
2022-01-26,GSCPI,-0.2678178486727733
2022-01-27,GSCPI,-0.38206357626080995
2022-01-28,GSCPI,-0.3875595249592896
2022-01-31,GSCPI,-0.4579285929164641
2022-02-01,GSCPI,-0.3601031421737678
2022-02-02,GSCPI,-0.3620673950816036
2022-02-03,GSCPI,-0.35864421191532053
2022-02-04,GSCPI,-0.2565453112151962
2022-02-07,GSCPI,-0.25714921059088525
2022-02-08,GSCPI,-0.2447859631975855
2022-02-09,GSCPI,-0.32950052425736254
2022-02-10,GSCPI,-0.3227768771410063
2022-02-11,GSCPI,-0.323337509703452
2022-02-14,GSCPI,-0.21344642884906773
2022-02-15,GSCPI,-0.09356041185599033
2022-02-16,GSCPI,-0.07904653619940073
2022-02-17,GSCPI,-0.030564294852970443
2022-02-18,GSCPI,-0.0281134116111819
2022-02-21,GSCPI,0.014132481815498572
2022-02-22,GSCPI,-0.0371640360836183
2022-02-23,GSCPI,-0.05265206887401534
2022-02-24,GSCPI,-0.050890107708338836
2022-02-25,GSCPI,0.01378609857127386
2022-02-28,GSCPI,0.12530401781598813
2022-03-01,GSCPI,0.4010832628088921
2022-03-02,GSCPI,0.5313676398596063
2022-03-03,GSCPI,0.6196394330546027
2022-03-04,GSCPI,0.7856031319354722
2022-03-07,GSCPI,0.7857039677534455
2022-03-08,GSCPI,0.7937654228603171
2022-03-09,GSCPI,1.4688390143109846
2022-03-10,GSCPI,1.4781375339190876
2022-03-11,GSCPI,1.4913341664852224
2022-03-14,GSCPI,1.6623144613340843
2022-03-15,GSCPI,1.7021774246529167
2022-03-16,GSCPI,1.6673034673033207
2022-03-17,GSCPI,1.8399481602234953
2022-03-18,GSCPI,1.8118785662574777
2022-03-21,GSCPI,1.9074713146837121
2022-03-22,GSCPI,1.9089029514468878
2022-03-23,GSCPI,1.9404760327571204
2022-03-24,GSCPI,1.9840328243719407
2022-03-25,GSCPI,1.994885086304008
2022-03-28,GSCPI,2.113428007817819
2022-03-29,GSCPI,2.087371031602253
2022-03-30,GSCPI,1.9613896793448695
2022-03-31,GSCPI,1.959327512154029
2022-04-01,GSCPI,1.9409353372848475
2022-04-04,GSCPI,1.786487083278004
2022-04-05,GSCPI,1.7205812645652685
2022-04-06,GSCPI,1.726371186273834
2022-04-07,GSCPI,1.3037433563253398
2022-04-08,GSCPI,1.31279946813325
2022-04-11,GSCPI,1.2880851342939477
2022-04-12,GSCPI,1.3368609029664746
2022-04-13,GSCPI,1.3097207120039571
2022-04-14,GSCPI,1.3193165387379828
2022-04-19,GSCPI,1.1503921096266767
2022-04-20,GSCPI,1.1466271824186514
2022-04-21,GSCPI,0.9603806384024675
2022-04-22,GSCPI,0.9673241020132826
2022-04-25,GSCPI,0.9217382525590558
2022-04-26,GSCPI,0.9936721797569609
2022-04-27,GSCPI,0.9988322647535073
2022-04-28,GSCPI,0.8824267075646839
2022-04-29,GSCPI,0.9048739860920143
2022-05-03,GSCPI,0.9082945108435312
2022-05-04,GSCPI,0.8220524151210901
2022-05-05,GSCPI,0.8202488158371203
2022-05-06,GSCPI,0.8161002090205556
2022-05-09,GSCPI,0.9786518096602059
2022-05-10,GSCPI,0.9171041613657206
2022-05-11,GSCPI,0.9978193531707054
2022-05-12,GSCPI,0.9936883402106719
2022-05-13,GSCPI,0.9761390165265083
2022-05-16,GSCPI,0.8417581952151636
2022-05-17,GSCPI,0.8078372762364427
2022-05-18,GSCPI,0.8205711953248889
2022-05-19,GSCPI,0.7422378298651229
2022-05-20,GSCPI,0.7392254965835264
2022-05-23,GSCPI,0.7310057921059019
2022-05-24,GSCPI,0.7060163101253472
2022-05-25,GSCPI,0.5210612325937999
2022-05-26,GSCPI,0.5028659206379885
2022-05-27,GSCPI,0.5027810544356632
2022-05-30,GSCPI,0.4921516492489516
2022-05-31,GSCPI,0.48622992019408606
2022-06-01,GSCPI,0.4673615867999937
2022-06-03,GSCPI,0.37872636587595254
2022-06-06,GSCPI,0.38219579347390276
2022-06-07,GSCPI,0.38175833210366256
2022-06-08,GSCPI,0.09094507452423237
2022-06-09,GSCPI,-0.054999652317058494
2022-06-10,GSCPI,-0.15605201603423843
2022-06-13,GSCPI,-0.15805405123818997
2022-06-14,GSCPI,-0.20706838049360446
2022-06-15,GSCPI,-0.19995684917922765
2022-06-16,GSCPI,-0.24140083990477373
2022-06-17,GSCPI,-0.052069425400031025
2022-06-20,GSCPI,-0.09282604517445674
2022-06-21,GSCPI,-0.0929792688003167
2022-06-22,GSCPI,-0.05120139865905859
2022-06-23,GSCPI,-0.04745202254777257
2022-06-24,GSCPI,-0.004555847173802171
2022-06-27,GSCPI,-0.03736982660576107
2022-06-28,GSCPI,-0.015236437145572069
2022-06-29,GSCPI,-0.022062131340855162
2022-06-30,GSCPI,-0.0534858577580652
2022-07-01,GSCPI,-0.10030119947654846
2022-07-04,GSCPI,-0.12823750011452598
2022-07-05,GSCPI,0.38722845800642003
2022-07-06,GSCPI,0.3691934409578335
2022-07-07,GSCPI,0.4758007836579287
2022-07-08,GSCPI,0.48132091484638734
2022-07-11,GSCPI,0.48918699241489694
2022-07-12,GSCPI,0.666281143301058
2022-07-13,GSCPI,0.6700843958100974
2022-07-14,GSCPI,0.6732356494730783
2022-07-15,GSCPI,0.7681010763035523
2022-07-18,GSCPI,0.757735439623903
2022-07-19,GSCPI,0.7713024240590036
2022-07-20,GSCPI,0.7740833209492842
2022-07-21,GSCPI,0.7768492911625907
2022-07-22,GSCPI,0.8885249083669857
2022-07-25,GSCPI,0.8676632827811365
2022-07-26,GSCPI,0.8448889196241374
2022-07-27,GSCPI,0.8461157990758112
2022-07-28,GSCPI,0.8448018286061666
2022-07-29,GSCPI,0.8606202308806014
2022-08-01,GSCPI,0.9426132166107165
2022-08-02,GSCPI,0.9165647492553346
2022-08-03,GSCPI,0.6458527486112555
2022-08-04,GSCPI,0.689504823853437
2022-08-05,GSCPI,0.6129384927494099
2022-08-08,GSCPI,0.6695806232649513
2022-08-09,GSCPI,0.6654903615727007
2022-08-10,GSCPI,0.4626330259351792
2022-08-11,GSCPI,0.48362891181595413
2022-08-12,GSCPI,0.5336175509328729
2022-08-15,GSCPI,0.54905839357156
2022-08-16,GSCPI,0.4342918253107138
2022-08-17,GSCPI,0.46850258149161095
2022-08-18,GSCPI,0.4556840994932843
2022-08-19,GSCPI,0.44159970529640147
2022-08-22,GSCPI,0.3233453701341399
2022-08-23,GSCPI,0.44654196729099493
2022-08-24,GSCPI,0.44785987809974
2022-08-25,GSCPI,0.4163005631942938
2022-08-26,GSCPI,0.45499101788866875
2022-08-30,GSCPI,0.4414406208947634
2022-08-31,GSCPI,0.3673819006093706
2022-09-01,GSCPI,0.44556437996808196
2022-09-02,GSCPI,0.37614262139348914
2022-09-05,GSCPI,0.32092265333687586
2022-09-06,GSCPI,0.32187482467156864
2022-09-07,GSCPI,0.3531691401759094
2022-09-08,GSCPI,0.3708237764699652
2022-09-09,GSCPI,0.477559994129106
2022-09-12,GSCPI,0.4749931560507261
2022-09-13,GSCPI,0.4422088205441575
2022-09-14,GSCPI,0.3217437970985672
2022-09-15,GSCPI,0.35253878184382764
2022-09-16,GSCPI,0.32508138532886655
2022-09-20,GSCPI,0.3250400746603809
2022-09-21,GSCPI,0.3259504865367595
2022-09-22,GSCPI,0.32215593992216296
2022-09-23,GSCPI,0.3939837423113662
2022-09-26,GSCPI,0.39484483426113165
2022-09-27,GSCPI,0.5180620380289725
2022-09-28,GSCPI,0.5863058909309395
2022-09-29,GSCPI,0.5790080832331609
2022-09-30,GSCPI,0.550962326657719
2022-10-03,GSCPI,0.4839662760976848
2022-10-04,GSCPI,0.5364640178725362
2022-10-05,GSCPI,0.5316100671606914
2022-10-06,GSCPI,0.49049320939923885
2022-10-07,GSCPI,0.3771245768496696
2022-10-10,GSCPI,0.40390696442382024
2022-10-11,GSCPI,0.35477095861659336
2022-10-12,GSCPI,0.35752346216262104
2022-10-13,GSCPI,0.3594593006501434
2022-10-14,GSCPI,0.4113927930711968
2022-10-17,GSCPI,0.3387943206216211
2022-10-18,GSCPI,0.3570486503592936
2022-10-19,GSCPI,0.37930313765721435
2022-10-20,GSCPI,0.37921980515432396
2022-10-21,GSCPI,0.3781847020353762
2022-10-24,GSCPI,0.08440572958894789
2022-10-25,GSCPI,0.041237904656099764
2022-10-26,GSCPI,-0.05124465069523759
2022-10-27,GSCPI,-0.1584999742603377
2022-10-28,GSCPI,-0.15956892286329225
2022-10-31,GSCPI,-0.1422200603273535
2022-11-01,GSCPI,-0.14366384162270887
2022-11-02,GSCPI,-0.22352683286743097
2022-11-03,GSCPI,-0.2190290833877813
2022-11-04,GSCPI,-0.080076320714155
2022-11-07,GSCPI,-0.16307089887047116
2022-11-08,GSCPI,-0.11399525781885467
2022-11-09,GSCPI,-0.029379119464200017
2022-11-10,GSCPI,-0.04080024591404711
2022-11-11,GSCPI,-0.02894462341738314
2022-11-14,GSCPI,-0.03817579535029246
2022-11-15,GSCPI,-0.05019473768739053
2022-11-16,GSCPI,-0.04855272387646618
2022-11-17,GSCPI,-0.053661330019266935
2022-11-18,GSCPI,-0.0180207918589227
2022-11-21,GSCPI,-0.018355072756296793
2022-11-22,GSCPI,-0.017401140155801322
2022-11-23,GSCPI,0.04032282648920831
2022-11-24,GSCPI,0.022389719657189538
2022-11-25,GSCPI,0.03051556811239775
2022-11-28,GSCPI,0.02589483169018898
2022-11-29,GSCPI,0.020935451797221994
2022-11-30,GSCPI,0.05799588580309596
2022-12-01,GSCPI,0.053946041598431714
2022-12-02,GSCPI,0.057084545842446065
2022-12-05,GSCPI,-0.060907812078332624
2022-12-06,GSCPI,0.002068275361212832
2022-12-07,GSCPI,0.017552106683238256
2022-12-08,GSCPI,-0.042880316652977694
2022-12-09,GSCPI,-0.06559035725529537
2022-12-12,GSCPI,-0.07110694002873148
2022-12-13,GSCPI,-0.0064563520630362674
2022-12-14,GSCPI,0.12539345732928553
2022-12-15,GSCPI,0.11801423543136404
2022-12-16,GSCPI,0.13595867909108242
2022-12-19,GSCPI,0.14903342535584124
2022-12-20,GSCPI,0.1814498124883096
2022-12-21,GSCPI,0.19178518012639226
2022-12-22,GSCPI,0.14702784044517053
2022-12-23,GSCPI,0.2381850136280816
2022-12-28,GSCPI,0.20587196041063507
2022-12-29,GSCPI,0.20959835066119484
2022-12-30,GSCPI,0.24245044918542202
2023-01-03,GSCPI,0.2366276879223059
2023-01-04,GSCPI,0.4199908740597002
2023-01-05,GSCPI,0.4476995499177153
2023-01-06,GSCPI,0.3927966310156992
2023-01-09,GSCPI,0.32527188888108377
2023-01-10,GSCPI,0.2621245602394064
2023-01-11,GSCPI,0.30694718984333014
2023-01-12,GSCPI,0.31884547907359895
2023-01-13,GSCPI,0.3036700579588779
2023-01-16,GSCPI,0.27660530162253216
2023-01-17,GSCPI,0.2114989241152426
2023-01-18,GSCPI,0.20540766027121918
2023-01-19,GSCPI,0.16777958980950072
2023-01-20,GSCPI,0.1760370512063994
2023-01-23,GSCPI,0.11471223587297182
2023-01-24,GSCPI,0.17048110416373374
2023-01-25,GSCPI,0.1637294300116553
2023-01-26,GSCPI,0.10132486380910044
2023-01-27,GSCPI,0.10404696815335715
2023-01-30,GSCPI,0.09939033637636246
2023-01-31,GSCPI,0.09283705866869127
2023-02-01,GSCPI,0.06443961622175755
2023-02-02,GSCPI,-0.243919061963406
2023-02-03,GSCPI,-0.21814301292643257
2023-02-06,GSCPI,-0.19159792911346532
2023-02-07,GSCPI,-0.14040944953470205
2023-02-08,GSCPI,-0.13490532723810678
2023-02-09,GSCPI,-0.2103137286836169
2023-02-10,GSCPI,-0.19128413336642497
2023-02-13,GSCPI,-0.19576030961409854
2023-02-14,GSCPI,-0.19058837696938508
2023-02-15,GSCPI,-0.21573300003197707
2023-02-16,GSCPI,-0.21928421230189818
2023-02-17,GSCPI,-0.20189654019386752
2023-02-20,GSCPI,-0.23979992085547677
2023-02-21,GSCPI,-0.24487962729336227
2023-02-22,GSCPI,-0.22039630120998935
2023-02-23,GSCPI,-0.12345604903791539
2023-02-24,GSCPI,-0.142355418639778
2023-02-27,GSCPI,-0.13886034235359102
2023-02-28,GSCPI,-0.08792757350808776
2023-03-01,GSCPI,-0.10819870931674663
2023-03-02,GSCPI,-0.14743035551584477
2023-03-03,GSCPI,-0.14380936210270043
2023-03-06,GSCPI,-0.1952637060579501
2023-03-07,GSCPI,-0.11563009964716872
2023-03-08,GSCPI,-0.17550420709007614
2023-03-09,GSCPI,-0.18428464654916352
2023-03-10,GSCPI,-0.16427693766711463
2023-03-13,GSCPI,-0.14461937349439738
2023-03-14,GSCPI,-0.0716277361454958
2023-03-15,GSCPI,-0.022384817271101407
2023-03-16,GSCPI,-0.016729931446901453
2023-03-17,GSCPI,0.01530859841534975
2023-03-20,GSCPI,0.04614047884487037
2023-03-21,GSCPI,0.12564396804705216
2023-03-22,GSCPI,0.1539017883671123
2023-03-23,GSCPI,0.1283216501494074
2023-03-24,GSCPI,0.044914643572540824
2023-03-27,GSCPI,0.18603130717311567
2023-03-28,GSCPI,0.20089647828491866
2023-03-29,GSCPI,0.15831240373450495
2023-03-30,GSCPI,0.1679670956813131
2023-03-31,GSCPI,0.17285585829291722
2023-04-03,GSCPI,0.5455906263865181
2023-04-04,GSCPI,0.5456788031050538
2023-04-05,GSCPI,0.48745638845312117
2023-04-06,GSCPI,0.47939773214047765
2023-04-11,GSCPI,0.46631329178252773
2023-04-12,GSCPI,0.46152752611804043
2023-04-13,GSCPI,0.4250187506096238
2023-04-14,GSCPI,0.33088557297387927
2023-04-17,GSCPI,0.2830529920802032
2023-04-18,GSCPI,0.2562748898506953
2023-04-19,GSCPI,0.17966600776182853
2023-04-20,GSCPI,0.23400235250062212
2023-04-21,GSCPI,0.19353301569203832
2023-04-24,GSCPI,0.18613897142497546
2023-04-25,GSCPI,0.1921419765997691
2023-04-26,GSCPI,0.2777546065015473
2023-04-27,GSCPI,0.18620860083908095
2023-04-28,GSCPI,0.18380058619082676
2023-05-02,GSCPI,0.37318240978780964
2023-05-03,GSCPI,0.48425259303592827
2023-05-04,GSCPI,0.47703243145711943
2023-05-05,GSCPI,0.14363070329184535
2023-05-09,GSCPI,0.1996011824203754
2023-05-10,GSCPI,0.20152109661037496
2023-05-11,GSCPI,0.19958308442497355
2023-05-12,GSCPI,0.18546531351690487
2023-05-15,GSCPI,0.1878322919262878
2023-05-16,GSCPI,0.1768384723597881
2023-05-17,GSCPI,0.2191750320107517
2023-05-18,GSCPI,0.21443630701920768
2023-05-19,GSCPI,0.21363223708393125
2023-05-22,GSCPI,0.2189642882394692
2023-05-23,GSCPI,0.21191317431460122
2023-05-24,GSCPI,0.2364882252662896
2023-05-25,GSCPI,0.2645524476496094
2023-05-26,GSCPI,0.2484354912437263
2023-05-30,GSCPI,0.2598612429291934
2023-05-31,GSCPI,0.2587072906366585
2023-06-01,GSCPI,0.30744011392114545
2023-06-02,GSCPI,0.1723002813964155
2023-06-05,GSCPI,0.004259266456566322
2023-06-06,GSCPI,0.008157306343937304
2023-06-07,GSCPI,-0.092482631215139
2023-06-08,GSCPI,-0.130388779986231
2023-06-09,GSCPI,-0.12743512092038556
2023-06-12,GSCPI,-0.03887786440384718
2023-06-13,GSCPI,0.042260442396687345
2023-06-14,GSCPI,0.039017950588970444
2023-06-15,GSCPI,0.10861095064067974
2023-06-16,GSCPI,0.08166502445311777
2023-06-19,GSCPI,0.06937513196307024
2023-06-20,GSCPI,0.06911826455123272
2023-06-21,GSCPI,0.0816308593487563
2023-06-22,GSCPI,0.16874376968141852
2023-06-23,GSCPI,0.14568655116103954
2023-06-26,GSCPI,0.09643313836705525
2023-06-27,GSCPI,0.13002553978201542
2023-06-28,GSCPI,0.08048110121676672
2023-06-29,GSCPI,0.05371966268236301
2023-06-30,GSCPI,-0.0033194837888825563
2023-07-03,GSCPI,-0.04778045232112512
2023-07-04,GSCPI,-0.01310534705019902
2023-07-05,GSCPI,-0.012158948596014556
2023-07-06,GSCPI,-0.016692407749482583
2023-07-07,GSCPI,0.01695814083733164
2023-07-10,GSCPI,0.01018100836552579
2023-07-11,GSCPI,-0.10143181131278498
2023-07-12,GSCPI,-0.16865287417903405
2023-07-13,GSCPI,-0.18519033074677624
2023-07-14,GSCPI,-0.21520257169847254
2023-07-17,GSCPI,-0.1602868471895516
2023-07-18,GSCPI,-0.13361747103405322
2023-07-19,GSCPI,-0.13525914662566021
2023-07-20,GSCPI,-0.1484764268409994
2023-07-21,GSCPI,-0.28235768348897844
2023-07-24,GSCPI,-0.27592249181375167
2023-07-25,GSCPI,-0.2734200401591959
2023-07-26,GSCPI,-0.36617661429835296
2023-07-27,GSCPI,-0.3905401021771924
2023-07-28,GSCPI,-0.39014496844993163
2023-07-31,GSCPI,-0.3902194090200494
2023-08-01,GSCPI,-0.39176622851449305
2023-08-02,GSCPI,-0.37591560350155534
2023-08-03,GSCPI,-0.332733097237087
2023-08-04,GSCPI,-0.3305617221850267
2023-08-07,GSCPI,-0.3505624848603224
2023-08-08,GSCPI,-0.36482010655668556
2023-08-09,GSCPI,-0.3832800170750606
2023-08-10,GSCPI,-0.3191439331909494
2023-08-11,GSCPI,-0.3250361174484204
2023-08-14,GSCPI,-0.3605741933989086
2023-08-15,GSCPI,-0.42967605734266534
2023-08-16,GSCPI,-0.39989036365927805
2023-08-17,GSCPI,-0.39941933318324574
2023-08-18,GSCPI,-0.3974261859745897
2023-08-21,GSCPI,-0.4130902387905797
2023-08-22,GSCPI,-0.4293559066174899
2023-08-23,GSCPI,-0.43073664309157256
2023-08-24,GSCPI,-0.4349987582564242
2023-08-25,GSCPI,-0.43368050815498915
2023-08-29,GSCPI,-0.42249884708243163
2023-08-30,GSCPI,-0.4285202148894631
2023-08-31,GSCPI,-0.4235678850651996
2023-09-01,GSCPI,-0.3709193886589682
2023-09-04,GSCPI,-0.42709897964135135
2023-09-05,GSCPI,-0.4365637989319446
2023-09-06,GSCPI,-0.4541818510619843
2023-09-07,GSCPI,-0.4715928443683192
2023-09-08,GSCPI,-0.4882503495264321
2023-09-11,GSCPI,-0.5536175246367576
2023-09-12,GSCPI,-0.5266748509575947
2023-09-13,GSCPI,-0.527254404827678
2023-09-14,GSCPI,-0.5155726126648604
2023-09-15,GSCPI,-0.6054510834203806
2023-09-18,GSCPI,-0.6064104779565742
2023-09-19,GSCPI,-0.6050992768345199
2023-09-20,GSCPI,-0.5588384645177141
2023-09-21,GSCPI,-0.5572611751731127
2023-09-22,GSCPI,-0.5835970789022868
2023-09-25,GSCPI,-0.5819317004876133
2023-09-26,GSCPI,-0.5985289681058633
2023-09-27,GSCPI,-0.5342332950670429
2023-09-28,GSCPI,-0.5219058394846362
2023-09-29,GSCPI,-0.5020759946249839
2023-10-02,GSCPI,-0.3069152594381983
2023-10-03,GSCPI,-0.2027142802467786
2023-10-04,GSCPI,-0.013505600740264015
2023-10-05,GSCPI,0.0016799903829825128
2023-10-06,GSCPI,0.00041578868629885574
2023-10-09,GSCPI,0.10889486921504295
2023-10-10,GSCPI,0.1120583944131498
2023-10-11,GSCPI,0.15733306495911098
2023-10-12,GSCPI,0.165577369606319
2023-10-13,GSCPI,0.4004202142120895
2023-10-16,GSCPI,0.46154369015692515
2023-10-17,GSCPI,0.4773189631225039
2023-10-18,GSCPI,0.4777079541026528
2023-10-19,GSCPI,0.47507280814671254
2023-10-20,GSCPI,0.4729115161666744
2023-10-23,GSCPI,0.4917713472603671
2023-10-24,GSCPI,0.5730657530308907
2023-10-25,GSCPI,0.6045697257225394
2023-10-26,GSCPI,0.5709733672810481
2023-10-27,GSCPI,0.6113453649093972
2023-10-30,GSCPI,0.610055441481968
2023-10-31,GSCPI,0.5874180288909053
2023-11-01,GSCPI,0.5160098172291666
2023-11-02,GSCPI,0.4363324701132928
2023-11-03,GSCPI,0.43502104840223194
2023-11-06,GSCPI,0.43422173747731796
2023-11-07,GSCPI,0.43694742952217597
2023-11-08,GSCPI,0.45586187784980997
2023-11-09,GSCPI,0.409460006618384
2023-11-10,GSCPI,0.4378586669118685
2023-11-13,GSCPI,0.154937077880378
2023-11-14,GSCPI,0.09447901967150392
2023-11-15,GSCPI,0.08393894085995104
2023-11-16,GSCPI,0.24234098141765598
2023-11-17,GSCPI,0.3741064097009797
2023-11-20,GSCPI,0.4168581518735962
2023-11-21,GSCPI,0.4067964065100871
2023-11-22,GSCPI,0.3275682825783931
2023-11-23,GSCPI,0.2847378492809268
2023-11-24,GSCPI,0.27705732327465493
2023-11-27,GSCPI,0.2200191187303826
2023-11-28,GSCPI,0.281329494085388
2023-11-29,GSCPI,0.2097219485319847
2023-11-30,GSCPI,0.21914254554907436
2023-12-01,GSCPI,0.23506698155688222
2023-12-04,GSCPI,0.22775804843146824
2023-12-05,GSCPI,0.22958272540416813
2023-12-06,GSCPI,0.20180030418026
2023-12-07,GSCPI,0.1802973837708331
2023-12-08,GSCPI,0.22180249610455388
2023-12-11,GSCPI,0.17616076246647633
2023-12-12,GSCPI,0.18668815000916203
2023-12-13,GSCPI,0.18595018279881662
2023-12-14,GSCPI,0.2821264576519681
2023-12-15,GSCPI,0.09490439751157387
2023-12-18,GSCPI,0.003628820850865417
2023-12-19,GSCPI,-0.03432062770126526
2023-12-20,GSCPI,-0.01829892708742207
2023-12-21,GSCPI,-0.021194824161294777
2023-12-22,GSCPI,-0.027211160664262234
2023-12-27,GSCPI,-0.03398798174309602
2023-12-28,GSCPI,0.006915530168818144
2023-12-29,GSCPI,-0.03296936362563883
2024-01-02,GSCPI,-0.04198432896642378
2024-01-03,GSCPI,-0.03487159409059942
2024-01-04,GSCPI,-0.1064917510314083
2024-01-05,GSCPI,-0.02288761377359461
2024-01-08,GSCPI,0.05936476798606911
2024-01-09,GSCPI,0.027432523740262903
2024-01-10,GSCPI,0.027054120093061667
2024-01-11,GSCPI,0.02424246533676973
2024-01-12,GSCPI,0.025496308146619052
2024-01-15,GSCPI,-0.01681325445254295
2024-01-16,GSCPI,-0.01756657093104524
2024-01-17,GSCPI,-0.09249521008220221
2024-01-18,GSCPI,-0.04548475672542913
2024-01-19,GSCPI,-0.08872669199726888
2024-01-22,GSCPI,-0.08793628725752405
2024-01-23,GSCPI,-0.10467985425342194
2024-01-24,GSCPI,-0.10695800893109923
2024-01-25,GSCPI,-0.11116371907905813
2024-01-26,GSCPI,-0.10673781163358778
2024-01-29,GSCPI,-0.15901932542378447
2024-01-30,GSCPI,-0.19412966400576173
2024-01-31,GSCPI,-0.21107864510871507
2024-02-01,GSCPI,-0.2028630818570375
2024-02-02,GSCPI,-0.13624950523045304
2024-02-05,GSCPI,-0.2181578256700986
2024-02-06,GSCPI,-0.33844344312648555
2024-02-07,GSCPI,-0.4316929380066935
2024-02-08,GSCPI,-0.38955306041479093
2024-02-09,GSCPI,-0.43003252654140073
2024-02-12,GSCPI,-0.4341078994950792
2024-02-13,GSCPI,-0.43021482053820836
2024-02-14,GSCPI,-0.42617605421735605
2024-02-15,GSCPI,-0.464130269017761
2024-02-16,GSCPI,-0.5359461267851112
2024-02-19,GSCPI,-0.5383629713836112
2024-02-20,GSCPI,-0.5355852801064328
2024-02-21,GSCPI,-0.5359092784391933
2024-02-22,GSCPI,-0.5213931515564648
2024-02-23,GSCPI,-0.4683700761377513
2024-02-26,GSCPI,-0.48288209752936007
2024-02-27,GSCPI,-0.48886143231744494
2024-02-28,GSCPI,-0.48791001247543064
2024-02-29,GSCPI,-0.5092157724300905
2024-03-01,GSCPI,-0.5229860949870493
2024-03-04,GSCPI,-0.6495184887472644
2024-03-05,GSCPI,-0.6323578621307306
2024-03-06,GSCPI,-0.646203538511814
2024-03-07,GSCPI,-0.5779368585356937
2024-03-08,GSCPI,-0.6309069471727241
2024-03-11,GSCPI,-0.6210117064788482
2024-03-12,GSCPI,-0.621894187012577
2024-03-13,GSCPI,-0.6354117074231792
2024-03-14,GSCPI,-0.5438115957440953
2024-03-15,GSCPI,-0.5319545465336628
2024-03-18,GSCPI,-0.5184244823573755
2024-03-19,GSCPI,-0.5130285088374168
2024-03-20,GSCPI,-0.4800997329433663
2024-03-21,GSCPI,-0.46770286057615923
2024-03-22,GSCPI,-0.48687562730371287
2024-03-25,GSCPI,-0.5062826694996505
2024-03-26,GSCPI,-0.5052646434164841
2024-03-27,GSCPI,-0.4886521613212136
2024-03-28,GSCPI,-0.4678496051533239
2024-04-02,GSCPI,-0.44278378478419245
2024-04-03,GSCPI,-0.3391614375051812
2024-04-04,GSCPI,-0.3686878366077949
2024-04-05,GSCPI,-0.3221707581402086
2024-04-08,GSCPI,-0.30360596407147455
2024-04-09,GSCPI,-0.3561881791626699
2024-04-10,GSCPI,-0.35804880523100024
2024-04-11,GSCPI,-0.3764232657498766
2024-04-12,GSCPI,-0.3597169781154703
2024-04-15,GSCPI,-0.2782543139284816
2024-04-16,GSCPI,-0.3281113634401063
2024-04-17,GSCPI,-0.29535019684148284
2024-04-18,GSCPI,-0.284923498515473
2024-04-19,GSCPI,-0.2909449302314425
2024-04-22,GSCPI,-0.31855926325303974
2024-04-23,GSCPI,-0.32161825641137026
2024-04-24,GSCPI,-0.3187598607461039
2024-04-25,GSCPI,-0.32264994726225
2024-04-26,GSCPI,-0.28949767260262976
2024-04-29,GSCPI,-0.2729456391886044
2024-04-30,GSCPI,-0.2867259009711514
2024-05-01,GSCPI,-0.07943955566415628
2024-05-02,GSCPI,-0.159908485309039
2024-05-03,GSCPI,-0.14998674676573776
2024-05-07,GSCPI,-0.23321809879028463
2024-05-08,GSCPI,-0.23654992468123037
2024-05-09,GSCPI,-0.22446971631507262
2024-05-10,GSCPI,-0.22161849340292664
2024-05-13,GSCPI,-0.22238010388901877
2024-05-14,GSCPI,-0.2319566022390977
2024-05-15,GSCPI,-0.25818908525966666
2024-05-16,GSCPI,-0.20632652450298283
2024-05-17,GSCPI,-0.2128892495406424
2024-05-20,GSCPI,-0.22109325122349804
2024-05-21,GSCPI,-0.21907444262749307
2024-05-22,GSCPI,-0.20693438285426233
2024-05-23,GSCPI,-0.22769669648708865
2024-05-24,GSCPI,-0.2438630791963198
2024-05-28,GSCPI,-0.14113636913035676
2024-05-29,GSCPI,-0.19010028637544044
2024-05-30,GSCPI,-0.20279954252807603
2024-05-31,GSCPI,-0.1681851731708635
2024-06-03,GSCPI,-0.28047265629137796
2024-06-04,GSCPI,-0.30861045680043697
2024-06-05,GSCPI,-0.31287896614493255
2024-06-06,GSCPI,-0.21720875023096578
2024-06-07,GSCPI,-0.21006984422007632
2024-06-10,GSCPI,-0.18523301579537654
2024-06-11,GSCPI,-0.1794930234647056
2024-06-12,GSCPI,-0.17637100960658064
2024-06-13,GSCPI,-0.22059495676794644
2024-06-14,GSCPI,-0.23614052734852692
2024-06-17,GSCPI,-0.26149497375656133
2024-06-18,GSCPI,-0.19923866436796256
2024-06-19,GSCPI,-0.19666559443406448
2024-06-20,GSCPI,-0.2069130214773146
2024-06-21,GSCPI,-0.23996821770788238
2024-06-24,GSCPI,-0.25348939378824464
2024-06-25,GSCPI,-0.2590172132301418
2024-06-26,GSCPI,-0.30372471505621385
2024-06-27,GSCPI,-0.29126168903967176
2024-06-28,GSCPI,-0.2929949098458152
2024-07-01,GSCPI,-0.3588440011800352
2024-07-02,GSCPI,-0.5447164111905418
2024-07-03,GSCPI,-0.601886037435983
2024-07-04,GSCPI,-0.601807556838621
2024-07-05,GSCPI,-0.6749624689977654
2024-07-08,GSCPI,-0.5966711943621268
2024-07-09,GSCPI,-0.6035641809339215
2024-07-10,GSCPI,-0.6036679775343734
2024-07-11,GSCPI,-0.6012189635534804
2024-07-12,GSCPI,-0.6042686392077045
2024-07-15,GSCPI,-0.5787502405095725
2024-07-16,GSCPI,-0.5902463481263474
2024-07-17,GSCPI,-0.6797496915960577
2024-07-18,GSCPI,-0.6899799992660254
2024-07-19,GSCPI,-0.6667755404798582
2024-07-22,GSCPI,-0.6159667520866465
2024-07-23,GSCPI,-0.5975445257197061
2024-07-24,GSCPI,-0.5783602757267717
2024-07-25,GSCPI,-0.5911742786013188
2024-07-26,GSCPI,-0.609622286853691
2024-07-29,GSCPI,-0.6149577758921962
2024-07-30,GSCPI,-0.5771217475862319
2024-07-31,GSCPI,-0.5262989783634047
2024-08-01,GSCPI,-0.5262159521448698
2024-08-02,GSCPI,-0.40813952528143127
2024-08-05,GSCPI,-0.4155771142413705
2024-08-06,GSCPI,-0.4253871925204201
2024-08-07,GSCPI,-0.3509711666720888
2024-08-08,GSCPI,-0.23238611627146932
2024-08-09,GSCPI,-0.2286949023219016
2024-08-12,GSCPI,-0.17900783444718263
2024-08-13,GSCPI,-0.1833837119194291
2024-08-14,GSCPI,-0.18454357221802645
2024-08-15,GSCPI,-0.17487148982617862
2024-08-16,GSCPI,-0.15740649892854716
2024-08-19,GSCPI,-0.16476061542431586
2024-08-20,GSCPI,-0.13966912230134476
2024-08-21,GSCPI,-0.15255057260973298
2024-08-22,GSCPI,-0.16376519188375313
2024-08-23,GSCPI,-0.12801328063414183
2024-08-27,GSCPI,-0.12670084216341532
2024-08-28,GSCPI,-0.10318120455833195
2024-08-29,GSCPI,-0.11264974235053712
2024-08-30,GSCPI,-0.14502015223718365
2024-09-02,GSCPI,-0.08149704771077738
2024-09-03,GSCPI,-0.16189950469107156
2024-09-04,GSCPI,-0.1294848534906759
2024-09-05,GSCPI,-0.13749525994735823
2024-09-06,GSCPI,-0.15058636118560473
2024-09-09,GSCPI,-0.26241375007522694
2024-09-10,GSCPI,-0.22673317993230455
2024-09-11,GSCPI,-0.31507454880031344
2024-09-12,GSCPI,-0.04963221415335168
2024-09-13,GSCPI,-0.04886500816688691
2024-09-16,GSCPI,-0.06348375239790081
2024-09-17,GSCPI,-0.06547057068931192
2024-09-18,GSCPI,-0.06475930058225518
2024-09-19,GSCPI,-0.07621237363015736
2024-09-20,GSCPI,-0.07593871554698166
2024-09-23,GSCPI,-0.06644265373987741
2024-09-24,GSCPI,-0.1000046227298587
2024-09-25,GSCPI,-0.12314690074672602
2024-09-26,GSCPI,-0.08125464476642175
2024-09-27,GSCPI,-0.10935800334191827
2024-09-30,GSCPI,-0.10060647509607029
2024-10-01,GSCPI,-0.010078959914036553
2024-10-02,GSCPI,-0.0278975948672131
2024-10-03,GSCPI,0.021484790428258356
2024-10-04,GSCPI,0.04710704484383035
2024-10-07,GSCPI,0.04491354657445396
2024-10-08,GSCPI,0.18867001524649055
2024-10-09,GSCPI,0.14511875058786824
2024-10-10,GSCPI,0.18437329424742188
2024-10-11,GSCPI,0.056942214928302266
2024-10-14,GSCPI,0.10075306450923556
2024-10-15,GSCPI,0.33827880046508974
2024-10-16,GSCPI,0.334690654898836
2024-10-17,GSCPI,0.3400201732967043
2024-10-18,GSCPI,0.3431958121775457
2024-10-21,GSCPI,0.34744272434144047
2024-10-22,GSCPI,0.3930804763033352
2024-10-23,GSCPI,0.40042190796593385
2024-10-24,GSCPI,0.4017804558166127
2024-10-25,GSCPI,0.36311161715736107
2024-10-28,GSCPI,0.47716986876769757
2024-10-29,GSCPI,0.47815326887354587
2024-10-30,GSCPI,0.4373076950045705
2024-10-31,GSCPI,0.43607403995319377
2024-11-01,GSCPI,0.3625328947558486
2024-11-04,GSCPI,0.34925140598931365
2024-11-05,GSCPI,0.3400978948794581
2024-11-06,GSCPI,0.24057882844130826
2024-11-07,GSCPI,0.2347903001054419
2024-11-08,GSCPI,0.1950005920727106
2024-11-11,GSCPI,0.20975095919008077
2024-11-12,GSCPI,0.19442486972056228
2024-11-13,GSCPI,-0.037576318388843635
2024-11-14,GSCPI,-0.033520693877551466
2024-11-15,GSCPI,-0.0407537413288619
2024-11-18,GSCPI,-0.06704241289212845
2024-11-19,GSCPI,-0.06997429466293653
2024-11-20,GSCPI,-0.14661629399235312
2024-11-21,GSCPI,-0.14949211672505483
2024-11-22,GSCPI,-0.1399457330941999
2024-11-25,GSCPI,-0.11803889727769815
2024-11-26,GSCPI,-0.3382320001604305
2024-11-27,GSCPI,-0.3431845777400511
2024-11-28,GSCPI,-0.4284268985885869
2024-11-29,GSCPI,-0.4276604415449794
2024-12-02,GSCPI,-0.3942306081940117
2024-12-03,GSCPI,-0.3471654786958068
2024-12-04,GSCPI,-0.43284551752351347
2024-12-05,GSCPI,-0.42279072793684913
2024-12-06,GSCPI,-0.43133519758647315
2024-12-09,GSCPI,-0.4851840667059612
2024-12-10,GSCPI,-0.5662058160960074
2024-12-11,GSCPI,-0.5577469709164471
2024-12-12,GSCPI,-0.5390334441289327
2024-12-13,GSCPI,-0.5043695123213714
2024-12-16,GSCPI,-0.4951798411965668
2024-12-17,GSCPI,-0.48522553976500266
2024-12-18,GSCPI,-0.441351937495698
2024-12-19,GSCPI,-0.4279706793474778
2024-12-20,GSCPI,-0.43597701309236553
2024-12-23,GSCPI,-0.443644469783672
2024-12-24,GSCPI,-0.45352649749026097
2024-12-27,GSCPI,-0.4537483776789746
2024-12-30,GSCPI,-0.4575558049133907
2024-12-31,GSCPI,-0.45556189989236817
