date,regime_label,regime_prob,method
2010-08-31,Normal,6.998037216436567e-37,HMM
2010-09-01,Normal,7.961229759146219e-10,HMM
2010-09-02,Normal,7.997746045560475e-10,HMM
2010-09-03,Normal,7.989248787734014e-10,HMM
2010-09-07,Normal,8.04355334998663e-10,HMM
2010-09-08,Normal,7.469215147482466e-10,HMM
2010-09-09,Normal,7.753415168900113e-10,HMM
2010-09-10,Normal,8.382691946931351e-10,HMM
2010-09-13,Normal,8.505116597700184e-10,HMM
2010-09-14,Normal,9.001727697072314e-10,HMM
2010-09-15,Normal,9.049304754281973e-10,HMM
2010-09-16,Normal,9.93866369687057e-10,HMM
2010-09-17,Normal,1.0098941743317394e-9,HMM
2010-09-20,Normal,9.447682626161456e-10,HMM
2010-09-21,Normal,9.851987858421285e-10,HMM
2010-09-22,Normal,9.35466348686981e-10,HMM
2010-09-23,Normal,1.1246992602553958e-9,HMM
2010-09-24,Normal,1.1155074057278878e-9,HMM
2010-09-27,Normal,1.5121943469235501e-9,HMM
2010-09-28,Normal,1.4647921965324847e-9,HMM
2010-09-29,Normal,1.4757396307089076e-9,HMM
2010-09-30,Normal,1.388977797340475e-9,HMM
2010-10-01,Normal,1.3154912790018164e-9,HMM
2010-10-04,Normal,1.3429267053889012e-9,HMM
2010-10-05,Normal,1.338881961391688e-9,HMM
2010-10-06,Normal,1.3035014621436216e-9,HMM
2010-10-07,Normal,1.285062157829061e-9,HMM
2010-10-08,Normal,1.2851240537803346e-9,HMM
2010-10-11,Normal,1.2656061868039657e-9,HMM
2010-10-12,Normal,1.27874429615011e-9,HMM
2010-10-13,Normal,1.2638285339668867e-9,HMM
2010-10-14,Normal,1.2637536630154196e-9,HMM
2010-10-15,Normal,1.1856903922961274e-9,HMM
2010-10-18,Normal,1.2586283707863892e-9,HMM
2010-10-19,Normal,1.3105059477109888e-9,HMM
2010-10-20,Normal,1.3226891501822143e-9,HMM
2010-10-21,Normal,1.3967166727073828e-9,HMM
2010-10-22,Normal,1.3833291543322418e-9,HMM
2010-10-25,Normal,1.3787251262420877e-9,HMM
2010-10-26,Normal,1.4189207781834748e-9,HMM
2010-10-27,Normal,1.4027802587617343e-9,HMM
2010-10-28,Normal,1.34045473547446e-9,HMM
2010-10-29,Normal,1.436210838716849e-9,HMM
2010-11-01,Normal,1.4754474465267934e-9,HMM
2010-11-02,Normal,1.4789893737524405e-9,HMM
2010-11-03,Normal,1.4710711348204331e-9,HMM
2010-11-04,Normal,1.4889805664563473e-9,HMM
2010-11-05,Normal,1.5564716814387352e-9,HMM
2010-11-08,Normal,1.5564140285059716e-9,HMM
2010-11-09,Normal,1.579395052820586e-9,HMM
2010-11-10,Normal,1.5809723396950856e-9,HMM
2010-11-11,Normal,1.6038022091122279e-9,HMM
2010-11-12,Normal,1.475478054783199e-9,HMM
2010-11-15,Normal,1.559111040920204e-9,HMM
2010-11-16,Normal,1.4774688077940097e-9,HMM
2010-11-17,Normal,1.51454746403583e-9,HMM
2010-11-18,Normal,1.5198898497915478e-9,HMM
2010-11-19,Normal,1.5154755652399374e-9,HMM
2010-11-22,Normal,1.5010357477091846e-9,HMM
2010-11-23,Normal,1.5435659671731524e-9,HMM
2010-11-24,Normal,1.416160083109142e-9,HMM
2010-11-26,Normal,1.4839704502738602e-9,HMM
2010-11-29,Normal,1.5363295556550447e-9,HMM
2010-11-30,Normal,1.5508086649072928e-9,HMM
2010-12-01,Normal,1.4503618346574738e-9,HMM
2010-12-02,Normal,1.4468763770113878e-9,HMM
2010-12-03,Normal,1.4234834529630559e-9,HMM
2010-12-06,Normal,1.4667747470533005e-9,HMM
2010-12-07,Normal,1.455070419981356e-9,HMM
2010-12-08,Normal,1.4186533491405154e-9,HMM
2010-12-09,Normal,1.430534053517772e-9,HMM
2010-12-10,Normal,1.4248202842756997e-9,HMM
2010-12-13,Normal,1.4102426310929064e-9,HMM
2010-12-14,Normal,1.5427919419234139e-9,HMM
2010-12-15,Normal,1.5746370322319865e-9,HMM
2010-12-16,Normal,4.104185125775438e-6,HMM
2010-12-17,Crisis,1.0,HMM
2010-12-20,Crisis,1.0,HMM
2010-12-21,Crisis,1.0,HMM
2010-12-22,Crisis,1.0,HMM
2010-12-23,Crisis,1.0,HMM
2010-12-27,Crisis,1.0,HMM
2010-12-28,Crisis,1.0,HMM
2010-12-29,Crisis,1.0,HMM
2010-12-30,Crisis,1.0,HMM
2010-12-31,Crisis,1.0,HMM
2011-01-03,Crisis,1.0,HMM
2011-01-04,Normal,4.0832224909178595e-6,HMM
2011-01-05,Normal,1.6192346188740162e-9,HMM
2011-01-06,Normal,1.6132598557939763e-9,HMM
2011-01-07,Normal,1.6372396938168108e-9,HMM
2011-01-10,Normal,1.6283709346940006e-9,HMM
2011-01-11,Normal,1.585819679529189e-9,HMM
2011-01-12,Normal,1.5816306336843253e-9,HMM
2011-01-13,Normal,1.5785631464201618e-9,HMM
2011-01-14,Normal,1.579753575644955e-9,HMM
2011-01-18,Normal,1.5852003158110302e-9,HMM
2011-01-19,Normal,1.586546142666452e-9,HMM
2011-01-20,Normal,1.445816137266487e-9,HMM
2011-01-21,Normal,1.508931743070879e-9,HMM
2011-01-24,Normal,1.509279361465891e-9,HMM
2011-01-25,Normal,1.5088084916347554e-9,HMM
2011-01-26,Normal,1.5030336816584742e-9,HMM
2011-01-27,Normal,1.5032343718855293e-9,HMM
2011-01-28,Normal,1.4997422446881602e-9,HMM
2011-01-31,Normal,1.4753964009731192e-9,HMM
2011-02-01,Normal,1.4537155052282172e-9,HMM
2011-02-02,Normal,1.5829171035107566e-9,HMM
2011-02-03,Normal,1.7812117705305726e-9,HMM
2011-02-04,Normal,1.6547493783692017e-9,HMM
2011-02-07,Normal,1.6567242639598619e-9,HMM
2011-02-08,Normal,1.6767663663504772e-9,HMM
2011-02-09,Normal,1.6745107132129201e-9,HMM
2011-02-10,Normal,1.7420888557160618e-9,HMM
2011-02-11,Normal,1.7416343634651575e-9,HMM
2011-02-14,Normal,1.5148629112916601e-9,HMM
2011-02-15,Normal,1.4995499268243638e-9,HMM
2011-02-16,Normal,1.5010376835250474e-9,HMM
2011-02-17,Normal,1.5002062766655792e-9,HMM
2011-02-18,Normal,1.5890627667053332e-9,HMM
2011-02-22,Normal,1.2428134491096861e-9,HMM
2011-02-23,Normal,1.1686208253768142e-9,HMM
2011-02-24,Normal,1.0378630159404023e-9,HMM
2011-02-25,Normal,9.580014868244572e-10,HMM
2011-02-28,Normal,9.5893128461179e-10,HMM
2011-03-01,Normal,9.586733580598177e-10,HMM
2011-03-02,Normal,9.094134005742857e-10,HMM
2011-03-03,Normal,8.266055564955498e-10,HMM
2011-03-04,Normal,8.248609919972733e-10,HMM
2011-03-07,Normal,8.255683038970097e-10,HMM
2011-03-08,Normal,7.301427389731658e-10,HMM
2011-03-09,Normal,1.7286048267234328e-6,HMM
2011-03-10,Crisis,1.0,HMM
2011-03-11,Crisis,1.0,HMM
2011-03-14,Crisis,1.0,HMM
2011-03-15,Crisis,1.0,HMM
2011-03-16,Crisis,1.0,HMM
2011-03-17,Crisis,1.0,HMM
2011-03-18,Crisis,1.0,HMM
2011-03-21,Crisis,1.0,HMM
2011-03-22,Crisis,1.0,HMM
2011-03-23,Crisis,1.0,HMM
2011-03-24,Crisis,1.0,HMM
2011-03-25,Normal,2.5873675669452243e-6,HMM
2011-03-28,Normal,1.1274728108038369e-9,HMM
2011-03-29,Normal,1.1210629865757735e-9,HMM
2011-03-30,Normal,1.1298728290355162e-9,HMM
2011-03-31,Normal,1.254875110821436e-9,HMM
2011-04-01,Normal,1.3095182641921647e-9,HMM
2011-04-04,Normal,1.3063947199656182e-9,HMM
2011-04-05,Normal,1.2330984547748785e-9,HMM
2011-04-06,Normal,1.5498771160707194e-9,HMM
2011-04-07,Normal,1.6610932023991858e-9,HMM
2011-04-08,Normal,1.5694867250043157e-9,HMM
2011-04-11,Normal,1.5720881587930808e-9,HMM
2011-04-12,Normal,1.2132993258635227e-9,HMM
2011-04-13,Normal,1.2764215164088793e-9,HMM
2011-04-14,Normal,1.2796264684136639e-9,HMM
2011-04-15,Normal,1.368938681434729e-9,HMM
2011-04-18,Normal,1.2364735996815085e-9,HMM
2011-04-19,Normal,1.2336121984421988e-9,HMM
2011-04-20,Normal,1.1641643611799146e-9,HMM
2011-04-21,Normal,1.154746851788976e-9,HMM
2011-04-26,Normal,1.1573469184991123e-9,HMM
2011-04-27,Normal,1.1591548639239354e-9,HMM
2011-04-28,Normal,1.1462813233307953e-9,HMM
2011-05-02,Normal,1.1527030920026132e-9,HMM
2011-05-03,Normal,1.0671368258769977e-9,HMM
2011-05-04,Normal,1.013813802959312e-9,HMM
2011-05-05,Normal,4.848397231681554e-10,HMM
2011-05-06,Normal,4.782294072439382e-10,HMM
2011-05-09,Normal,5.186153290561315e-10,HMM
2011-05-10,Normal,4.168363182868801e-10,HMM
2011-05-11,Normal,4.044662101564948e-10,HMM
2011-05-12,Normal,4.323932937432815e-10,HMM
2011-05-13,Normal,4.320013551554154e-10,HMM
2011-05-16,Normal,5.00167432227591e-10,HMM
2011-05-17,Normal,4.4855327399748546e-10,HMM
2011-05-18,Normal,3.956073800786669e-10,HMM
2011-05-19,Normal,4.0857581433392136e-10,HMM
2011-05-20,Normal,4.1851164981352794e-10,HMM
2011-05-23,Normal,4.168831515274201e-10,HMM
2011-05-24,Normal,4.2291073879871065e-10,HMM
2011-05-25,Normal,4.015464502163959e-10,HMM
2011-05-26,Normal,4.0352433381428456e-10,HMM
2011-05-27,Normal,4.0547512868514523e-10,HMM
2011-05-31,Normal,3.9227417745106154e-10,HMM
2011-06-01,Normal,3.917436221704908e-10,HMM
2011-06-02,Normal,3.982173346971345e-10,HMM
2011-06-03,Normal,4.070557019054995e-10,HMM
2011-06-06,Normal,8.573562810932678e-10,HMM
2011-06-07,Normal,8.771009622945996e-10,HMM
2011-06-08,Normal,8.458565785043918e-10,HMM
2011-06-09,Normal,1.0120698822743082e-9,HMM
2011-06-10,Normal,1.0454814849130243e-9,HMM
2011-06-13,Normal,1.1226399291028842e-9,HMM
2011-06-14,Normal,1.1200887653199268e-9,HMM
2011-06-15,Normal,8.228260050991497e-10,HMM
2011-06-16,Normal,1.0045439294476736e-9,HMM
2011-06-17,Normal,1.0939118471287268e-9,HMM
2011-06-20,Normal,1.071936934627935e-9,HMM
2011-06-21,Normal,1.1149693071084305e-9,HMM
2011-06-22,Normal,1.1081920869717853e-9,HMM
2011-06-23,Normal,8.865522786797847e-10,HMM
2011-06-24,Normal,8.374025909192495e-10,HMM
2011-06-27,Normal,8.461941945801045e-10,HMM
2011-06-28,Normal,7.431578521654847e-10,HMM
2011-06-29,Normal,6.577353839038363e-10,HMM
2011-06-30,Normal,6.603528952999278e-10,HMM
2011-07-01,Normal,6.580105388528828e-10,HMM
2011-07-05,Normal,5.862551004032223e-10,HMM
2011-07-06,Normal,5.861080329440943e-10,HMM
2011-07-07,Normal,5.142103397791857e-10,HMM
2011-07-08,Normal,5.376187255570033e-10,HMM
2011-07-11,Normal,5.490323668776945e-10,HMM
2011-07-12,Normal,5.553138097806484e-10,HMM
2011-07-13,Normal,5.647658418763683e-10,HMM
2011-07-14,Normal,5.600818367834797e-10,HMM
2011-07-15,Normal,7.334236876676292e-10,HMM
2011-07-18,Normal,7.246993244240684e-10,HMM
2011-07-19,Normal,7.276285886359919e-10,HMM
2011-07-20,Normal,7.505484102779029e-10,HMM
2011-07-21,Normal,7.500305739377241e-10,HMM
2011-07-22,Normal,7.609690037050991e-10,HMM
2011-07-25,Normal,1.0367619408009234e-9,HMM
2011-07-26,Normal,1.242218446669882e-9,HMM
2011-07-27,Normal,1.2443584098864177e-9,HMM
2011-07-28,Normal,1.3410022591092451e-9,HMM
2011-07-29,Normal,1.464219290842016e-9,HMM
2011-08-01,Normal,1.4635134221392603e-9,HMM
2011-08-02,Normal,1.5396419108035037e-9,HMM
2011-08-03,Normal,1.640614576684835e-9,HMM
2011-08-04,Normal,1.4312502599776296e-9,HMM
2011-08-05,Normal,1.5682409146951558e-9,HMM
2011-08-08,Normal,1.3695306657549199e-9,HMM
2011-08-09,Normal,1.3499684219398982e-9,HMM
2011-08-10,Normal,1.3449180812446834e-9,HMM
2011-08-11,Normal,1.0707313826395418e-9,HMM
2011-08-12,Normal,1.0668482507594552e-9,HMM
2011-08-15,Normal,1.0644312423931224e-9,HMM
2011-08-16,Normal,1.0523258012253034e-9,HMM
2011-08-17,Normal,1.0286631460212757e-9,HMM
2011-08-18,Normal,9.615928558058567e-10,HMM
2011-08-19,Normal,9.407066510315235e-10,HMM
2011-08-22,Normal,9.529306301251905e-10,HMM
2011-08-23,Normal,9.165906786187379e-10,HMM
2011-08-24,Normal,8.841248567487075e-10,HMM
2011-08-25,Normal,8.836272435896144e-10,HMM
2011-08-26,Normal,8.815593451657038e-10,HMM
2011-08-30,Normal,8.158754092824589e-10,HMM
2011-08-31,Normal,8.114121084127567e-10,HMM
2011-09-01,Normal,8.124626138832484e-10,HMM
2011-09-02,Normal,8.531185711625972e-10,HMM
2011-09-06,Normal,9.048154046917153e-10,HMM
2011-09-07,Normal,8.964473112929875e-10,HMM
2011-09-08,Normal,1.1243205825131701e-9,HMM
2011-09-09,Normal,9.957459370498681e-10,HMM
2011-09-12,Normal,9.885145718695473e-10,HMM
2011-09-13,Normal,1.1419681290575756e-9,HMM
2011-09-14,Normal,1.1232911776715354e-9,HMM
2011-09-15,Normal,1.0067024673196673e-9,HMM
2011-09-16,Normal,1.0024965951289161e-9,HMM
2011-09-19,Normal,9.077997585249672e-10,HMM
2011-09-20,Normal,9.928689203917708e-10,HMM
2011-09-21,Normal,9.972410820093677e-10,HMM
2011-09-22,Normal,7.708721755220268e-10,HMM
2011-09-23,Normal,7.897342795532972e-10,HMM
2011-09-26,Normal,8.009324706371556e-10,HMM
2011-09-27,Normal,7.747285654488908e-10,HMM
2011-09-28,Normal,7.702795218975559e-10,HMM
2011-09-29,Normal,8.61758695455572e-10,HMM
2011-09-30,Normal,8.62349415442361e-10,HMM
2011-10-03,Normal,8.485084314178512e-10,HMM
2011-10-04,Normal,8.348892565162262e-10,HMM
2011-10-05,Normal,8.082019399567901e-10,HMM
2011-10-06,Normal,9.962033925111155e-10,HMM
2011-10-07,Normal,9.233888455512167e-10,HMM
2011-10-10,Normal,8.649142148438392e-10,HMM
2011-10-11,Normal,8.649841906843775e-10,HMM
2011-10-12,Normal,7.699424157687195e-10,HMM
2011-10-13,Normal,7.7653766318647e-10,HMM
2011-10-14,Normal,8.532563938807183e-10,HMM
2011-10-17,Normal,8.404469172670499e-10,HMM
2011-10-18,Normal,9.249015642161971e-10,HMM
2011-10-19,Normal,9.473405117268133e-10,HMM
2011-10-20,Normal,8.845131536527583e-10,HMM
2011-10-21,Normal,1.0491293436966977e-9,HMM
2011-10-24,Normal,1.0494194238153228e-9,HMM
2011-10-25,Normal,1.0730706107059051e-9,HMM
2011-10-26,Normal,1.0634782585264969e-9,HMM
2011-10-27,Normal,1.0381615337241556e-9,HMM
2011-10-28,Normal,9.95402986024484e-10,HMM
2011-10-31,Normal,1.000250068233514e-9,HMM
2011-11-01,Normal,1.01669101787612e-9,HMM
2011-11-02,Normal,9.295137058190518e-10,HMM
2011-11-03,Normal,9.553938188471855e-10,HMM
2011-11-04,Normal,9.44505575924352e-10,HMM
2011-11-07,Normal,9.372573273549312e-10,HMM
2011-11-08,Normal,1.0091456917168361e-9,HMM
2011-11-09,Normal,1.008721872146178e-9,HMM
2011-11-10,Normal,1.06686557764048e-9,HMM
2011-11-11,Normal,1.055430821557743e-9,HMM
2011-11-14,Normal,1.0559328968179032e-9,HMM
2011-11-15,Normal,1.0714860112441814e-9,HMM
2011-11-16,Normal,1.079086769208317e-9,HMM
2011-11-17,Normal,1.0054749143982018e-9,HMM
2011-11-18,Normal,1.0627939933002891e-9,HMM
2011-11-21,Normal,1.1191440291045028e-9,HMM
2011-11-22,Normal,1.0685573827262653e-9,HMM
2011-11-23,Normal,1.0666769933799705e-9,HMM
2011-11-25,Normal,1.0871623828768862e-9,HMM
2011-11-28,Normal,9.955108425743122e-10,HMM
2011-11-29,Normal,1.0163326068035104e-9,HMM
2011-11-30,Normal,1.048044103740686e-9,HMM
2011-12-01,Normal,1.0078379498180456e-9,HMM
2011-12-02,Normal,1.18690188068611e-9,HMM
2011-12-05,Normal,1.181759644965029e-9,HMM
2011-12-06,Normal,1.2120414274762883e-9,HMM
2011-12-07,Normal,1.3114059173823176e-9,HMM
2011-12-08,Normal,1.2924937459231143e-9,HMM
2011-12-09,Normal,1.29250624661577e-9,HMM
2011-12-12,Normal,1.3301113626399764e-9,HMM
2011-12-13,Normal,1.3124494820184205e-9,HMM
2011-12-14,Normal,1.1916978121569912e-9,HMM
2011-12-15,Normal,1.181874005806074e-9,HMM
2011-12-16,Normal,1.183189793033633e-9,HMM
2011-12-19,Normal,1.24645692321912e-9,HMM
2011-12-20,Normal,1.1067938410352513e-9,HMM
2011-12-21,Normal,1.153576750178828e-9,HMM
2011-12-22,Normal,1.1835777708413361e-9,HMM
2011-12-23,Normal,1.1980613625463431e-9,HMM
2011-12-28,Normal,1.162611375810416e-9,HMM
2011-12-29,Normal,1.323151402871372e-9,HMM
2011-12-30,Normal,1.3571448894264536e-9,HMM
2012-01-03,Normal,1.210851963519e-9,HMM
2012-01-04,Normal,1.2343023395228322e-9,HMM
2012-01-05,Normal,1.2386384216822262e-9,HMM
2012-01-06,Normal,1.2002841598202709e-9,HMM
2012-01-09,Normal,1.1882938159873097e-9,HMM
2012-01-10,Normal,1.1318756316778614e-9,HMM
2012-01-11,Normal,1.143609621910486e-9,HMM
2012-01-12,Normal,1.1326883816031734e-9,HMM
2012-01-13,Normal,1.0141878674744747e-9,HMM
2012-01-17,Normal,1.0310638365875771e-9,HMM
2012-01-18,Normal,1.188471649003152e-9,HMM
2012-01-19,Normal,1.214774488051786e-9,HMM
2012-01-20,Normal,1.2006721254561554e-9,HMM
2012-01-23,Normal,1.1950362125595418e-9,HMM
2012-01-24,Normal,1.3275631416911435e-9,HMM
2012-01-25,Normal,1.3279345864882923e-9,HMM
2012-01-26,Normal,1.3373607219325734e-9,HMM
2012-01-27,Normal,1.308705394210994e-9,HMM
2012-01-30,Normal,1.3601706984377642e-9,HMM
2012-01-31,Normal,1.3706799419622925e-9,HMM
2012-02-01,Normal,1.3517906531794415e-9,HMM
2012-02-02,Normal,1.482662269042705e-9,HMM
2012-02-03,Normal,1.528078161350633e-9,HMM
2012-02-06,Normal,1.3896156757365422e-9,HMM
2012-02-07,Normal,1.4178235064920074e-9,HMM
2012-02-08,Normal,1.439848986417232e-9,HMM
2012-02-09,Normal,1.4931474388970365e-9,HMM
2012-02-10,Normal,1.5531313411766598e-9,HMM
2012-02-13,Normal,1.571367949583483e-9,HMM
2012-02-14,Normal,1.804741647403307e-9,HMM
2012-02-15,Normal,1.7593362121203064e-9,HMM
2012-02-16,Normal,1.7938874268116634e-9,HMM
2012-02-17,Normal,1.7934494807910794e-9,HMM
2012-02-21,Normal,1.852837896134136e-9,HMM
2012-02-22,Normal,1.805020723749166e-9,HMM
2012-02-23,Normal,1.874430709612297e-9,HMM
2012-02-24,Normal,1.880529015912627e-9,HMM
2012-02-27,Normal,1.870955233266053e-9,HMM
2012-02-28,Normal,1.6922846326184067e-9,HMM
2012-02-29,Normal,1.6075091069336844e-9,HMM
2012-03-01,Normal,1.489296956882868e-9,HMM
2012-03-02,Normal,1.5040093181979204e-9,HMM
2012-03-05,Normal,1.5551937516916156e-9,HMM
2012-03-06,Normal,1.492340787921303e-9,HMM
2012-03-07,Normal,1.5968338661732516e-9,HMM
2012-03-08,Normal,1.5469490110783843e-9,HMM
2012-03-09,Normal,1.5448469753544708e-9,HMM
2012-03-12,Normal,1.5304518824740152e-9,HMM
2012-03-13,Normal,1.5365243364539006e-9,HMM
2012-03-14,Normal,1.5007757048278847e-9,HMM
2012-03-15,Normal,1.3357739389720014e-9,HMM
2012-03-16,Normal,1.35725411498362e-9,HMM
2012-03-19,Normal,1.3585604925740393e-9,HMM
2012-03-20,Normal,1.3313944000860024e-9,HMM
2012-03-21,Normal,1.3260629012764182e-9,HMM
2012-03-22,Normal,1.3594512781464518e-9,HMM
2012-03-23,Normal,1.2941204459832438e-9,HMM
2012-03-26,Normal,1.2912443262238068e-9,HMM
2012-03-27,Normal,1.3155971142829675e-9,HMM
2012-03-28,Normal,1.3776037679207508e-9,HMM
2012-03-29,Normal,1.4018397170692718e-9,HMM
2012-03-30,Normal,1.5873643748236194e-9,HMM
2012-04-02,Normal,1.5688810717251293e-9,HMM
2012-04-04,Normal,1.5548103801416805e-9,HMM
2012-04-05,Normal,1.5829973984078459e-9,HMM
2012-04-10,Normal,1.5473757509526236e-9,HMM
2012-04-11,Normal,1.6484274056040122e-9,HMM
2012-04-12,Normal,1.6476342242169025e-9,HMM
2012-04-13,Normal,1.6486644222332913e-9,HMM
2012-04-16,Normal,1.6037497677089932e-9,HMM
2012-04-17,Normal,1.608207601228486e-9,HMM
2012-04-18,Normal,1.6806567192342728e-9,HMM
2012-04-19,Normal,1.6453145500687772e-9,HMM
2012-04-20,Normal,1.6250653766949744e-9,HMM
2012-04-23,Normal,1.6205713098401448e-9,HMM
2012-04-24,Normal,1.586033095970053e-9,HMM
2012-04-25,Normal,1.6064180223757117e-9,HMM
2012-04-26,Normal,1.6732134336242524e-9,HMM
2012-04-27,Normal,1.686802436798357e-9,HMM
2012-04-30,Normal,1.6859882458732804e-9,HMM
2012-05-01,Normal,1.6658726859283248e-9,HMM
2012-05-02,Normal,1.6247779748741728e-9,HMM
2012-05-03,Normal,1.5956771509544179e-9,HMM
2012-05-04,Normal,1.3939785770750408e-9,HMM
2012-05-08,Normal,1.3955777314167874e-9,HMM
2012-05-09,Normal,1.351636348720606e-9,HMM
2012-05-10,Normal,1.3583600072399716e-9,HMM
2012-05-11,Normal,1.3663346464939966e-9,HMM
2012-05-14,Normal,1.3447434719171515e-9,HMM
2012-05-15,Normal,1.3317271580024391e-9,HMM
2012-05-16,Normal,1.3597973478336892e-9,HMM
2012-05-17,Normal,1.3620239196020125e-9,HMM
2012-05-18,Normal,1.397053790307127e-9,HMM
2012-05-21,Normal,1.4394458475906069e-9,HMM
2012-05-22,Normal,1.4511017023622347e-9,HMM
2012-05-23,Normal,1.3625670528466028e-9,HMM
2012-05-24,Normal,1.3879804851672623e-9,HMM
2012-05-25,Normal,1.3676069906110412e-9,HMM
2012-05-29,Normal,1.4516873876354529e-9,HMM
2012-05-30,Normal,1.2960595928326566e-9,HMM
2012-05-31,Normal,1.2887348454471825e-9,HMM
2012-06-01,Normal,1.0393942112580964e-9,HMM
2012-06-04,Normal,1.0479852317661742e-9,HMM
2012-06-05,Normal,1.012219409811567e-9,HMM
2012-06-06,Normal,1.0070057206148117e-9,HMM
2012-06-07,Normal,1.0066702678916713e-9,HMM
2012-06-08,Normal,1.001274882128723e-9,HMM
2012-06-11,Normal,9.764528984944973e-10,HMM
2012-06-12,Normal,9.622883475208474e-10,HMM
2012-06-13,Normal,9.480734858002819e-10,HMM
2012-06-14,Normal,9.648080406261967e-10,HMM
2012-06-15,Normal,9.518153463997645e-10,HMM
2012-06-18,Normal,9.293310720115703e-10,HMM
2012-06-19,Normal,9.295557935187559e-10,HMM
2012-06-20,Normal,9.45226605685786e-10,HMM
2012-06-21,Normal,8.151326131273855e-10,HMM
2012-06-22,Normal,8.37480431231186e-10,HMM
2012-06-25,Normal,8.510129336956994e-10,HMM
2012-06-26,Normal,8.060869855202641e-10,HMM
2012-06-27,Normal,7.311484707074333e-10,HMM
2012-06-28,Normal,8.023518723616711e-10,HMM
2012-06-29,Normal,6.621748694669023e-10,HMM
2012-07-02,Normal,8.510450294758276e-10,HMM
2012-07-03,Normal,6.430538114652485e-10,HMM
2012-07-05,Normal,6.303187089356093e-10,HMM
2012-07-06,Normal,6.085818461956588e-10,HMM
2012-07-09,Normal,5.999589652742777e-10,HMM
2012-07-10,Normal,6.42752643373199e-10,HMM
2012-07-11,Normal,6.502680117598312e-10,HMM
2012-07-12,Normal,6.872654757297004e-10,HMM
2012-07-13,Normal,6.369675053007252e-10,HMM
2012-07-16,Normal,6.466845968569198e-10,HMM
2012-07-17,Normal,6.244642625997536e-10,HMM
2012-07-18,Normal,6.58867740364604e-10,HMM
2012-07-19,Normal,6.509442184461448e-10,HMM
2012-07-20,Normal,6.805076418732356e-10,HMM
2012-07-23,Normal,8.203151076315513e-10,HMM
2012-07-24,Normal,8.142748837031093e-10,HMM
2012-07-25,Normal,7.954604633004588e-10,HMM
2012-07-26,Normal,7.782032028731504e-10,HMM
2012-07-27,Normal,7.907258562539797e-10,HMM
2012-07-30,Normal,8.232475787064378e-10,HMM
2012-07-31,Normal,8.903761762746609e-10,HMM
2012-08-01,Normal,8.939742396110392e-10,HMM
2012-08-02,Normal,1.1468283627350197e-9,HMM
2012-08-03,Normal,1.1371400475506027e-9,HMM
2012-08-06,Normal,1.3390823298166516e-9,HMM
2012-08-07,Normal,1.3062460242843975e-9,HMM
2012-08-08,Normal,1.3410262191884144e-9,HMM
2012-08-09,Normal,1.3411870037877362e-9,HMM
2012-08-10,Normal,1.3318849553407813e-9,HMM
2012-08-13,Normal,1.415629831809258e-9,HMM
2012-08-14,Normal,1.3958207097759146e-9,HMM
2012-08-15,Normal,1.428371403962439e-9,HMM
2012-08-16,Normal,1.4569159979324579e-9,HMM
2012-08-17,Normal,1.4679808274565326e-9,HMM
2012-08-20,Normal,1.4941687211663134e-9,HMM
2012-08-21,Normal,1.7720594314093114e-9,HMM
2012-08-22,Normal,1.776903955546665e-9,HMM
2012-08-23,Normal,1.8501929144400912e-9,HMM
2012-08-24,Normal,1.8248027484751118e-9,HMM
2012-08-27,Normal,1.7232844565501786e-9,HMM
2012-08-28,Normal,1.678966392580409e-9,HMM
2012-08-29,Normal,1.6949109933783797e-9,HMM
2012-08-30,Normal,1.6960721019195576e-9,HMM
2012-08-31,Normal,1.6631223728212955e-9,HMM
2012-09-04,Normal,1.7216068374607776e-9,HMM
2012-09-05,Normal,1.6517020455484986e-9,HMM
2012-09-06,Normal,1.7410527889466154e-9,HMM
2012-09-07,Normal,1.7437697393588243e-9,HMM
2012-09-10,Normal,1.7431963955737613e-9,HMM
2012-09-11,Normal,1.7273835112054021e-9,HMM
2012-09-12,Normal,1.7642579707679643e-9,HMM
2012-09-13,Normal,1.7482936117794751e-9,HMM
2012-09-14,Normal,1.758118657028121e-9,HMM
2012-09-17,Normal,1.7496625926124941e-9,HMM
2012-09-18,Normal,1.5493569677026591e-9,HMM
2012-09-19,Normal,1.227963931897551e-9,HMM
2012-09-20,Normal,1.2158375997215529e-9,HMM
2012-09-21,Normal,1.1563387020053676e-9,HMM
2012-09-24,Normal,1.1616399082830987e-9,HMM
2012-09-25,Normal,1.1380035182225445e-9,HMM
2012-09-26,Normal,1.1442710927494507e-9,HMM
2012-09-27,Normal,1.0724742548358896e-9,HMM
2012-09-28,Normal,1.0724729847849952e-9,HMM
2012-10-01,Normal,1.0561153788379673e-9,HMM
2012-10-02,Normal,1.087079740004968e-9,HMM
2012-10-03,Normal,1.0037926521630365e-9,HMM
2012-10-04,Normal,1.0054346427307057e-9,HMM
2012-10-05,Normal,9.879675559784866e-10,HMM
2012-10-08,Normal,9.916843313913133e-10,HMM
2012-10-09,Normal,9.62665781465772e-10,HMM
2012-10-10,Normal,9.432722227834886e-10,HMM
2012-10-11,Normal,9.433280293833273e-10,HMM
2012-10-12,Normal,9.449602907750503e-10,HMM
2012-10-15,Normal,9.665851730694214e-10,HMM
2012-10-16,Normal,9.709251694387553e-10,HMM
2012-10-17,Normal,1.0604694099791381e-9,HMM
2012-10-18,Normal,1.3556805233283492e-9,HMM
2012-10-19,Normal,1.3538399302994971e-9,HMM
2012-10-22,Normal,1.326859430616322e-9,HMM
2012-10-23,Normal,1.3237217607920065e-9,HMM
2012-10-24,Normal,1.367553851910937e-9,HMM
2012-10-25,Normal,1.4133122264994793e-9,HMM
2012-10-26,Normal,1.4958597971957371e-9,HMM
2012-10-29,Normal,1.490645816888283e-9,HMM
2012-10-30,Normal,1.5221818047438826e-9,HMM
2012-10-31,Normal,1.5150060917801347e-9,HMM
2012-11-01,Normal,1.6809436545433864e-9,HMM
2012-11-02,Normal,1.6314323707089712e-9,HMM
2012-11-05,Normal,1.6895232533081912e-9,HMM
2012-11-06,Normal,1.384918287516449e-9,HMM
2012-11-07,Normal,1.4327871202422057e-9,HMM
2012-11-08,Normal,1.5009592858367763e-9,HMM
2012-11-09,Normal,1.4470816943293901e-9,HMM
2012-11-12,Normal,1.3921608990846284e-9,HMM
2012-11-13,Normal,1.3704601274187062e-9,HMM
2012-11-14,Normal,1.351908046919035e-9,HMM
2012-11-15,Normal,1.3709761375045246e-9,HMM
2012-11-16,Normal,1.2377053909386155e-9,HMM
2012-11-19,Normal,1.0815931860925362e-9,HMM
2012-11-20,Normal,1.1414551368116315e-9,HMM
2012-11-21,Normal,1.1981705876650825e-9,HMM
2012-11-23,Normal,1.189253751644118e-9,HMM
2012-11-26,Normal,1.1894522218243431e-9,HMM
2012-11-27,Normal,1.1972475821019228e-9,HMM
2012-11-28,Normal,1.184410152525179e-9,HMM
2012-11-29,Normal,1.1205291684336676e-9,HMM
2012-11-30,Normal,1.1216655249038104e-9,HMM
2012-12-03,Normal,1.136644411063404e-9,HMM
2012-12-04,Normal,1.1743338444148573e-9,HMM
2012-12-05,Normal,1.1814230245989646e-9,HMM
2012-12-06,Normal,1.3741963952866202e-9,HMM
2012-12-07,Normal,1.3802122869499169e-9,HMM
2012-12-10,Normal,1.3765853157886073e-9,HMM
2012-12-11,Normal,1.401693837224302e-9,HMM
2012-12-12,Normal,1.3334906838622794e-9,HMM
2012-12-13,Normal,1.3665831235554356e-9,HMM
2012-12-14,Normal,1.3633527839217948e-9,HMM
2012-12-17,Normal,1.3661690141602792e-9,HMM
2012-12-18,Normal,1.555676165147174e-9,HMM
2012-12-19,Normal,1.7863309611088918e-9,HMM
2012-12-20,Normal,1.7776015541475386e-9,HMM
2012-12-21,Normal,1.7464416160251678e-9,HMM
2012-12-24,Normal,1.7455838175462758e-9,HMM
2012-12-26,Normal,1.6259228002721178e-9,HMM
2012-12-27,Normal,1.6316649398606408e-9,HMM
2012-12-28,Normal,1.659183842282498e-9,HMM
2012-12-31,Normal,1.7559465876608503e-9,HMM
2013-01-02,Normal,1.6590028949569779e-9,HMM
2013-01-03,Normal,1.6612790781576559e-9,HMM
2013-01-04,Normal,1.6959328361504691e-9,HMM
2013-01-07,Normal,1.7260273151525648e-9,HMM
2013-01-08,Normal,1.755230086588936e-9,HMM
2013-01-09,Normal,1.7845164317901706e-9,HMM
2013-01-10,Normal,1.7995519430698987e-9,HMM
2013-01-11,Normal,1.6399817936800894e-9,HMM
2013-01-14,Normal,1.7638908118661868e-9,HMM
2013-01-15,Normal,1.761444782524006e-9,HMM
2013-01-16,Normal,1.7682889447537105e-9,HMM
2013-01-17,Normal,1.7682454311320445e-9,HMM
2013-01-18,Normal,1.7660828195687946e-9,HMM
2013-01-22,Normal,1.7480628938228821e-9,HMM
2013-01-23,Normal,1.7387092661103055e-9,HMM
2013-01-24,Normal,1.7916559790462536e-9,HMM
2013-01-25,Normal,1.792302733421322e-9,HMM
2013-01-28,Normal,1.906079824014534e-9,HMM
2013-01-29,Normal,1.89653601297201e-9,HMM
2013-01-30,Normal,1.8979996665015676e-9,HMM
2013-01-31,Normal,1.9047526904236375e-9,HMM
2013-02-01,Normal,2.019147222398858e-9,HMM
2013-02-04,Normal,2.0154856768713393e-9,HMM
2013-02-05,Normal,2.0099262466145685e-9,HMM
2013-02-06,Normal,2.001689055654636e-9,HMM
2013-02-07,Normal,2.0016844574055092e-9,HMM
2013-02-08,Normal,1.945520836947724e-9,HMM
2013-02-11,Normal,1.929995162853008e-9,HMM
2013-02-12,Normal,2.1868214071216898e-9,HMM
2013-02-13,Normal,2.2033980759360995e-9,HMM
2013-02-14,Normal,2.200770243371754e-9,HMM
2013-02-15,Normal,2.1772036133783165e-9,HMM
2013-02-19,Normal,2.1649742975475517e-9,HMM
2013-02-20,Normal,2.135683113886441e-9,HMM
2013-02-21,Normal,2.0180574343952427e-9,HMM
2013-02-22,Normal,2.0363111944726864e-9,HMM
2013-02-25,Normal,2.0414042438462313e-9,HMM
2013-02-26,Normal,1.985033859897435e-9,HMM
2013-02-27,Normal,1.9730164703707164e-9,HMM
2013-02-28,Normal,2.029002242643262e-9,HMM
2013-03-01,Normal,1.933818424886661e-9,HMM
2013-03-04,Normal,1.9377661131042098e-9,HMM
2013-03-05,Normal,1.9229502298594246e-9,HMM
2013-03-06,Normal,1.93783234247584e-9,HMM
2013-03-07,Normal,1.974144869609226e-9,HMM
2013-03-08,Normal,1.9343470404635298e-9,HMM
2013-03-11,Normal,1.9572456904457003e-9,HMM
2013-03-12,Normal,2.0863684892065566e-9,HMM
2013-03-13,Normal,2.078361225898696e-9,HMM
2013-03-14,Normal,2.0411116891518608e-9,HMM
2013-03-15,Normal,1.982045502115164e-9,HMM
2013-03-18,Normal,1.9852981541526754e-9,HMM
2013-03-19,Normal,1.952712425940583e-9,HMM
2013-03-20,Normal,1.8599046009979123e-9,HMM
2013-03-21,Normal,1.8084606773120473e-9,HMM
2013-03-22,Normal,1.8608035595418048e-9,HMM
2013-03-25,Normal,1.854467885616599e-9,HMM
2013-03-26,Normal,1.8710172282658418e-9,HMM
2013-03-27,Normal,1.8343900518408854e-9,HMM
2013-03-28,Normal,1.8405529944852184e-9,HMM
2013-04-01,Normal,1.8353015687692186e-9,HMM
2013-04-02,Normal,1.9074508622761762e-9,HMM
2013-04-03,Normal,1.8242717224742676e-9,HMM
2013-04-04,Normal,1.676092652966271e-9,HMM
2013-04-05,Normal,1.6595370174237247e-9,HMM
2013-04-08,Normal,1.6580749366861301e-9,HMM
2013-04-09,Normal,1.6550215786543198e-9,HMM
2013-04-10,Normal,1.6353392261343382e-9,HMM
2013-04-11,Normal,1.6133824186410077e-9,HMM
2013-04-12,Normal,1.4585463602629032e-9,HMM
2013-04-15,Normal,1.4585533926116347e-9,HMM
2013-04-16,Normal,1.4915682540733032e-9,HMM
2013-04-17,Normal,1.4860237744275194e-9,HMM
2013-04-18,Normal,1.4801300017308057e-9,HMM
2013-04-19,Normal,1.4625015666986908e-9,HMM
2013-04-22,Normal,1.496002291190098e-9,HMM
2013-04-23,Normal,1.4941881110130858e-9,HMM
2013-04-24,Normal,1.4314494316899922e-9,HMM
2013-04-25,Normal,1.4130561392276034e-9,HMM
2013-04-26,Normal,1.4428973955858847e-9,HMM
2013-04-29,Normal,1.4325622475892234e-9,HMM
2013-04-30,Normal,1.4170687601692916e-9,HMM
2013-05-01,Normal,1.3031514509947259e-9,HMM
2013-05-02,Normal,1.227179848336078e-9,HMM
2013-05-03,Normal,1.0164109627540666e-9,HMM
2013-05-06,Normal,1.030371935954164e-9,HMM
2013-05-07,Normal,1.040574189167483e-9,HMM
2013-05-08,Normal,1.024533331799984e-9,HMM
2013-05-09,Normal,1.0309621167434812e-9,HMM
2013-05-10,Normal,9.858788624338063e-10,HMM
2013-05-13,Normal,1.0930137218620795e-9,HMM
2013-05-14,Normal,1.1189133616195376e-9,HMM
2013-05-15,Normal,1.1342470456489723e-9,HMM
2013-05-16,Normal,1.0771637300579298e-9,HMM
2013-05-17,Normal,1.0703962965611426e-9,HMM
2013-05-20,Normal,1.0888088114454871e-9,HMM
2013-05-21,Normal,1.051591151861831e-9,HMM
2013-05-22,Normal,1.0347815830303501e-9,HMM
2013-05-23,Normal,1.0211266983794504e-9,HMM
2013-05-24,Normal,1.0239857031374119e-9,HMM
2013-05-28,Normal,9.529585523544784e-10,HMM
2013-05-29,Normal,9.245106503034206e-10,HMM
2013-05-30,Normal,9.43829980448009e-10,HMM
2013-05-31,Normal,1.05190067214513e-9,HMM
2013-06-03,Normal,1.0868195587749452e-9,HMM
2013-06-04,Normal,1.395159329109726e-9,HMM
2013-06-05,Normal,1.3538704134663644e-9,HMM
2013-06-06,Normal,1.3548671692700265e-9,HMM
2013-06-07,Normal,1.3778480765431966e-9,HMM
2013-06-10,Normal,1.3778524868956804e-9,HMM
2013-06-11,Normal,1.3707047963600783e-9,HMM
2013-06-12,Normal,1.337247469839734e-9,HMM
2013-06-13,Normal,1.340585324479787e-9,HMM
2013-06-14,Normal,1.32238446521568e-9,HMM
2013-06-17,Normal,1.4433188303712547e-9,HMM
2013-06-18,Normal,1.4401148802512089e-9,HMM
2013-06-19,Normal,1.4469439134884076e-9,HMM
2013-06-20,Normal,1.3397358380194015e-9,HMM
2013-06-21,Normal,1.2616479108963098e-9,HMM
2013-06-24,Normal,1.3024603165141404e-9,HMM
2013-06-25,Normal,1.2609136009486517e-9,HMM
2013-06-26,Normal,1.3689970120534567e-9,HMM
2013-06-27,Normal,1.3243741935641609e-9,HMM
2013-06-28,Normal,1.3256045898976782e-9,HMM
2013-07-01,Normal,1.3574642075282964e-9,HMM
2013-07-02,Normal,1.3721427341488385e-9,HMM
2013-07-03,Normal,1.3036340820151858e-9,HMM
2013-07-05,Normal,1.3111821819185435e-9,HMM
2013-07-08,Normal,1.313121697323856e-9,HMM
2013-07-09,Normal,1.3173657782334102e-9,HMM
2013-07-10,Normal,1.3185869343750278e-9,HMM
2013-07-11,Normal,1.4412267723999174e-9,HMM
2013-07-12,Normal,1.471624756092232e-9,HMM
2013-07-15,Normal,1.4702836890974096e-9,HMM
2013-07-16,Normal,1.5157243320234607e-9,HMM
2013-07-17,Normal,1.5203420615128817e-9,HMM
2013-07-18,Normal,1.532594462534694e-9,HMM
2013-07-19,Normal,1.5266965414632823e-9,HMM
2013-07-22,Normal,1.7277897441655976e-9,HMM
2013-07-23,Normal,1.942557115816342e-9,HMM
2013-07-24,Normal,1.9117455812984063e-9,HMM
2013-07-25,Normal,1.9684277330622855e-9,HMM
2013-07-26,Normal,1.996090625208516e-9,HMM
2013-07-29,Normal,2.1248284295447324e-9,HMM
2013-07-30,Normal,2.106366147484922e-9,HMM
2013-07-31,Normal,2.1140337277817744e-9,HMM
2013-08-01,Normal,2.015677778601368e-9,HMM
2013-08-02,Normal,2.14538279041239e-9,HMM
2013-08-05,Normal,2.2030636934123584e-9,HMM
2013-08-06,Normal,2.1572588644373657e-9,HMM
2013-08-07,Normal,2.1512394402667696e-9,HMM
2013-08-08,Normal,2.121233598634687e-9,HMM
2013-08-09,Normal,2.073074029847402e-9,HMM
2013-08-12,Normal,2.0764809032072027e-9,HMM
2013-08-13,Normal,2.0165115672686697e-9,HMM
2013-08-14,Normal,2.0100139591735324e-9,HMM
2013-08-15,Normal,1.9665399455883824e-9,HMM
2013-08-16,Normal,1.96608275406507e-9,HMM
2013-08-19,Normal,1.9651586218701746e-9,HMM
2013-08-20,Normal,1.9596010234518306e-9,HMM
2013-08-21,Normal,1.9635494763262403e-9,HMM
2013-08-22,Normal,1.9973916131832737e-9,HMM
2013-08-23,Normal,1.938392678925193e-9,HMM
2013-08-26,Normal,1.9541545728775647e-9,HMM
2013-08-27,Normal,1.7735016345138127e-9,HMM
2013-08-28,Normal,1.7889008920084654e-9,HMM
2013-08-29,Normal,1.7880841261787995e-9,HMM
2013-08-30,Normal,1.8245170186016813e-9,HMM
2013-09-03,Normal,1.819672742917716e-9,HMM
2013-09-04,Normal,1.8195165998032796e-9,HMM
2013-09-05,Normal,1.865452669330796e-9,HMM
2013-09-06,Normal,1.8592346796835058e-9,HMM
2013-09-09,Normal,1.7896576958064202e-9,HMM
2013-09-10,Normal,1.5786444518397103e-9,HMM
2013-09-11,Normal,1.5864684293026194e-9,HMM
2013-09-12,Normal,1.6127374025589948e-9,HMM
2013-09-13,Normal,1.6191487538010425e-9,HMM
2013-09-16,Normal,1.5327325048532578e-9,HMM
2013-09-17,Normal,1.4798757993826885e-9,HMM
2013-09-18,Normal,1.480973638936457e-9,HMM
2013-09-19,Normal,1.440624738248016e-9,HMM
2013-09-20,Normal,1.4375646684509218e-9,HMM
2013-09-23,Normal,1.395196210276386e-9,HMM
2013-09-24,Normal,1.437204629912383e-9,HMM
2013-09-25,Normal,1.3729570943927474e-9,HMM
2013-09-26,Normal,1.5417770600260673e-9,HMM
2013-09-27,Normal,1.5594568909319946e-9,HMM
2013-09-30,Normal,1.5475199576341159e-9,HMM
2013-10-01,Normal,1.5515736080332956e-9,HMM
2013-10-02,Normal,1.4656969466733468e-9,HMM
2013-10-03,Normal,1.460709638318414e-9,HMM
2013-10-04,Normal,1.4632585873275777e-9,HMM
2013-10-07,Normal,1.5030762305138813e-9,HMM
2013-10-08,Normal,1.522512661226776e-9,HMM
2013-10-09,Normal,1.6399271472074094e-9,HMM
2013-10-10,Normal,1.4976949601022403e-9,HMM
2013-10-11,Normal,1.4943831120676787e-9,HMM
2013-10-14,Normal,1.4934231325195587e-9,HMM
2013-10-15,Normal,1.5877870835433371e-9,HMM
2013-10-16,Normal,1.6575733082507502e-9,HMM
2013-10-17,Normal,1.6226108902125245e-9,HMM
2013-10-18,Normal,1.676223908369788e-9,HMM
2013-10-21,Normal,1.6793574481037642e-9,HMM
2013-10-22,Normal,1.7418613973313448e-9,HMM
2013-10-23,Normal,1.6823575146984312e-9,HMM
2013-10-24,Normal,1.7359844838656372e-9,HMM
2013-10-25,Normal,1.7254926651976014e-9,HMM
2013-10-28,Normal,1.570493645622389e-9,HMM
2013-10-29,Normal,1.6203249026713127e-9,HMM
2013-10-30,Normal,1.6248522517068993e-9,HMM
2013-10-31,Normal,1.6784511553434202e-9,HMM
2013-11-01,Normal,1.6251432096677396e-9,HMM
2013-11-04,Normal,1.6131997308257655e-9,HMM
2013-11-05,Normal,1.6144724188769604e-9,HMM
2013-11-06,Normal,1.6308329131411627e-9,HMM
2013-11-07,Normal,1.564013385942901e-9,HMM
2013-11-08,Normal,1.6910364306627545e-9,HMM
2013-11-11,Normal,1.6282559425994569e-9,HMM
2013-11-12,Normal,1.6184548157307504e-9,HMM
2013-11-13,Normal,1.6155737084006978e-9,HMM
2013-11-14,Normal,1.5672991126721564e-9,HMM
2013-11-15,Normal,1.5933539785175813e-9,HMM
2013-11-18,Normal,1.586451504774611e-9,HMM
2013-11-19,Normal,1.5820954177592951e-9,HMM
2013-11-20,Normal,1.582541158013162e-9,HMM
2013-11-21,Normal,1.5990731146248573e-9,HMM
2013-11-22,Normal,1.5999609648225892e-9,HMM
2013-11-25,Normal,1.6174863684794025e-9,HMM
2013-11-26,Normal,1.7296350171911513e-9,HMM
2013-11-27,Normal,1.7161451565903204e-9,HMM
2013-11-29,Normal,1.7138151844733405e-9,HMM
2013-12-02,Normal,1.7378788425528434e-9,HMM
2013-12-03,Normal,1.800803169182654e-9,HMM
2013-12-04,Normal,1.8458147139168455e-9,HMM
2013-12-05,Normal,1.787365633314448e-9,HMM
2013-12-06,Normal,1.769218580556632e-9,HMM
2013-12-09,Normal,1.8925506748675066e-9,HMM
2013-12-10,Normal,1.8633594611868327e-9,HMM
2013-12-11,Normal,1.9082745307644652e-9,HMM
2013-12-12,Normal,1.901177314233822e-9,HMM
2013-12-13,Normal,1.8809435056321423e-9,HMM
2013-12-16,Normal,1.8058261700166142e-9,HMM
2013-12-17,Normal,1.7550427056213375e-9,HMM
2013-12-18,Normal,1.7524356797871617e-9,HMM
2013-12-19,Normal,1.7304953055645467e-9,HMM
2013-12-20,Normal,1.6985018261426994e-9,HMM
2013-12-23,Normal,1.739840257635223e-9,HMM
2013-12-24,Normal,1.7870100318169903e-9,HMM
2013-12-26,Normal,1.7943900210425618e-9,HMM
2013-12-27,Normal,1.8251892721538944e-9,HMM
2013-12-30,Normal,1.778119083926035e-9,HMM
2013-12-31,Normal,1.7736881490063908e-9,HMM
2014-01-02,Normal,1.6962943098805625e-9,HMM
2014-01-03,Normal,1.7376950379550405e-9,HMM
2014-01-06,Normal,1.73902309173277e-9,HMM
2014-01-07,Normal,1.7497580467877046e-9,HMM
2014-01-08,Normal,1.743160734052971e-9,HMM
2014-01-09,Normal,1.7792929262763555e-9,HMM
2014-01-10,Normal,1.7833830158212567e-9,HMM
2014-01-13,Normal,1.7237810725618659e-9,HMM
2014-01-14,Normal,1.7114832351902995e-9,HMM
2014-01-15,Normal,1.7047488809658174e-9,HMM
2014-01-16,Normal,1.824844544059444e-9,HMM
2014-01-17,Normal,1.8384320898074692e-9,HMM
2014-01-20,Normal,1.8468753512205082e-9,HMM
2014-01-21,Normal,1.849740045929753e-9,HMM
2014-01-22,Normal,1.8955341044216402e-9,HMM
2014-01-23,Normal,1.901024129079272e-9,HMM
2014-01-24,Normal,1.8956579725493325e-9,HMM
2014-01-27,Normal,1.8943274166602927e-9,HMM
2014-01-28,Normal,1.8948862314204145e-9,HMM
2014-01-29,Normal,1.9532236038224416e-9,HMM
2014-01-30,Normal,1.9496703978087436e-9,HMM
2014-01-31,Normal,2.0267341132441833e-9,HMM
2014-02-03,Normal,2.0040737308477943e-9,HMM
2014-02-04,Normal,1.9971863127632433e-9,HMM
2014-02-05,Normal,1.998178087868011e-9,HMM
2014-02-06,Normal,1.948298331584053e-9,HMM
2014-02-07,Normal,1.8482857240083727e-9,HMM
2014-02-10,Normal,1.8880530944235314e-9,HMM
2014-02-11,Normal,1.9177600271273003e-9,HMM
2014-02-12,Normal,1.932605261067894e-9,HMM
2014-02-13,Normal,1.9548821003654844e-9,HMM
2014-02-14,Normal,1.9640672588959587e-9,HMM
2014-02-18,Normal,1.9287329372219487e-9,HMM
2014-02-19,Normal,1.9366956847246215e-9,HMM
2014-02-20,Normal,1.942864777466573e-9,HMM
2014-02-21,Normal,1.9466394677400757e-9,HMM
2014-02-24,Normal,1.953566164972151e-9,HMM
2014-02-25,Normal,4.770288102448039e-6,HMM
2014-02-26,Crisis,1.0,HMM
2014-02-27,Crisis,1.0,HMM
2014-02-28,Crisis,1.0,HMM
2014-03-03,Crisis,1.0,HMM
2014-03-04,Crisis,1.0,HMM
2014-03-05,Crisis,1.0,HMM
2014-03-06,Crisis,1.0,HMM
2014-03-07,Crisis,1.0,HMM
2014-03-10,Crisis,1.0,HMM
2014-03-11,Crisis,1.0,HMM
2014-03-12,Crisis,1.0,HMM
2014-03-13,Crisis,1.0,HMM
2014-03-14,Normal,4.623787007140649e-6,HMM
2014-03-17,Normal,1.8677434959795518e-9,HMM
2014-03-18,Normal,1.8481119233908456e-9,HMM
2014-03-19,Normal,1.9085355115291693e-9,HMM
2014-03-20,Normal,1.9138525917162907e-9,HMM
2014-03-21,Normal,1.8537606209684942e-9,HMM
2014-03-24,Normal,1.8489105101375225e-9,HMM
2014-03-25,Normal,1.8600335974750415e-9,HMM
2014-03-26,Normal,1.8390030955041434e-9,HMM
2014-03-27,Normal,1.82368875240077e-9,HMM
2014-03-28,Normal,1.8370067093851803e-9,HMM
2014-03-31,Normal,1.8359863442184005e-9,HMM
2014-04-01,Normal,2.0109017614334342e-9,HMM
2014-04-02,Normal,1.968569335090501e-9,HMM
2014-04-03,Normal,1.89316883788197e-9,HMM
2014-04-04,Normal,1.8164131265417413e-9,HMM
2014-04-07,Normal,1.8079386254458247e-9,HMM
2014-04-08,Normal,1.7884309668345514e-9,HMM
2014-04-09,Normal,1.7211355096255248e-9,HMM
2014-04-10,Normal,1.724009415962353e-9,HMM
2014-04-11,Normal,1.725912838132005e-9,HMM
2014-04-14,Normal,1.7318678573950353e-9,HMM
2014-04-15,Normal,1.7174079908756533e-9,HMM
2014-04-16,Normal,1.7145356438720713e-9,HMM
2014-04-17,Normal,1.7388406347429743e-9,HMM
2014-04-21,Normal,1.7409758208688762e-9,HMM
2014-04-22,Normal,1.7477037776644328e-9,HMM
2014-04-23,Normal,1.7590399424877646e-9,HMM
2014-04-24,Normal,1.7273198546534641e-9,HMM
2014-04-25,Normal,1.7626524345611525e-9,HMM
2014-04-28,Normal,1.762236224628958e-9,HMM
2014-04-29,Normal,1.7530214107615543e-9,HMM
2014-04-30,Normal,1.7241301873976221e-9,HMM
2014-05-01,Normal,1.7273613154257363e-9,HMM
2014-05-02,Normal,1.891864444487468e-9,HMM
2014-05-05,Normal,1.939574102176013e-9,HMM
2014-05-06,Normal,1.947097223111714e-9,HMM
2014-05-07,Normal,2.031678023350905e-9,HMM
2014-05-08,Normal,2.0538670362509355e-9,HMM
2014-05-09,Normal,2.1338039958827394e-9,HMM
2014-05-12,Normal,2.1380656265863753e-9,HMM
2014-05-13,Normal,2.134893578535101e-9,HMM
2014-05-14,Normal,2.101645409150936e-9,HMM
2014-05-15,Normal,2.167701659987543e-9,HMM
2014-05-16,Normal,2.134310465237854e-9,HMM
2014-05-19,Normal,2.13386411657166e-9,HMM
2014-05-20,Normal,2.1247301647727232e-9,HMM
2014-05-21,Normal,2.15148683264345e-9,HMM
2014-05-22,Normal,2.141828839618863e-9,HMM
2014-05-23,Normal,2.1784927778160368e-9,HMM
2014-05-26,Normal,2.1799656314977553e-9,HMM
2014-05-27,Normal,2.1853215920965003e-9,HMM
2014-05-28,Normal,2.1885157440969704e-9,HMM
2014-05-29,Normal,2.2215097513541096e-9,HMM
2014-05-30,Normal,2.195500748995177e-9,HMM
2014-06-02,Normal,2.2230327553648387e-9,HMM
2014-06-03,Normal,2.2147996033032516e-9,HMM
2014-06-04,Normal,2.2712555989674322e-9,HMM
2014-06-05,Normal,2.253326282669209e-9,HMM
2014-06-06,Normal,2.22983104978698e-9,HMM
2014-06-09,Normal,2.167932177210773e-9,HMM
2014-06-10,Normal,2.0948451664063736e-9,HMM
2014-06-11,Normal,2.0870122980118686e-9,HMM
2014-06-12,Normal,1.9591092724264257e-9,HMM
2014-06-13,Normal,1.9422026899061158e-9,HMM
2014-06-16,Normal,1.9718743310707342e-9,HMM
2014-06-17,Normal,1.9909501050213425e-9,HMM
2014-06-18,Normal,4.892670721671491e-6,HMM
2014-06-19,Crisis,1.0,HMM
2014-06-20,Crisis,1.0,HMM
2014-06-23,Crisis,1.0,HMM
2014-06-24,Crisis,1.0,HMM
2014-06-25,Crisis,1.0,HMM
2014-06-26,Crisis,1.0,HMM
2014-06-27,Crisis,1.0,HMM
2014-06-30,Crisis,1.0,HMM
2014-07-01,Crisis,1.0,HMM
2014-07-02,Crisis,1.0,HMM
2014-07-03,Normal,4.618494064610656e-6,HMM
2014-07-07,Normal,1.899269818130901e-9,HMM
2014-07-08,Normal,1.8671990365277355e-9,HMM
2014-07-09,Normal,1.912242289290074e-9,HMM
2014-07-10,Normal,1.945956719190032e-9,HMM
2014-07-11,Normal,1.9632324727048005e-9,HMM
2014-07-14,Normal,2.1672642547378336e-9,HMM
2014-07-15,Normal,2.229858881036404e-9,HMM
2014-07-16,Normal,2.1986172671920656e-9,HMM
2014-07-17,Normal,2.1928356929752298e-9,HMM
2014-07-18,Normal,2.201552667595462e-9,HMM
2014-07-21,Normal,2.2722276161868383e-9,HMM
2014-07-22,Normal,2.2134471654203415e-9,HMM
2014-07-23,Normal,2.204055772320487e-9,HMM
2014-07-24,Normal,2.1905693922671554e-9,HMM
2014-07-25,Normal,2.121163209477236e-9,HMM
2014-07-28,Normal,2.1210219336396504e-9,HMM
2014-07-29,Normal,2.1128592927012675e-9,HMM
2014-07-30,Normal,2.1714643128026246e-9,HMM
2014-07-31,Normal,2.1085168519317073e-9,HMM
2014-08-01,Normal,2.0599730009768143e-9,HMM
2014-08-04,Normal,2.0790428889447973e-9,HMM
2014-08-05,Normal,2.0677715765202764e-9,HMM
2014-08-06,Normal,2.00158697463728e-9,HMM
2014-08-07,Normal,2.0155050120808523e-9,HMM
2014-08-08,Normal,2.0142066671533357e-9,HMM
2014-08-11,Normal,2.0155468133345787e-9,HMM
2014-08-12,Normal,1.9491518493875023e-9,HMM
2014-08-13,Normal,1.932643089971212e-9,HMM
2014-08-14,Normal,1.9241680262617153e-9,HMM
2014-08-15,Normal,1.945109302313597e-9,HMM
2014-08-18,Normal,1.874677934548861e-9,HMM
2014-08-19,Normal,1.8607618746419055e-9,HMM
2014-08-20,Normal,1.8867641352525227e-9,HMM
2014-08-21,Normal,1.886221710045727e-9,HMM
2014-08-22,Normal,1.9030681133567008e-9,HMM
2014-08-25,Normal,1.946973526452233e-9,HMM
2014-08-26,Normal,1.9443535558695823e-9,HMM
2014-08-27,Normal,1.9536787274061446e-9,HMM
2014-08-28,Normal,1.943010296686638e-9,HMM
2014-08-29,Normal,1.9816223162264273e-9,HMM
2014-09-02,Normal,2.0197113866729903e-9,HMM
2014-09-03,Normal,1.9992651022501364e-9,HMM
2014-09-04,Normal,2.009761867574624e-9,HMM
2014-09-05,Normal,2.0009851347773797e-9,HMM
2014-09-08,Normal,1.999193118922605e-9,HMM
2014-09-09,Normal,1.951147352894495e-9,HMM
2014-09-10,Normal,1.874938124356354e-9,HMM
2014-09-11,Normal,1.936173891282477e-9,HMM
2014-09-12,Normal,1.9601799299954365e-9,HMM
2014-09-15,Normal,1.9802525690148078e-9,HMM
2014-09-16,Normal,1.9314514129499257e-9,HMM
2014-09-17,Normal,2.017129320382735e-9,HMM
2014-09-18,Normal,2.002420040410561e-9,HMM
2014-09-19,Normal,2.006116845950294e-9,HMM
2014-09-22,Normal,1.9623678359866988e-9,HMM
2014-09-23,Normal,1.9597037533499782e-9,HMM
2014-09-24,Normal,1.9752690619396177e-9,HMM
2014-09-25,Normal,1.9443599935199193e-9,HMM
2014-09-26,Normal,1.9446204621370375e-9,HMM
2014-09-29,Normal,1.9275233472127175e-9,HMM
2014-09-30,Normal,1.9215136213179348e-9,HMM
2014-10-01,Normal,1.932910739500733e-9,HMM
2014-10-02,Normal,1.6785275387525215e-9,HMM
2014-10-03,Normal,1.6962364891042577e-9,HMM
2014-10-06,Normal,1.733374904888585e-9,HMM
2014-10-07,Normal,1.7251454722046337e-9,HMM
2014-10-08,Normal,1.753313989112364e-9,HMM
2014-10-09,Normal,1.8104015414101832e-9,HMM
2014-10-10,Normal,1.7381384312177242e-9,HMM
2014-10-13,Normal,1.732692013372557e-9,HMM
2014-10-14,Normal,1.7039605025805991e-9,HMM
2014-10-15,Normal,1.6549762308784426e-9,HMM
2014-10-16,Normal,1.6692313181489426e-9,HMM
2014-10-17,Normal,1.5572164363742182e-9,HMM
2014-10-20,Normal,1.560864615924318e-9,HMM
2014-10-21,Normal,1.5269362220797072e-9,HMM
2014-10-22,Normal,1.447506655191598e-9,HMM
2014-10-23,Normal,1.4475535557058097e-9,HMM
2014-10-24,Normal,1.470686766132663e-9,HMM
2014-10-27,Normal,1.4733384958824824e-9,HMM
2014-10-28,Normal,1.4987728758470202e-9,HMM
2014-10-29,Normal,1.4192763866869989e-9,HMM
2014-10-30,Normal,1.3929311204408106e-9,HMM
2014-10-31,Normal,1.566308404833605e-9,HMM
2014-11-03,Normal,1.532869744272125e-9,HMM
2014-11-04,Normal,1.3587513370259698e-9,HMM
2014-11-05,Normal,1.332891056165395e-9,HMM
2014-11-06,Normal,1.3290975732677677e-9,HMM
2014-11-07,Normal,1.279271770118836e-9,HMM
2014-11-10,Normal,1.328990907754095e-9,HMM
2014-11-11,Normal,1.2618269640177778e-9,HMM
2014-11-12,Normal,1.290705362478525e-9,HMM
2014-11-13,Normal,1.2325290294564484e-9,HMM
2014-11-14,Normal,1.2347129035001952e-9,HMM
2014-11-17,Normal,1.2960485744714217e-9,HMM
2014-11-18,Normal,1.2859060478857358e-9,HMM
2014-11-19,Normal,1.31467609385565e-9,HMM
2014-11-20,Normal,1.36407508016394e-9,HMM
2014-11-21,Normal,1.2510183127672757e-9,HMM
2014-11-24,Normal,1.2404771647550854e-9,HMM
2014-11-25,Normal,1.1677052430104405e-9,HMM
2014-11-26,Normal,1.1695458974482685e-9,HMM
2014-11-28,Normal,7.332082728843933e-10,HMM
2014-12-01,Normal,7.355881550942331e-10,HMM
2014-12-02,Normal,7.276545977432371e-10,HMM
2014-12-03,Normal,7.509626579567555e-10,HMM
2014-12-04,Normal,7.851818216743883e-10,HMM
2014-12-05,Normal,8.1748366490089e-10,HMM
2014-12-08,Normal,7.567117539439896e-10,HMM
2014-12-09,Normal,7.826418270784876e-10,HMM
2014-12-10,Normal,7.028771872003799e-10,HMM
2014-12-11,Normal,6.899453071774528e-10,HMM
2014-12-12,Normal,6.614447916994485e-10,HMM
2014-12-15,Normal,6.995192983162656e-10,HMM
2014-12-16,Normal,7.053262281152641e-10,HMM
2014-12-17,Normal,7.043504546800771e-10,HMM
2014-12-18,Normal,7.274184180608668e-10,HMM
2014-12-19,Normal,7.244416914610093e-10,HMM
2014-12-22,Normal,7.533678327900039e-10,HMM
2014-12-23,Normal,7.967652353976947e-10,HMM
2014-12-24,Normal,8.292600910560636e-10,HMM
2014-12-26,Normal,8.211903842810291e-10,HMM
2014-12-29,Normal,8.320700329287463e-10,HMM
2014-12-30,Normal,1.1827940261765685e-9,HMM
2014-12-31,Normal,1.1780678745569292e-9,HMM
2015-01-02,Normal,1.1858801204037884e-9,HMM
2015-01-05,Normal,6.976919322370233e-10,HMM
2015-01-06,Normal,7.029725772969646e-10,HMM
2015-01-07,Normal,7.04910924897602e-10,HMM
2015-01-08,Normal,7.003815219071456e-10,HMM
2015-01-09,Normal,6.981985186106689e-10,HMM
2015-01-12,Normal,7.666253969303062e-10,HMM
2015-01-13,Normal,7.565260186124925e-10,HMM
2015-01-14,Normal,6.982283270718714e-10,HMM
2015-01-15,Normal,5.0048270817943e-10,HMM
2015-01-16,Normal,4.990704613902475e-10,HMM
2015-01-20,Normal,4.970040842406129e-10,HMM
2015-01-21,Normal,4.914295942721675e-10,HMM
2015-01-22,Normal,4.996528333771564e-10,HMM
2015-01-23,Normal,4.67647738039561e-10,HMM
2015-01-26,Normal,4.996976297227081e-10,HMM
2015-01-27,Normal,4.743446662889474e-10,HMM
2015-01-28,Normal,4.559071606859895e-10,HMM
2015-01-29,Normal,4.5702375999334336e-10,HMM
2015-01-30,Normal,4.647200072716217e-10,HMM
2015-02-02,Normal,1.7260725162697867e-10,HMM
2015-02-03,Normal,1.2716116326594036e-10,HMM
2015-02-04,Normal,2.5183019150548233e-10,HMM
2015-02-05,Normal,2.6401350161844807e-10,HMM
2015-02-06,Normal,2.850455492378004e-10,HMM
2015-02-09,Normal,2.7956537674102057e-10,HMM
2015-02-10,Normal,3.160994646661812e-10,HMM
2015-02-11,Normal,2.56605704542469e-10,HMM
2015-02-12,Normal,2.6685350587545287e-10,HMM
2015-02-13,Normal,1.776586661673492e-10,HMM
2015-02-16,Normal,1.913068505738361e-10,HMM
2015-02-17,Normal,1.849876776922e-10,HMM
2015-02-18,Normal,2.0223912582189193e-10,HMM
2015-02-19,Normal,1.6547578115735149e-10,HMM
2015-02-20,Normal,1.6286108977714546e-10,HMM
2015-02-23,Normal,1.4462763761478978e-10,HMM
2015-02-24,Normal,1.5561470336238082e-10,HMM
2015-02-25,Normal,1.475411931733874e-10,HMM
2015-02-26,Normal,1.4436942356582269e-10,HMM
2015-02-27,Normal,1.5277732141648773e-10,HMM
2015-03-02,Normal,1.3761388494303232e-10,HMM
2015-03-03,Normal,2.7106368990315673e-10,HMM
2015-03-04,Normal,2.872384062131004e-10,HMM
2015-03-05,Normal,2.8198756651636773e-10,HMM
2015-03-06,Normal,2.698950019655392e-10,HMM
2015-03-09,Normal,2.6691082849235605e-10,HMM
2015-03-10,Normal,2.1594984000874914e-10,HMM
2015-03-11,Normal,2.2537491031233285e-10,HMM
2015-03-12,Normal,2.7836509666632335e-10,HMM
2015-03-13,Normal,3.2516655564974467e-10,HMM
2015-03-16,Normal,4.958357181104643e-10,HMM
2015-03-17,Normal,5.360216858713317e-10,HMM
2015-03-18,Normal,5.236919081293499e-10,HMM
2015-03-19,Normal,5.144107968303801e-10,HMM
2015-03-20,Normal,5.280587262741119e-10,HMM
2015-03-23,Normal,6.537549851587159e-10,HMM
2015-03-24,Normal,6.705122252353504e-10,HMM
2015-03-25,Normal,6.67056428285013e-10,HMM
2015-03-26,Normal,4.621501166269427e-10,HMM
2015-03-27,Normal,5.10189055407688e-10,HMM
2015-03-30,Normal,4.3775851913984313e-10,HMM
2015-03-31,Normal,4.458498118748133e-10,HMM
2015-04-01,Normal,3.666824687639575e-10,HMM
2015-04-02,Normal,4.0445316648825175e-10,HMM
2015-04-06,Normal,4.2826902313865467e-10,HMM
2015-04-07,Normal,3.8527222355674255e-10,HMM
2015-04-08,Normal,3.7260446491673494e-10,HMM
2015-04-09,Normal,4.729646693801413e-10,HMM
2015-04-10,Normal,4.671316740541231e-10,HMM
2015-04-13,Normal,4.662320639122894e-10,HMM
2015-04-14,Normal,5.325132749651706e-10,HMM
2015-04-15,Normal,7.235085368860995e-10,HMM
2015-04-16,Normal,7.203353116390973e-10,HMM
2015-04-17,Normal,7.0701148189579e-10,HMM
2015-04-20,Normal,6.998528472180052e-10,HMM
2015-04-21,Normal,6.625184323878676e-10,HMM
2015-04-22,Normal,6.636004996307464e-10,HMM
2015-04-23,Normal,5.770403944546238e-10,HMM
2015-04-24,Normal,5.771602664075121e-10,HMM
2015-04-27,Normal,7.430350263669249e-10,HMM
2015-04-28,Normal,7.568944977630741e-10,HMM
2015-04-29,Normal,1.0111817547312493e-9,HMM
2015-04-30,Normal,1.0250387519625464e-9,HMM
2015-05-01,Normal,1.1558227198919702e-9,HMM
2015-05-04,Normal,1.1634300259244173e-9,HMM
2015-05-05,Normal,1.1679962977265985e-9,HMM
2015-05-06,Normal,1.2717220656792257e-9,HMM
2015-05-07,Normal,1.2731603925843786e-9,HMM
2015-05-08,Normal,1.2078484624555852e-9,HMM
2015-05-11,Normal,1.1466639783632683e-9,HMM
2015-05-12,Normal,1.013809522340435e-9,HMM
2015-05-13,Normal,9.947013038153612e-10,HMM
2015-05-14,Normal,1.021798050690727e-9,HMM
2015-05-15,Normal,9.915657352621144e-10,HMM
2015-05-18,Normal,1.0245544399893297e-9,HMM
2015-05-19,Normal,9.272497395041524e-10,HMM
2015-05-20,Normal,9.757725592784395e-10,HMM
2015-05-21,Normal,9.477558750482083e-10,HMM
2015-05-22,Normal,1.1639123784792431e-9,HMM
2015-05-26,Normal,8.690295750167527e-10,HMM
2015-05-27,Normal,8.673607262866425e-10,HMM
2015-05-28,Normal,8.30766945004489e-10,HMM
2015-05-29,Normal,6.378919147686553e-10,HMM
2015-06-01,Normal,6.366098319899476e-10,HMM
2015-06-02,Normal,6.361310820615508e-10,HMM
2015-06-03,Normal,6.398375520594919e-10,HMM
2015-06-04,Normal,5.604247176941912e-10,HMM
2015-06-05,Normal,5.761406654772124e-10,HMM
2015-06-08,Normal,5.683487121389843e-10,HMM
2015-06-09,Normal,5.172221651950173e-10,HMM
2015-06-10,Normal,5.038055731835988e-10,HMM
2015-06-11,Normal,5.731077570910145e-10,HMM
2015-06-12,Normal,1.4736019722509976e-6,HMM
2015-06-15,Crisis,1.0,HMM
2015-06-16,Crisis,1.0,HMM
2015-06-17,Crisis,1.0,HMM
2015-06-18,Crisis,1.0,HMM
2015-06-19,Crisis,1.0,HMM
2015-06-22,Crisis,1.0,HMM
2015-06-23,Crisis,1.0,HMM
2015-06-24,Crisis,1.0,HMM
2015-06-25,Crisis,1.0,HMM
2015-06-26,Crisis,1.0,HMM
2015-06-29,Normal,2.0667690454959726e-6,HMM
2015-06-30,Normal,7.821699970916068e-10,HMM
2015-07-01,Normal,7.29378043618421e-10,HMM
2015-07-02,Normal,7.311818563532208e-10,HMM
2015-07-03,Normal,7.000924451810769e-10,HMM
2015-07-06,Normal,6.27450729358996e-10,HMM
2015-07-07,Normal,5.459125507364812e-10,HMM
2015-07-08,Normal,5.99316814187465e-10,HMM
2015-07-09,Normal,5.255772810727813e-10,HMM
2015-07-10,Normal,5.306711383135548e-10,HMM
2015-07-13,Normal,5.315650084590613e-10,HMM
2015-07-14,Normal,5.964964873774268e-10,HMM
2015-07-15,Normal,5.947528135238638e-10,HMM
2015-07-16,Normal,5.949211095709234e-10,HMM
2015-07-17,Normal,5.954793371381035e-10,HMM
2015-07-20,Normal,6.576114310214262e-10,HMM
2015-07-21,Normal,6.945227528680372e-10,HMM
2015-07-22,Normal,7.27382780938224e-10,HMM
2015-07-23,Normal,7.250018328160424e-10,HMM
2015-07-24,Normal,7.116872651378182e-10,HMM
2015-07-27,Normal,7.124953262819727e-10,HMM
2015-07-28,Normal,7.236891173122216e-10,HMM
2015-07-29,Normal,7.717009327692394e-10,HMM
2015-07-30,Normal,8.465037323050422e-10,HMM
2015-07-31,Normal,8.371897528803627e-10,HMM
2015-08-03,Normal,5.943733825679659e-10,HMM
2015-08-04,Normal,6.373091369255655e-10,HMM
2015-08-05,Normal,7.520500198384881e-10,HMM
2015-08-06,Normal,7.711650765976711e-10,HMM
2015-08-07,Normal,1.0120519570857133e-9,HMM
2015-08-10,Normal,9.408478928059908e-10,HMM
2015-08-11,Normal,9.3155064283543e-10,HMM
2015-08-12,Normal,8.386086938421532e-10,HMM
2015-08-13,Normal,8.497778180479344e-10,HMM
2015-08-14,Normal,8.548282505722017e-10,HMM
2015-08-17,Normal,8.557213620572416e-10,HMM
2015-08-18,Normal,8.571066563953208e-10,HMM
2015-08-19,Normal,8.240785811874061e-10,HMM
2015-08-20,Normal,8.497227901047839e-10,HMM
2015-08-21,Normal,7.665113576533356e-10,HMM
2015-08-24,Normal,6.496182635057318e-10,HMM
2015-08-25,Normal,6.278812365941033e-10,HMM
2015-08-26,Normal,6.410855275797803e-10,HMM
2015-08-27,Normal,3.426625263286271e-10,HMM
2015-08-28,Normal,1.49407428844954e-10,HMM
2015-09-01,Normal,1.448945053022832e-10,HMM
2015-09-02,Normal,2.327674876036684e-10,HMM
2015-09-03,Normal,1.6337971057330723e-10,HMM
2015-09-04,Normal,1.407191322315699e-10,HMM
2015-09-07,Normal,1.2167870644916399e-10,HMM
2015-09-08,Normal,9.088886622885518e-11,HMM
2015-09-09,Normal,8.975767421553833e-11,HMM
2015-09-10,Normal,9.360914988476207e-11,HMM
2015-09-11,Normal,9.407206212201897e-11,HMM
2015-09-14,Normal,9.027122542749752e-11,HMM
2015-09-15,Normal,9.031826388102452e-11,HMM
2015-09-16,Normal,5.02159094585249e-11,HMM
2015-09-17,Normal,4.8943448612722046e-11,HMM
2015-09-18,Normal,5.058194886213307e-11,HMM
2015-09-21,Normal,5.0589853503326416e-11,HMM
2015-09-22,Normal,5.781733820846386e-11,HMM
2015-09-23,Normal,7.729296259820593e-11,HMM
2015-09-24,Normal,7.174417334831737e-11,HMM
2015-09-25,Normal,7.231638135513727e-11,HMM
2015-09-28,Normal,9.631047575330732e-11,HMM
2015-09-29,Normal,1.6560286029367486e-10,HMM
2015-09-30,Normal,1.7082060293618392e-10,HMM
2015-10-01,Normal,1.8047324944721988e-10,HMM
2015-10-02,Normal,2.561654602382134e-10,HMM
2015-10-05,Normal,1.8810871177019505e-10,HMM
2015-10-06,Normal,2.118826902572781e-10,HMM
2015-10-07,Normal,2.764196620586358e-10,HMM
2015-10-08,Normal,2.8930504366365907e-10,HMM
2015-10-09,Normal,2.916508808282671e-10,HMM
2015-10-12,Normal,2.870447027178644e-10,HMM
2015-10-13,Normal,2.496449923635846e-10,HMM
2015-10-14,Normal,2.4162978567689166e-10,HMM
2015-10-15,Normal,4.4765196183441114e-10,HMM
2015-10-16,Normal,4.451717669310332e-10,HMM
2015-10-19,Normal,4.2150465673595913e-10,HMM
2015-10-20,Normal,4.1695434905215166e-10,HMM
2015-10-21,Normal,4.355694290541401e-10,HMM
2015-10-22,Normal,4.784428873232191e-10,HMM
2015-10-23,Normal,4.969299914298636e-10,HMM
2015-10-26,Normal,4.961561808230136e-10,HMM
2015-10-27,Normal,5.07728506712862e-10,HMM
2015-10-28,Normal,4.554441439357262e-10,HMM
2015-10-29,Normal,4.539812980480022e-10,HMM
2015-10-30,Normal,4.543242778498084e-10,HMM
2015-11-02,Normal,4.774031279759869e-10,HMM
2015-11-03,Normal,7.583594876546929e-10,HMM
2015-11-04,Normal,8.935990547842669e-10,HMM
2015-11-05,Normal,8.965403433978572e-10,HMM
2015-11-06,Normal,8.804808575666614e-10,HMM
2015-11-09,Normal,8.735589171897573e-10,HMM
2015-11-10,Normal,8.148955530790369e-10,HMM
2015-11-11,Normal,8.681697525554555e-10,HMM
2015-11-12,Normal,8.79220233081696e-10,HMM
2015-11-13,Normal,5.489907986619075e-10,HMM
2015-11-16,Normal,5.377008063362788e-10,HMM
2015-11-17,Normal,5.022935643179633e-10,HMM
2015-11-18,Normal,4.985244697028488e-10,HMM
2015-11-19,Normal,4.669007629637848e-10,HMM
2015-11-20,Normal,4.608245170541157e-10,HMM
2015-11-23,Normal,4.1035244467378863e-10,HMM
2015-11-24,Normal,3.986309937567418e-10,HMM
2015-11-25,Normal,4.048510383798945e-10,HMM
2015-11-26,Normal,5.302000656941591e-10,HMM
2015-11-27,Normal,5.393187550028527e-10,HMM
2015-11-30,Normal,5.155595059206597e-10,HMM
2015-12-01,Normal,5.060211359793746e-10,HMM
2015-12-02,Normal,4.882896524194358e-10,HMM
2015-12-03,Normal,5.000597781722532e-10,HMM
2015-12-04,Normal,5.027234940728776e-10,HMM
2015-12-07,Normal,4.471557950170706e-10,HMM
2015-12-08,Normal,4.512346963884686e-10,HMM
2015-12-09,Normal,5.027182771837803e-10,HMM
2015-12-10,Normal,5.377047269720224e-10,HMM
2015-12-11,Normal,4.689645649733639e-10,HMM
2015-12-14,Normal,7.086201727625324e-10,HMM
2015-12-15,Normal,7.060631662350342e-10,HMM
2015-12-16,Normal,7.621030908576098e-10,HMM
2015-12-17,Normal,7.561739857112579e-10,HMM
2015-12-18,Normal,7.797549296146471e-10,HMM
2015-12-21,Normal,7.082147028859501e-10,HMM
2015-12-22,Normal,8.399952259972307e-10,HMM
2015-12-23,Normal,8.428313268592615e-10,HMM
2015-12-24,Normal,6.377542557369283e-10,HMM
2015-12-28,Normal,6.406600844967581e-10,HMM
2015-12-29,Normal,6.416499629849115e-10,HMM
2015-12-30,Normal,6.393733678864097e-10,HMM
2015-12-31,Normal,5.558476529992412e-10,HMM
2016-01-04,Normal,5.761333258901948e-10,HMM
2016-01-05,Normal,5.706491495904511e-10,HMM
2016-01-06,Normal,4.801790777415266e-10,HMM
2016-01-07,Normal,5.49271964908037e-10,HMM
2016-01-08,Normal,4.2087091985718766e-10,HMM
2016-01-11,Normal,3.585306907440111e-10,HMM
2016-01-12,Normal,3.41592769293496e-10,HMM
2016-01-13,Normal,3.780121370883817e-10,HMM
2016-01-14,Normal,3.604284194593478e-10,HMM
2016-01-15,Normal,4.412597586326338e-10,HMM
2016-01-18,Normal,3.7839574802175274e-10,HMM
2016-01-19,Normal,3.7154651100398844e-10,HMM
2016-01-20,Normal,3.5247759951768274e-10,HMM
2016-01-21,Normal,2.03197528455616e-10,HMM
2016-01-22,Normal,5.1996019162473715e-11,HMM
2016-01-25,Normal,5.3623596355867704e-11,HMM
2016-01-26,Normal,5.490406416359964e-11,HMM
2016-01-27,Normal,4.7961559556706624e-11,HMM
2016-01-28,Normal,3.968797782552236e-11,HMM
2016-01-29,Normal,4.3091304183392036e-11,HMM
2016-02-01,Normal,4.6157789795523585e-11,HMM
2016-02-02,Normal,3.92459520232429e-11,HMM
2016-02-03,Normal,3.083073450357772e-11,HMM
2016-02-04,Normal,3.723394810994212e-11,HMM
2016-02-05,Normal,3.6992982124168627e-11,HMM
2016-02-08,Normal,4.9155910219748083e-11,HMM
2016-02-09,Normal,4.9769752201802807e-11,HMM
2016-02-10,Normal,5.4442357477702205e-11,HMM
2016-02-11,Normal,5.209286548459814e-11,HMM
2016-02-12,Normal,1.847285171726586e-11,HMM
2016-02-16,Normal,1.7168897733358967e-11,HMM
2016-02-17,Normal,1.6499408077079082e-11,HMM
2016-02-18,Normal,1.6488785563531057e-11,HMM
2016-02-19,Normal,1.708199914135433e-11,HMM
2016-02-22,Normal,1.7044082905237157e-11,HMM
2016-02-23,Normal,3.239265350698544e-11,HMM
2016-02-24,Normal,3.3557881723529534e-11,HMM
2016-02-25,Normal,3.239510301605766e-11,HMM
2016-02-26,Normal,1.6516864978111558e-11,HMM
2016-02-29,Normal,1.82616147423062e-11,HMM
2016-03-01,Normal,1.8073054311865797e-11,HMM
2016-03-02,Normal,1.9089598446218652e-11,HMM
2016-03-03,Normal,2.3829119015177196e-11,HMM
2016-03-04,Normal,2.249772550182756e-11,HMM
2016-03-07,Normal,2.067309749967195e-11,HMM
2016-03-08,Normal,2.16689950411202e-11,HMM
2016-03-09,Normal,2.3586054801381046e-11,HMM
2016-03-10,Normal,2.5476465882576016e-11,HMM
2016-03-11,Normal,2.7944792050166827e-11,HMM
2016-03-14,Normal,2.6265856671164512e-11,HMM
2016-03-15,Normal,5.915485091807825e-11,HMM
2016-03-16,Normal,6.456658521968719e-11,HMM
2016-03-17,Normal,9.097684138299751e-11,HMM
2016-03-18,Normal,9.089414193077631e-11,HMM
2016-03-21,Normal,1.2764592346740618e-10,HMM
2016-03-22,Normal,1.6781560400358721e-10,HMM
2016-03-23,Normal,1.8597003294696396e-10,HMM
2016-03-24,Normal,1.854206952640663e-10,HMM
2016-03-28,Normal,2.078507252003412e-10,HMM
2016-03-29,Normal,3.6591620664135574e-10,HMM
2016-03-30,Normal,3.661799963203313e-10,HMM
2016-03-31,Normal,3.680497124886334e-10,HMM
2016-04-01,Normal,3.763430682687761e-10,HMM
2016-04-04,Normal,3.853027407996371e-10,HMM
2016-04-05,Normal,5.31376435455155e-10,HMM
2016-04-06,Normal,4.498348305132387e-10,HMM
2016-04-07,Normal,4.40121396906459e-10,HMM
2016-04-08,Normal,1.6957933706993075e-10,HMM
2016-04-11,Normal,1.9981393679715411e-10,HMM
2016-04-12,Normal,1.8564120905543212e-10,HMM
2016-04-13,Normal,2.182462668895501e-10,HMM
2016-04-14,Normal,2.2968591842219267e-10,HMM
2016-04-15,Normal,1.9042170731524172e-10,HMM
2016-04-18,Normal,1.987279026918597e-10,HMM
2016-04-19,Normal,1.814749812405681e-10,HMM
2016-04-20,Normal,1.842405080580456e-10,HMM
2016-04-21,Normal,1.8656238827284008e-10,HMM
2016-04-22,Normal,2.37299106933403e-10,HMM
2016-04-25,Normal,2.25394408321791e-10,HMM
2016-04-26,Normal,2.1996344195967266e-10,HMM
2016-04-27,Normal,2.8838874109583083e-10,HMM
2016-04-28,Normal,2.755558305140027e-10,HMM
2016-04-29,Normal,2.7611619637165677e-10,HMM
2016-05-02,Normal,2.8724922111385614e-10,HMM
2016-05-03,Normal,1.75067374190556e-10,HMM
2016-05-04,Normal,1.7707825573980044e-10,HMM
2016-05-05,Normal,2.0806290808091088e-10,HMM
2016-05-06,Normal,2.2272247254347543e-10,HMM
2016-05-09,Normal,3.99035816248667e-10,HMM
2016-05-10,Normal,3.6209776195764903e-10,HMM
2016-05-11,Normal,3.256527133637166e-10,HMM
2016-05-12,Normal,3.280499122370629e-10,HMM
2016-05-13,Normal,3.251084078874549e-10,HMM
2016-05-16,Normal,3.8638358046049645e-10,HMM
2016-05-17,Normal,3.8588091555348284e-10,HMM
2016-05-18,Normal,4.168543331769936e-10,HMM
2016-05-19,Normal,3.3188792933411026e-10,HMM
2016-05-20,Normal,3.0519769372476316e-10,HMM
2016-05-23,Normal,2.9185673817502447e-10,HMM
2016-05-24,Normal,3.1630242774740046e-10,HMM
2016-05-25,Normal,3.261587235366468e-10,HMM
2016-05-26,Normal,3.2399439352376247e-10,HMM
2016-05-27,Normal,3.4589796355293794e-10,HMM
2016-05-31,Normal,3.4625849066695164e-10,HMM
2016-06-01,Normal,3.398295874191332e-10,HMM
2016-06-02,Normal,5.51086572838691e-10,HMM
2016-06-03,Normal,5.342478113708748e-10,HMM
2016-06-06,Normal,5.745449983358213e-10,HMM
2016-06-07,Normal,5.654669983369877e-10,HMM
2016-06-08,Normal,8.10655411019837e-10,HMM
2016-06-09,Normal,8.91868136080271e-10,HMM
2016-06-10,Normal,1.0440740872811478e-9,HMM
2016-06-13,Normal,1.0322001697790892e-9,HMM
2016-06-14,Normal,9.192383358494517e-10,HMM
2016-06-15,Normal,1.0271965706431705e-9,HMM
2016-06-16,Normal,8.721795509415815e-10,HMM
2016-06-17,Normal,8.235805581530929e-10,HMM
2016-06-20,Normal,7.739860061235506e-10,HMM
2016-06-21,Normal,2.1249898189358644e-6,HMM
2016-06-22,Crisis,1.0,HMM
2016-06-23,Crisis,1.0,HMM
2016-06-24,Crisis,1.0,HMM
2016-06-27,Crisis,1.0,HMM
2016-06-28,Crisis,1.0,HMM
2016-06-29,Crisis,1.0,HMM
2016-06-30,Crisis,1.0,HMM
2016-07-01,Crisis,1.0,HMM
2016-07-04,Crisis,1.0,HMM
2016-07-05,Crisis,1.0,HMM
2016-07-06,Crisis,1.0,HMM
2016-07-07,Normal,1.0155857915807814e-6,HMM
2016-07-08,Normal,3.8262485538221947e-10,HMM
2016-07-11,Normal,3.8675159411404294e-10,HMM
2016-07-12,Normal,2.4117738206960925e-10,HMM
2016-07-13,Normal,2.168374993245978e-10,HMM
2016-07-14,Normal,1.946539663083008e-10,HMM
2016-07-15,Normal,2.2801773213837958e-10,HMM
2016-07-18,Normal,2.282643305763257e-10,HMM
2016-07-19,Normal,2.895186004031472e-10,HMM
2016-07-20,Normal,2.907966954859343e-10,HMM
2016-07-21,Normal,2.8488866600828476e-10,HMM
2016-07-22,Normal,2.813552327855754e-10,HMM
2016-07-25,Normal,3.2502605841019985e-10,HMM
2016-07-26,Normal,3.669276967263322e-10,HMM
2016-07-27,Normal,3.9421364254958324e-10,HMM
2016-07-28,Normal,5.152418668399988e-10,HMM
2016-07-29,Normal,4.928047101944679e-10,HMM
2016-08-01,Normal,4.90157805734997e-10,HMM
2016-08-02,Normal,5.040092977043342e-10,HMM
2016-08-03,Normal,6.013460820672431e-10,HMM
2016-08-04,Normal,5.546600219505882e-10,HMM
2016-08-05,Normal,4.977447370594797e-10,HMM
2016-08-08,Normal,5.204081693599564e-10,HMM
2016-08-09,Normal,5.259523130870489e-10,HMM
2016-08-10,Normal,7.955388343618975e-10,HMM
2016-08-11,Normal,7.146428965058483e-10,HMM
2016-08-12,Normal,7.605250883054592e-10,HMM
2016-08-15,Normal,5.749086691565137e-10,HMM
2016-08-16,Normal,5.851323581638802e-10,HMM
2016-08-17,Normal,5.858373660562529e-10,HMM
2016-08-18,Normal,5.711772389333369e-10,HMM
2016-08-19,Normal,6.041952669071756e-10,HMM
2016-08-22,Normal,5.698705397226992e-10,HMM
2016-08-23,Normal,5.826557822436688e-10,HMM
2016-08-24,Normal,5.3532119082316e-10,HMM
2016-08-25,Normal,5.148168725207166e-10,HMM
2016-08-26,Normal,5.687081769474671e-10,HMM
2016-08-29,Normal,6.555748448644069e-10,HMM
2016-08-30,Normal,5.567344690687935e-10,HMM
2016-08-31,Normal,5.628983115208359e-10,HMM
2016-09-01,Normal,3.3211884408378845e-10,HMM
2016-09-02,Normal,3.3394811987921836e-10,HMM
2016-09-05,Normal,3.4846801794906694e-10,HMM
2016-09-06,Normal,3.470725176135972e-10,HMM
2016-09-07,Normal,3.4022787570580206e-10,HMM
2016-09-08,Normal,3.1707267421192714e-10,HMM
2016-09-09,Normal,3.6436344849622627e-10,HMM
2016-09-12,Normal,3.657166093256411e-10,HMM
2016-09-13,Normal,4.284705400976747e-10,HMM
2016-09-14,Normal,4.3868988619669177e-10,HMM
2016-09-15,Normal,4.406150391158106e-10,HMM
2016-09-16,Normal,4.5996501697226875e-10,HMM
2016-09-19,Normal,4.377515614531952e-10,HMM
2016-09-20,Normal,4.549494330233972e-10,HMM
2016-09-21,Normal,4.475872465656783e-10,HMM
2016-09-22,Normal,4.33292158907885e-10,HMM
2016-09-23,Normal,5.018457742676218e-10,HMM
2016-09-26,Normal,5.088034825999974e-10,HMM
2016-09-27,Normal,4.5183265442537383e-10,HMM
2016-09-28,Normal,4.930136477382054e-10,HMM
2016-09-29,Normal,3.017253971664146e-10,HMM
2016-09-30,Normal,4.705813100613207e-10,HMM
2016-10-03,Normal,4.85585936372787e-10,HMM
2016-10-04,Normal,4.965820405033616e-10,HMM
2016-10-05,Normal,4.986357356282784e-10,HMM
2016-10-06,Normal,5.057925135044891e-10,HMM
2016-10-07,Normal,6.428381766690978e-10,HMM
2016-10-10,Normal,6.468649858574384e-10,HMM
2016-10-11,Normal,6.201342967893167e-10,HMM
2016-10-12,Normal,6.57729458147344e-10,HMM
2016-10-13,Normal,6.895381461175943e-10,HMM
2016-10-14,Normal,6.773612543377136e-10,HMM
2016-10-17,Normal,6.971506203068899e-10,HMM
2016-10-18,Normal,7.088222676371708e-10,HMM
2016-10-19,Normal,6.468089929123957e-10,HMM
2016-10-20,Normal,5.743750704222524e-10,HMM
2016-10-21,Normal,6.073012150758081e-10,HMM
2016-10-24,Normal,6.093373824381161e-10,HMM
2016-10-25,Normal,5.893329996927695e-10,HMM
2016-10-26,Normal,7.066422967128329e-10,HMM
2016-10-27,Normal,7.120144105246873e-10,HMM
2016-10-28,Normal,1.0560375632977039e-9,HMM
2016-10-31,Normal,9.265635842426029e-10,HMM
2016-11-01,Normal,9.325715938273532e-10,HMM
2016-11-02,Normal,8.419608102530943e-10,HMM
2016-11-03,Normal,8.863661095659592e-10,HMM
2016-11-04,Normal,9.079004952575094e-10,HMM
2016-11-07,Normal,9.315962271705306e-10,HMM
2016-11-08,Normal,9.683095907968036e-10,HMM
2016-11-09,Normal,9.560394917466917e-10,HMM
2016-11-10,Normal,9.757656636997675e-10,HMM
2016-11-11,Normal,7.942128736784138e-10,HMM
2016-11-14,Normal,7.782647884071529e-10,HMM
2016-11-15,Normal,5.063087983713792e-10,HMM
2016-11-16,Normal,4.812100921815572e-10,HMM
2016-11-17,Normal,6.211403553923022e-10,HMM
2016-11-18,Normal,6.552178188416301e-10,HMM
2016-11-21,Normal,5.420980285976708e-10,HMM
2016-11-22,Normal,5.413521279520151e-10,HMM
2016-11-23,Normal,5.401729960002209e-10,HMM
2016-11-24,Normal,5.068869779961015e-10,HMM
2016-11-25,Normal,4.755023022442574e-10,HMM
2016-11-28,Normal,5.096829709885114e-10,HMM
2016-11-29,Normal,4.720429136367535e-10,HMM
2016-11-30,Normal,2.6161067296357015e-10,HMM
2016-12-01,Normal,1.3960246422356023e-10,HMM
2016-12-02,Normal,1.438850502406162e-10,HMM
2016-12-05,Normal,1.5523300870664954e-10,HMM
2016-12-06,Normal,1.4553131558510267e-10,HMM
2016-12-07,Normal,1.4126811733956554e-10,HMM
2016-12-08,Normal,1.3811798147680989e-10,HMM
2016-12-09,Normal,1.407454512647703e-10,HMM
2016-12-12,Normal,1.9190058599591695e-10,HMM
2016-12-13,Normal,1.7951559507704292e-10,HMM
2016-12-14,Normal,2.1978648061913032e-10,HMM
2016-12-15,Normal,1.952430445994854e-10,HMM
2016-12-16,Normal,1.7286089599958296e-10,HMM
2016-12-19,Normal,1.678313886531842e-10,HMM
2016-12-20,Normal,1.7855195818752091e-10,HMM
2016-12-21,Normal,1.549123216412197e-10,HMM
2016-12-22,Normal,1.525670229153733e-10,HMM
2016-12-23,Normal,1.5464316446485714e-10,HMM
2016-12-28,Normal,1.721088458450788e-10,HMM
2016-12-29,Normal,1.7091145603731406e-10,HMM
2016-12-30,Normal,2.2642000493807287e-10,HMM
2017-01-03,Normal,3.6020122849376967e-10,HMM
2017-01-04,Normal,8.472930090902767e-10,HMM
2017-01-05,Normal,8.443789704090431e-10,HMM
2017-01-06,Normal,8.494504002598499e-10,HMM
2017-01-09,Normal,8.055961362290259e-10,HMM
2017-01-10,Normal,7.603223709260259e-10,HMM
2017-01-11,Normal,7.621737989537721e-10,HMM
2017-01-12,Normal,7.501842611254556e-10,HMM
2017-01-13,Normal,8.585112672968076e-10,HMM
2017-01-16,Normal,8.793907260786497e-10,HMM
2017-01-17,Normal,8.773170341352595e-10,HMM
2017-01-18,Normal,9.33037736632342e-10,HMM
2017-01-19,Normal,1.2174949127905098e-9,HMM
2017-01-20,Normal,1.0562466742550133e-9,HMM
2017-01-23,Normal,1.1003304574675775e-9,HMM
2017-01-24,Normal,1.2350622682193716e-9,HMM
2017-01-25,Normal,1.2843774740283143e-9,HMM
2017-01-26,Normal,1.1601601522695167e-9,HMM
2017-01-27,Normal,1.1459025780314796e-9,HMM
2017-01-30,Normal,1.1458867686207619e-9,HMM
2017-01-31,Normal,1.1345618515431528e-9,HMM
2017-02-01,Normal,1.1219216413286173e-9,HMM
2017-02-02,Normal,1.1358633725123797e-9,HMM
2017-02-03,Normal,1.1421716493638825e-9,HMM
2017-02-06,Normal,1.143058291254015e-9,HMM
2017-02-07,Normal,1.1782804965211407e-9,HMM
2017-02-08,Normal,1.2388307832272591e-9,HMM
2017-02-09,Normal,1.2334882262606893e-9,HMM
2017-02-10,Normal,1.196565408111502e-9,HMM
2017-02-13,Normal,1.1388917343715092e-9,HMM
2017-02-14,Normal,1.1070642638349754e-9,HMM
2017-02-15,Normal,1.10535748088732e-9,HMM
2017-02-16,Normal,1.1391030652646767e-9,HMM
2017-02-17,Normal,1.1567998713653195e-9,HMM
2017-02-20,Normal,1.325801766078322e-9,HMM
2017-02-21,Normal,1.2662430289104203e-9,HMM
2017-02-22,Normal,1.1523744142485475e-9,HMM
2017-02-23,Normal,1.122160630708929e-9,HMM
2017-02-24,Normal,1.1811180739386592e-9,HMM
2017-02-27,Normal,1.2409645346365503e-9,HMM
2017-02-28,Normal,1.1545619327891348e-9,HMM
2017-03-01,Normal,9.007246085904754e-10,HMM
2017-03-02,Normal,8.283231752823389e-10,HMM
2017-03-03,Normal,8.299579504441519e-10,HMM
2017-03-06,Normal,8.141942559147458e-10,HMM
2017-03-07,Normal,8.390733331664289e-10,HMM
2017-03-08,Normal,8.312078443822836e-10,HMM
2017-03-09,Normal,6.400385802144816e-10,HMM
2017-03-10,Normal,6.415132618217796e-10,HMM
2017-03-13,Normal,6.934002976140179e-10,HMM
2017-03-14,Normal,7.094216974496394e-10,HMM
2017-03-15,Normal,6.878960966862085e-10,HMM
2017-03-16,Normal,6.885566066883024e-10,HMM
2017-03-17,Normal,6.88998137115677e-10,HMM
2017-03-20,Normal,6.938667759738227e-10,HMM
2017-03-21,Normal,7.179256349162271e-10,HMM
2017-03-22,Normal,7.709913431287544e-10,HMM
2017-03-23,Normal,7.829073012929146e-10,HMM
2017-03-24,Normal,8.287217154099553e-10,HMM
2017-03-27,Normal,8.487925311377181e-10,HMM
2017-03-28,Normal,8.239777299645004e-10,HMM
2017-03-29,Normal,8.466871219714433e-10,HMM
2017-03-30,Normal,1.0645569724831224e-9,HMM
2017-03-31,Normal,1.1624543740259915e-9,HMM
2017-04-03,Normal,1.1623022339211887e-9,HMM
2017-04-04,Normal,1.1165535974264e-9,HMM
2017-04-05,Normal,1.1087021843671653e-9,HMM
2017-04-06,Normal,1.1930672541988919e-9,HMM
2017-04-07,Normal,1.7346224858749809e-9,HMM
2017-04-10,Normal,1.726970669946168e-9,HMM
2017-04-11,Normal,1.7792626680541087e-9,HMM
2017-04-12,Normal,1.8370903508422928e-9,HMM
2017-04-13,Normal,1.923227128528892e-9,HMM
2017-04-17,Normal,1.9075709350266426e-9,HMM
2017-04-18,Normal,1.4318969240429773e-9,HMM
2017-04-19,Normal,1.4266001811863248e-9,HMM
2017-04-20,Normal,1.2249710870334686e-9,HMM
2017-04-21,Normal,1.2121605398001995e-9,HMM
2017-04-24,Normal,1.2224292832520068e-9,HMM
2017-04-25,Normal,1.224236613907552e-9,HMM
2017-04-26,Normal,1.1988726689664332e-9,HMM
2017-04-27,Normal,1.208022351778561e-9,HMM
2017-04-28,Normal,1.2406044292539876e-9,HMM
2017-05-01,Normal,1.2279213676093076e-9,HMM
2017-05-02,Normal,1.164823578980502e-9,HMM
2017-05-03,Normal,1.156765898920821e-9,HMM
2017-05-04,Normal,1.1685059444144405e-9,HMM
2017-05-05,Normal,1.1876312139064783e-9,HMM
2017-05-08,Normal,1.1816258823292703e-9,HMM
2017-05-09,Normal,1.1921963906070004e-9,HMM
2017-05-10,Normal,1.1108122537078868e-9,HMM
2017-05-11,Normal,1.0031685345704757e-9,HMM
2017-05-12,Normal,1.0057776789436587e-9,HMM
2017-05-15,Normal,7.495415278781209e-10,HMM
2017-05-16,Normal,7.49569825423767e-10,HMM
2017-05-17,Normal,8.818412868973933e-10,HMM
2017-05-18,Normal,8.826282308830895e-10,HMM
2017-05-19,Normal,9.777500171696993e-10,HMM
2017-05-22,Normal,1.0070074587694848e-9,HMM
2017-05-23,Normal,1.0241234876642498e-9,HMM
2017-05-24,Normal,1.0274703791069843e-9,HMM
2017-05-25,Normal,9.732683547615095e-10,HMM
2017-05-26,Normal,8.923749336337047e-10,HMM
2017-05-29,Normal,8.219979559897443e-10,HMM
2017-05-30,Normal,7.507232165594849e-10,HMM
2017-05-31,Normal,7.383261503802368e-10,HMM
2017-06-01,Normal,7.15264275537234e-10,HMM
2017-06-02,Normal,6.461783790230257e-10,HMM
2017-06-05,Normal,6.444835349618479e-10,HMM
2017-06-06,Normal,6.720919636335826e-10,HMM
2017-06-07,Normal,6.382152576019862e-10,HMM
2017-06-08,Normal,6.583136540996088e-10,HMM
2017-06-09,Normal,7.013413108114313e-10,HMM
2017-06-12,Normal,6.857419696503095e-10,HMM
2017-06-13,Normal,9.120763816696566e-10,HMM
2017-06-14,Normal,8.34050365402996e-10,HMM
2017-06-15,Normal,8.545059113476777e-10,HMM
2017-06-16,Normal,8.505451662884395e-10,HMM
2017-06-19,Normal,9.170038881387687e-10,HMM
2017-06-20,Normal,8.219476880875251e-10,HMM
2017-06-21,Normal,7.71960638269804e-10,HMM
2017-06-22,Normal,7.79772515343805e-10,HMM
2017-06-23,Normal,7.924244535987858e-10,HMM
2017-06-26,Normal,8.28367207266344e-10,HMM
2017-06-27,Normal,6.719745835560887e-10,HMM
2017-06-28,Normal,7.18700822753423e-10,HMM
2017-06-29,Normal,7.397479997098556e-10,HMM
2017-06-30,Normal,7.886123115004372e-10,HMM
2017-07-03,Normal,7.338430112443638e-10,HMM
2017-07-04,Normal,7.363573621553349e-10,HMM
2017-07-05,Normal,6.48953429689934e-10,HMM
2017-07-06,Normal,6.581474616353243e-10,HMM
2017-07-07,Normal,5.443790456466384e-10,HMM
2017-07-10,Normal,5.473659722636203e-10,HMM
2017-07-11,Normal,5.558309880550673e-10,HMM
2017-07-12,Normal,5.572415527720093e-10,HMM
2017-07-13,Normal,6.083771753735975e-10,HMM
2017-07-14,Normal,6.079358780337832e-10,HMM
2017-07-17,Normal,6.041707251050564e-10,HMM
2017-07-18,Normal,6.03987423506172e-10,HMM
2017-07-19,Normal,7.78743487821028e-10,HMM
2017-07-20,Normal,7.886797533485079e-10,HMM
2017-07-21,Normal,7.311404816630101e-10,HMM
2017-07-24,Normal,7.407322766998379e-10,HMM
2017-07-25,Normal,6.925007343095783e-10,HMM
2017-07-26,Normal,8.467657035538469e-10,HMM
2017-07-27,Normal,8.410143243522203e-10,HMM
2017-07-28,Normal,7.990847385576249e-10,HMM
2017-07-31,Normal,7.97794289147294e-10,HMM
2017-08-01,Normal,8.935080713921066e-10,HMM
2017-08-02,Normal,8.328657418807992e-10,HMM
2017-08-03,Normal,9.670800934470148e-10,HMM
2017-08-04,Normal,9.786221877537343e-10,HMM
2017-08-07,Normal,1.2085124064291529e-9,HMM
2017-08-08,Normal,1.1951698192875571e-9,HMM
2017-08-09,Normal,1.1911749121119516e-9,HMM
2017-08-10,Normal,1.193319619107672e-9,HMM
2017-08-11,Normal,1.1219780530499378e-9,HMM
2017-08-14,Normal,1.1147721616242742e-9,HMM
2017-08-15,Normal,9.981830090436935e-10,HMM
2017-08-16,Normal,9.923106671660814e-10,HMM
2017-08-17,Normal,9.96720912464763e-10,HMM
2017-08-18,Normal,9.857204504979269e-10,HMM
2017-08-21,Normal,1.0385792062058019e-9,HMM
2017-08-22,Normal,1.038871993405541e-9,HMM
2017-08-23,Normal,1.1278743800697225e-9,HMM
2017-08-24,Normal,1.1380205020136282e-9,HMM
2017-08-25,Normal,1.1542304280321885e-9,HMM
2017-08-28,Normal,1.2625018455458277e-9,HMM
2017-08-29,Normal,1.2592589817585283e-9,HMM
2017-08-30,Normal,1.3600308411246618e-9,HMM
2017-08-31,Normal,1.4599315110938972e-9,HMM
2017-09-01,Normal,3.6539192726793085e-6,HMM
2017-09-04,Crisis,1.0,HMM
2017-09-05,Crisis,1.0,HMM
2017-09-06,Crisis,1.0,HMM
2017-09-07,Crisis,1.0,HMM
2017-09-08,Crisis,1.0,HMM
2017-09-11,Crisis,1.0,HMM
2017-09-12,Crisis,1.0,HMM
2017-09-13,Crisis,1.0,HMM
2017-09-14,Crisis,1.0,HMM
2017-09-15,Crisis,1.0,HMM
2017-09-18,Crisis,1.0,HMM
2017-09-19,Normal,3.995122280704086e-6,HMM
2017-09-20,Normal,1.6227731854722771e-9,HMM
2017-09-21,Normal,1.6057401091964564e-9,HMM
2017-09-22,Normal,1.671898263071487e-9,HMM
2017-09-25,Normal,1.6130851426531786e-9,HMM
2017-09-26,Normal,1.624076260308936e-9,HMM
2017-09-27,Normal,1.5184283434694432e-9,HMM
2017-09-28,Normal,1.5127460159258855e-9,HMM
2017-09-29,Normal,1.2848428199163371e-9,HMM
2017-10-02,Normal,1.1697223264275929e-9,HMM
2017-10-03,Normal,1.192698679616858e-9,HMM
2017-10-04,Normal,1.2362366245154924e-9,HMM
2017-10-05,Normal,1.217504479568304e-9,HMM
2017-10-06,Normal,1.0901079438840882e-9,HMM
2017-10-09,Normal,1.0922692232790656e-9,HMM
2017-10-10,Normal,1.0298399555810724e-9,HMM
2017-10-11,Normal,1.042978827480175e-9,HMM
2017-10-12,Normal,1.050621817384472e-9,HMM
2017-10-13,Normal,1.0962536595438721e-9,HMM
2017-10-16,Normal,1.0980256385852629e-9,HMM
2017-10-17,Normal,1.1256322984585019e-9,HMM
2017-10-18,Normal,1.1697641545587565e-9,HMM
2017-10-19,Normal,1.1817207049948864e-9,HMM
2017-10-20,Normal,1.1942057724576482e-9,HMM
2017-10-23,Normal,1.2013681251627707e-9,HMM
2017-10-24,Normal,1.2852685974348536e-9,HMM
2017-10-25,Normal,1.2699175539901292e-9,HMM
2017-10-26,Normal,1.3151987472052423e-9,HMM
2017-10-27,Normal,1.220859698146042e-9,HMM
2017-10-30,Normal,1.4064348388485018e-9,HMM
2017-10-31,Normal,1.5588371471895677e-9,HMM
2017-11-01,Normal,1.5369191487300998e-9,HMM
2017-11-02,Normal,1.533940418791112e-9,HMM
2017-11-03,Normal,1.581565329338415e-9,HMM
2017-11-06,Normal,1.4492826385150166e-9,HMM
2017-11-07,Normal,1.467835824175431e-9,HMM
2017-11-08,Normal,1.4983264940982858e-9,HMM
2017-11-09,Normal,1.548141251476245e-9,HMM
2017-11-10,Normal,1.5403636363895108e-9,HMM
2017-11-13,Normal,1.3877397828940929e-9,HMM
2017-11-14,Normal,1.1658787495632626e-9,HMM
2017-11-15,Normal,1.1648229645154444e-9,HMM
2017-11-16,Normal,1.1654996420203754e-9,HMM
2017-11-17,Normal,1.1726641239286196e-9,HMM
2017-11-20,Normal,1.1717827122571732e-9,HMM
2017-11-21,Normal,1.1563462655368508e-9,HMM
2017-11-22,Normal,1.150411977716653e-9,HMM
2017-11-23,Normal,1.1566688335051558e-9,HMM
2017-11-24,Normal,1.1567508605518023e-9,HMM
2017-11-27,Normal,1.2139348381913464e-9,HMM
2017-11-28,Normal,1.2186849127532722e-9,HMM
2017-11-29,Normal,1.2334811927528402e-9,HMM
2017-11-30,Normal,1.2396675249128668e-9,HMM
2017-12-01,Normal,1.2127593180979217e-9,HMM
2017-12-04,Normal,1.1608649185687979e-9,HMM
2017-12-05,Normal,1.5638124184501975e-9,HMM
2017-12-06,Normal,1.4922527894879362e-9,HMM
2017-12-07,Normal,1.495210901362043e-9,HMM
2017-12-08,Normal,1.385325632146824e-9,HMM
2017-12-11,Normal,1.249505472484571e-9,HMM
2017-12-12,Normal,1.322893050656388e-9,HMM
2017-12-13,Normal,1.4594108474672554e-9,HMM
2017-12-14,Normal,1.4617730524727892e-9,HMM
2017-12-15,Normal,1.4638340565451505e-9,HMM
2017-12-18,Normal,1.4510081502732694e-9,HMM
2017-12-19,Normal,1.4116490263370604e-9,HMM
2017-12-20,Normal,1.4294169636543443e-9,HMM
2017-12-21,Normal,1.4447480164320551e-9,HMM
2017-12-22,Normal,1.4481239521467764e-9,HMM
2017-12-27,Normal,1.3655096826563205e-9,HMM
2017-12-28,Normal,1.3593386460974838e-9,HMM
2017-12-29,Normal,1.3579110008306759e-9,HMM
2018-01-02,Normal,1.355592036869732e-9,HMM
2018-01-03,Normal,1.3183797749770163e-9,HMM
2018-01-04,Normal,1.3329872382816113e-9,HMM
2018-01-05,Normal,1.3782486759024566e-9,HMM
2018-01-08,Normal,1.3785320544559908e-9,HMM
2018-01-09,Normal,1.4871789869486394e-9,HMM
2018-01-10,Normal,1.4840296676610472e-9,HMM
2018-01-11,Normal,1.5622491431048788e-9,HMM
2018-01-12,Normal,1.652979156876187e-9,HMM
2018-01-15,Normal,1.6899041559508525e-9,HMM
2018-01-16,Normal,1.77027579759577e-9,HMM
2018-01-17,Normal,1.7586211466060486e-9,HMM
2018-01-18,Normal,1.7605912031725063e-9,HMM
2018-01-19,Normal,1.694093446213281e-9,HMM
2018-01-22,Normal,1.743061883964713e-9,HMM
2018-01-23,Normal,1.7568816025304221e-9,HMM
2018-01-24,Normal,1.7553374093164873e-9,HMM
2018-01-25,Normal,1.7174620593165202e-9,HMM
2018-01-26,Normal,1.7215856354389681e-9,HMM
2018-01-29,Normal,1.5738863141793831e-9,HMM
2018-01-30,Normal,1.5502892174157582e-9,HMM
2018-01-31,Normal,1.5510928755605761e-9,HMM
2018-02-01,Normal,1.5913396356626039e-9,HMM
2018-02-02,Normal,1.5660585357111827e-9,HMM
2018-02-05,Normal,1.585927078235844e-9,HMM
2018-02-06,Normal,1.5579043991608498e-9,HMM
2018-02-07,Normal,1.5416173481722765e-9,HMM
2018-02-08,Normal,1.4964594236626858e-9,HMM
2018-02-09,Normal,1.4855822824852199e-9,HMM
2018-02-12,Normal,1.4767464770438808e-9,HMM
2018-02-13,Normal,1.5279388071888307e-9,HMM
2018-02-14,Normal,1.512283763128665e-9,HMM
2018-02-15,Normal,1.4703047161842743e-9,HMM
2018-02-16,Normal,1.3375858702824929e-9,HMM
2018-02-19,Normal,1.3247109624094533e-9,HMM
2018-02-20,Normal,1.3611933824082777e-9,HMM
2018-02-21,Normal,1.3766969749588706e-9,HMM
2018-02-22,Normal,1.279705360841635e-9,HMM
2018-02-23,Normal,1.2978811710463948e-9,HMM
2018-02-26,Normal,1.2901218340840767e-9,HMM
2018-02-27,Normal,3.3942593797751757e-6,HMM
2018-02-28,Crisis,1.0,HMM
2018-03-01,Crisis,1.0,HMM
2018-03-02,Crisis,1.0,HMM
2018-03-05,Crisis,1.0,HMM
2018-03-06,Crisis,1.0,HMM
2018-03-07,Crisis,1.0,HMM
2018-03-08,Crisis,1.0,HMM
2018-03-09,Crisis,1.0,HMM
2018-03-12,Crisis,1.0,HMM
2018-03-13,Crisis,1.0,HMM
2018-03-14,Crisis,1.0,HMM
2018-03-15,Crisis,1.0,HMM
2018-03-16,Normal,2.9526152187182105e-6,HMM
2018-03-19,Normal,1.2853718234451348e-9,HMM
2018-03-20,Normal,1.238166327031789e-9,HMM
2018-03-21,Normal,1.094120979655153e-9,HMM
2018-03-22,Normal,1.0816902226211418e-9,HMM
2018-03-23,Normal,1.1265518129930437e-9,HMM
2018-03-26,Normal,1.1452984146755562e-9,HMM
2018-03-27,Normal,1.1686573262413691e-9,HMM
2018-03-28,Normal,1.1646529357937475e-9,HMM
2018-03-29,Normal,1.2336930926147347e-9,HMM
2018-04-03,Normal,1.4083628307177234e-9,HMM
2018-04-04,Normal,1.0589428728762572e-9,HMM
2018-04-05,Normal,1.1268869857443173e-9,HMM
2018-04-06,Normal,1.1275348472747822e-9,HMM
2018-04-09,Normal,1.061384296890454e-9,HMM
2018-04-10,Normal,9.85454011255492e-10,HMM
2018-04-11,Normal,9.429606956376319e-10,HMM
2018-04-12,Normal,9.077281555036423e-10,HMM
2018-04-13,Normal,8.815433495483858e-10,HMM
2018-04-16,Normal,8.560033700576735e-10,HMM
2018-04-17,Normal,8.464344154062228e-10,HMM
2018-04-18,Normal,8.059596720051499e-10,HMM
2018-04-19,Normal,8.009147331051773e-10,HMM
2018-04-20,Normal,8.052452986598308e-10,HMM
2018-04-23,Normal,8.801937862090834e-10,HMM
2018-04-24,Normal,8.675007590944491e-10,HMM
2018-04-25,Normal,7.682618481846176e-10,HMM
2018-04-26,Normal,7.436843673638635e-10,HMM
2018-04-27,Normal,7.457938754911264e-10,HMM
2018-04-30,Normal,7.590918669010055e-10,HMM
2018-05-01,Normal,7.32928947457237e-10,HMM
2018-05-02,Normal,6.741389728322487e-10,HMM
2018-05-03,Normal,8.899603859769512e-10,HMM
2018-05-04,Normal,8.737470197144002e-10,HMM
2018-05-08,Normal,8.579143327235718e-10,HMM
2018-05-09,Normal,7.327296344624591e-10,HMM
2018-05-10,Normal,8.21514567221373e-10,HMM
2018-05-11,Normal,8.862410385095234e-10,HMM
2018-05-14,Normal,9.357093717955578e-10,HMM
2018-05-15,Normal,9.82330423931471e-10,HMM
2018-05-16,Normal,1.0074687515331775e-9,HMM
2018-05-17,Normal,9.698134332352158e-10,HMM
2018-05-18,Normal,9.59523327828911e-10,HMM
2018-05-21,Normal,9.77793632856982e-10,HMM
2018-05-22,Normal,9.149744205531943e-10,HMM
2018-05-23,Normal,8.485537047058481e-10,HMM
2018-05-24,Normal,8.740569357147903e-10,HMM
2018-05-25,Normal,8.616934476660693e-10,HMM
2018-05-29,Normal,8.244551866159975e-10,HMM
2018-05-30,Normal,7.902187102977912e-10,HMM
2018-05-31,Normal,7.908501965061218e-10,HMM
2018-06-01,Normal,7.496683374765924e-10,HMM
2018-06-04,Normal,7.775596576744254e-10,HMM
2018-06-05,Normal,7.746072050521721e-10,HMM
2018-06-06,Normal,8.047696909999021e-10,HMM
2018-06-07,Normal,7.395888916454253e-10,HMM
2018-06-08,Normal,9.728468739186684e-10,HMM
2018-06-11,Normal,9.693306143527787e-10,HMM
2018-06-12,Normal,9.659738369752107e-10,HMM
2018-06-13,Normal,9.814843916270741e-10,HMM
2018-06-14,Normal,9.994157447420603e-10,HMM
2018-06-15,Normal,8.686313991327439e-10,HMM
2018-06-18,Normal,7.5899285606294e-10,HMM
2018-06-19,Normal,7.923024694438149e-10,HMM
2018-06-20,Normal,7.880490980953446e-10,HMM
2018-06-21,Normal,8.570799127125937e-10,HMM
2018-06-22,Normal,8.678914770372804e-10,HMM
2018-06-25,Normal,8.643757143687368e-10,HMM
2018-06-26,Normal,9.242999491089595e-10,HMM
2018-06-27,Normal,8.722246134666129e-10,HMM
2018-06-28,Normal,9.075799743830909e-10,HMM
2018-06-29,Normal,8.875282305302496e-10,HMM
2018-07-02,Normal,9.547628886383608e-10,HMM
2018-07-03,Normal,9.70099602484979e-10,HMM
2018-07-04,Normal,9.607157470942078e-10,HMM
2018-07-05,Normal,9.608484581736855e-10,HMM
2018-07-06,Normal,9.430943898447703e-10,HMM
2018-07-09,Normal,8.582223574387551e-10,HMM
2018-07-10,Normal,8.605382208603167e-10,HMM
2018-07-11,Normal,7.52652268387718e-10,HMM
2018-07-12,Normal,6.054171807549726e-10,HMM
2018-07-13,Normal,5.494635600049744e-10,HMM
2018-07-16,Normal,5.257660911401998e-10,HMM
2018-07-17,Normal,6.425293713483594e-10,HMM
2018-07-18,Normal,6.428628810197665e-10,HMM
2018-07-19,Normal,6.096801447313257e-10,HMM
2018-07-20,Normal,6.331759936774128e-10,HMM
2018-07-23,Normal,6.111979380332847e-10,HMM
2018-07-24,Normal,6.217298345470693e-10,HMM
2018-07-25,Normal,6.290370223169008e-10,HMM
2018-07-26,Normal,7.143166401244867e-10,HMM
2018-07-27,Normal,7.127526420973485e-10,HMM
2018-07-30,Normal,7.361335800630443e-10,HMM
2018-07-31,Normal,7.334948791143873e-10,HMM
2018-08-01,Normal,6.922086653302094e-10,HMM
2018-08-02,Normal,7.055804073677406e-10,HMM
2018-08-03,Normal,7.055358076806501e-10,HMM
2018-08-06,Normal,7.628746559706058e-10,HMM
2018-08-07,Normal,8.545498206037876e-10,HMM
2018-08-08,Normal,8.35936292684621e-10,HMM
2018-08-09,Normal,9.219060060234725e-10,HMM
2018-08-10,Normal,1.1412518532145322e-9,HMM
2018-08-13,Normal,1.2787980034656487e-9,HMM
2018-08-14,Normal,1.6190184037811892e-9,HMM
2018-08-15,Normal,1.3799603429678005e-9,HMM
2018-08-16,Normal,1.3481205043105323e-9,HMM
2018-08-17,Normal,1.3945508407321338e-9,HMM
2018-08-20,Normal,1.3530469366162188e-9,HMM
2018-08-21,Normal,1.4274398903085275e-9,HMM
2018-08-22,Normal,1.3563169306667877e-9,HMM
2018-08-23,Normal,1.3355582837864491e-9,HMM
2018-08-24,Normal,1.343995302055993e-9,HMM
2018-08-27,Normal,1.3478622768346306e-9,HMM
2018-08-28,Normal,1.27559067231013e-9,HMM
2018-08-29,Normal,1.3014700969233353e-9,HMM
2018-08-30,Normal,1.4266296721436585e-9,HMM
2018-08-31,Normal,1.43126825261283e-9,HMM
2018-09-03,Normal,1.4357568230015098e-9,HMM
2018-09-04,Normal,1.426758512357087e-9,HMM
2018-09-05,Normal,1.3950873084489915e-9,HMM
2018-09-06,Normal,1.4722823245645359e-9,HMM
2018-09-07,Normal,1.4738178482569283e-9,HMM
2018-09-10,Normal,1.4418335834892437e-9,HMM
2018-09-11,Normal,1.4178934803324808e-9,HMM
2018-09-12,Normal,1.3588917041921391e-9,HMM
2018-09-13,Normal,1.4231141670725958e-9,HMM
2018-09-14,Normal,1.4289032397528693e-9,HMM
2018-09-17,Normal,1.441823220586037e-9,HMM
2018-09-18,Normal,1.44410748824441e-9,HMM
2018-09-19,Normal,1.4436778305128548e-9,HMM
2018-09-20,Normal,1.4652551536829144e-9,HMM
2018-09-21,Normal,1.4697488131466663e-9,HMM
2018-09-24,Normal,1.3805372243748244e-9,HMM
2018-09-25,Normal,1.3570051867345994e-9,HMM
2018-09-26,Normal,1.3926523697584556e-9,HMM
2018-09-27,Normal,1.3816808403570936e-9,HMM
2018-09-28,Normal,1.3752799427712407e-9,HMM
2018-10-01,Normal,1.28471376017115e-9,HMM
2018-10-02,Normal,1.2903903176487365e-9,HMM
2018-10-03,Normal,1.2952491921828157e-9,HMM
2018-10-04,Normal,1.341133604391777e-9,HMM
2018-10-05,Normal,1.3555964974514212e-9,HMM
2018-10-08,Normal,1.3164085619020381e-9,HMM
2018-10-09,Normal,1.3321805127376358e-9,HMM
2018-10-10,Normal,1.2984487662035715e-9,HMM
2018-10-11,Normal,1.201351620538563e-9,HMM
2018-10-12,Normal,1.3553849595744676e-9,HMM
2018-10-15,Normal,1.3554439096267561e-9,HMM
2018-10-16,Normal,1.3491234587643596e-9,HMM
2018-10-17,Normal,1.3632171007472163e-9,HMM
2018-10-18,Normal,1.3601572551200002e-9,HMM
2018-10-19,Normal,1.3666290294648926e-9,HMM
2018-10-22,Normal,1.3679403892314125e-9,HMM
2018-10-23,Normal,1.399061184304412e-9,HMM
2018-10-24,Normal,1.4225366817607365e-9,HMM
2018-10-25,Normal,1.4219251560829644e-9,HMM
2018-10-26,Normal,1.419399240286853e-9,HMM
2018-10-29,Normal,1.4767248974454044e-9,HMM
2018-10-30,Normal,1.606561073653373e-9,HMM
2018-10-31,Normal,1.648976302781664e-9,HMM
2018-11-01,Normal,1.3012737238374348e-9,HMM
2018-11-02,Normal,1.3402140324727667e-9,HMM
2018-11-05,Normal,1.1823148964990601e-9,HMM
2018-11-06,Normal,1.1198789464554098e-9,HMM
2018-11-07,Normal,1.180526861203265e-9,HMM
2018-11-08,Normal,1.1867460644490464e-9,HMM
2018-11-09,Normal,1.2586509359751935e-9,HMM
2018-11-12,Normal,1.198972524848578e-9,HMM
2018-11-13,Normal,8.311332994180874e-10,HMM
2018-11-14,Normal,8.338673637077077e-10,HMM
2018-11-15,Normal,7.900643403806127e-10,HMM
2018-11-16,Normal,8.083337147753637e-10,HMM
2018-11-19,Normal,8.149623268452503e-10,HMM
2018-11-20,Normal,7.446487161100357e-10,HMM
2018-11-21,Normal,7.353263641970832e-10,HMM
2018-11-22,Normal,7.378233733072619e-10,HMM
2018-11-23,Normal,5.949850319579359e-10,HMM
2018-11-26,Normal,4.656894126909774e-10,HMM
2018-11-27,Normal,4.71104111410557e-10,HMM
2018-11-28,Normal,4.670174410085893e-10,HMM
2018-11-29,Normal,4.507509701691705e-10,HMM
2018-11-30,Normal,5.309687084048598e-10,HMM
2018-12-03,Normal,3.9264017382749237e-10,HMM
2018-12-04,Normal,4.0432861733747424e-10,HMM
2018-12-05,Normal,4.205668768579991e-10,HMM
2018-12-06,Normal,3.136294229628893e-10,HMM
2018-12-07,Normal,1.7094827113779095e-10,HMM
2018-12-10,Normal,1.653039235033147e-10,HMM
2018-12-11,Normal,1.7111488463198245e-10,HMM
2018-12-12,Normal,2.433968923433051e-10,HMM
2018-12-13,Normal,2.405870632201813e-10,HMM
2018-12-14,Normal,2.4703427364370544e-10,HMM
2018-12-17,Normal,2.435348430328115e-10,HMM
2018-12-18,Normal,2.1670439111035848e-10,HMM
2018-12-19,Normal,2.459223384385064e-10,HMM
2018-12-20,Normal,1.9971092654993222e-10,HMM
2018-12-21,Normal,1.9750556360840127e-10,HMM
2018-12-27,Normal,2.601960931542774e-10,HMM
2018-12-28,Normal,3.099449729986409e-10,HMM
2019-01-02,Normal,1.6651944676947439e-10,HMM
2019-01-03,Normal,1.7407728790634374e-10,HMM
2019-01-04,Normal,1.3650597251768016e-10,HMM
2019-01-07,Normal,1.2724285244077742e-10,HMM
2019-01-08,Normal,1.5647435081249466e-10,HMM
2019-01-09,Normal,1.2886900125203397e-10,HMM
2019-01-10,Normal,1.2483313240789907e-10,HMM
2019-01-11,Normal,1.7351994684079096e-10,HMM
2019-01-14,Normal,2.85034621308998e-10,HMM
2019-01-15,Normal,3.0038486088110606e-10,HMM
2019-01-16,Normal,2.897527084657776e-10,HMM
2019-01-17,Normal,2.9007155488707745e-10,HMM
2019-01-18,Normal,2.6072986817877585e-10,HMM
2019-01-21,Normal,2.642625833750407e-10,HMM
2019-01-22,Normal,2.591329592737186e-10,HMM
2019-01-23,Normal,3.2406964711047396e-10,HMM
2019-01-24,Normal,3.234301317956251e-10,HMM
2019-01-25,Normal,4.630873696100779e-10,HMM
2019-01-28,Normal,4.262725778133589e-10,HMM
2019-01-29,Normal,4.300616321310443e-10,HMM
2019-01-30,Normal,4.664932013949513e-10,HMM
2019-01-31,Normal,7.22673968981657e-10,HMM
2019-02-01,Normal,7.43127598061648e-10,HMM
2019-02-04,Normal,8.975117151811831e-10,HMM
2019-02-05,Normal,9.283565988733307e-10,HMM
2019-02-06,Normal,9.322193247111133e-10,HMM
2019-02-07,Normal,1.0986695195860377e-9,HMM
2019-02-08,Normal,1.1328656101455657e-9,HMM
2019-02-11,Normal,1.205791304936664e-9,HMM
2019-02-12,Normal,1.1664578869466218e-9,HMM
2019-02-13,Normal,1.162915247663616e-9,HMM
2019-02-14,Normal,1.1948236709247894e-9,HMM
2019-02-15,Normal,1.1219963021401292e-9,HMM
2019-02-18,Normal,1.28719209942963e-9,HMM
2019-02-19,Normal,1.264408703931375e-9,HMM
2019-02-20,Normal,1.3503593045968845e-9,HMM
2019-02-21,Normal,1.3492573359298341e-9,HMM
2019-02-22,Normal,1.348225897554888e-9,HMM
2019-02-25,Normal,1.0085852057231291e-9,HMM
2019-02-26,Normal,1.1504063356110915e-9,HMM
2019-02-27,Normal,1.1746541781854553e-9,HMM
2019-02-28,Normal,1.178138101374456e-9,HMM
2019-03-01,Normal,1.1117448530924309e-9,HMM
2019-03-04,Normal,1.1157678999438476e-9,HMM
2019-03-05,Normal,1.1153088462762167e-9,HMM
2019-03-06,Normal,1.134145864049645e-9,HMM
2019-03-07,Normal,1.1400355948286053e-9,HMM
2019-03-08,Normal,1.2024920764016851e-9,HMM
2019-03-11,Normal,1.1787797101611735e-9,HMM
2019-03-12,Normal,1.1813490977825653e-9,HMM
2019-03-13,Normal,1.2293708907813992e-9,HMM
2019-03-14,Normal,1.2413064783238986e-9,HMM
2019-03-15,Normal,1.255578441473478e-9,HMM
2019-03-18,Normal,1.3568816095365093e-9,HMM
2019-03-19,Normal,1.3716136004852832e-9,HMM
2019-03-20,Normal,1.3339420098151447e-9,HMM
2019-03-21,Normal,1.365683167979766e-9,HMM
2019-03-22,Normal,1.2068295976698696e-9,HMM
2019-03-25,Normal,1.1644129840037028e-9,HMM
2019-03-26,Normal,1.5451298634231391e-9,HMM
2019-03-27,Normal,1.546448095657159e-9,HMM
2019-03-28,Normal,1.5042088104711974e-9,HMM
2019-03-29,Normal,1.3734018288275088e-9,HMM
2019-04-01,Normal,1.4449067398832514e-9,HMM
2019-04-02,Normal,1.4521577664682763e-9,HMM
2019-04-03,Normal,1.4389197836821141e-9,HMM
2019-04-04,Normal,1.4341848607181202e-9,HMM
2019-04-05,Normal,1.4336531261920147e-9,HMM
2019-04-08,Normal,1.4149484790615305e-9,HMM
2019-04-09,Normal,1.444877406219321e-9,HMM
2019-04-10,Normal,1.4411452726075539e-9,HMM
2019-04-11,Normal,1.4292130543760801e-9,HMM
2019-04-12,Normal,1.4292803015292617e-9,HMM
2019-04-15,Normal,1.3993975284732846e-9,HMM
2019-04-16,Normal,1.3984974672061706e-9,HMM
2019-04-17,Normal,1.4006998866459957e-9,HMM
2019-04-18,Normal,1.438340253452411e-9,HMM
2019-04-22,Normal,1.4389747938209337e-9,HMM
2019-04-23,Normal,1.2081987160859773e-9,HMM
2019-04-24,Normal,1.188808265092009e-9,HMM
2019-04-25,Normal,1.1603537057076343e-9,HMM
2019-04-26,Normal,7.775277133721223e-10,HMM
2019-04-29,Normal,8.263457500517031e-10,HMM
2019-04-30,Normal,8.801664493797689e-10,HMM
2019-05-01,Normal,9.004467309043635e-10,HMM
2019-05-02,Normal,8.544296710075365e-10,HMM
2019-05-03,Normal,8.260397735133331e-10,HMM
2019-05-06,Normal,8.303589403831736e-10,HMM
2019-05-07,Normal,8.08108402079488e-10,HMM
2019-05-08,Normal,8.360272012672083e-10,HMM
2019-05-09,Normal,8.314286919543099e-10,HMM
2019-05-10,Normal,8.175302063953084e-10,HMM
2019-05-13,Normal,8.109751014549803e-10,HMM
2019-05-14,Normal,8.115790400737293e-10,HMM
2019-05-15,Normal,8.186967143805137e-10,HMM
2019-05-16,Normal,7.814709099613001e-10,HMM
2019-05-17,Normal,7.672654281121268e-10,HMM
2019-05-20,Normal,7.600948176930222e-10,HMM
2019-05-21,Normal,7.575978976634597e-10,HMM
2019-05-22,Normal,1.0419511151934281e-9,HMM
2019-05-23,Normal,7.907224269710644e-10,HMM
2019-05-24,Normal,8.408094847359451e-10,HMM
2019-05-28,Normal,9.865887223047823e-10,HMM
2019-05-29,Normal,9.819409878211307e-10,HMM
2019-05-30,Normal,9.821614292523685e-10,HMM
2019-05-31,Normal,8.225986213556066e-10,HMM
2019-06-03,Normal,6.243373174309429e-10,HMM
2019-06-04,Normal,6.625449867178099e-10,HMM
2019-06-05,Normal,6.449254062663826e-10,HMM
2019-06-06,Normal,6.285905577217828e-10,HMM
2019-06-07,Normal,5.815040099787746e-10,HMM
2019-06-10,Normal,5.777647891761066e-10,HMM
2019-06-11,Normal,6.006156249767531e-10,HMM
2019-06-12,Normal,5.806298122232922e-10,HMM
2019-06-13,Normal,5.152235376372541e-10,HMM
2019-06-14,Normal,5.265522865957436e-10,HMM
2019-06-17,Normal,5.83601043479248e-10,HMM
2019-06-18,Normal,5.561773900081794e-10,HMM
2019-06-19,Normal,5.566632451435178e-10,HMM
2019-06-20,Normal,4.29097748982814e-10,HMM
2019-06-21,Normal,4.2544663877489396e-10,HMM
2019-06-24,Normal,5.435660681251637e-10,HMM
2019-06-25,Normal,5.240350609925205e-10,HMM
2019-06-26,Normal,5.93301670199454e-10,HMM
2019-06-27,Normal,5.985621117022659e-10,HMM
2019-06-28,Normal,5.999924059228341e-10,HMM
2019-07-01,Normal,6.215148829304846e-10,HMM
2019-07-02,Normal,7.538517514714708e-10,HMM
2019-07-03,Normal,7.421725618520639e-10,HMM
2019-07-04,Normal,7.928031840938215e-10,HMM
2019-07-05,Normal,7.937355540053796e-10,HMM
2019-07-08,Normal,8.262479145880551e-10,HMM
2019-07-09,Normal,8.176488711164461e-10,HMM
2019-07-10,Normal,7.374341104209934e-10,HMM
2019-07-11,Normal,8.230524406971414e-10,HMM
2019-07-12,Normal,8.418466911685906e-10,HMM
2019-07-15,Normal,8.44646086218718e-10,HMM
2019-07-16,Normal,8.268154984720547e-10,HMM
2019-07-17,Normal,7.215057358174115e-10,HMM
2019-07-18,Normal,5.613402357583386e-10,HMM
2019-07-19,Normal,6.997781509007964e-10,HMM
2019-07-22,Normal,6.832476387228814e-10,HMM
2019-07-23,Normal,6.872481989068361e-10,HMM
2019-07-24,Normal,6.567084706435494e-10,HMM
2019-07-25,Normal,6.6547557020643e-10,HMM
2019-07-26,Normal,6.515059952018727e-10,HMM
2019-07-29,Normal,6.680055633260313e-10,HMM
2019-07-30,Normal,7.602333190752696e-10,HMM
2019-07-31,Normal,8.310781336561709e-10,HMM
2019-08-01,Normal,8.110463179944564e-10,HMM
2019-08-02,Normal,7.399072299271358e-10,HMM
2019-08-05,Normal,6.899731116383767e-10,HMM
2019-08-06,Normal,7.026931720371294e-10,HMM
2019-08-07,Normal,4.862906041939013e-10,HMM
2019-08-08,Normal,5.279957356938637e-10,HMM
2019-08-09,Normal,5.258056518626588e-10,HMM
2019-08-12,Normal,5.285664379321211e-10,HMM
2019-08-13,Normal,3.777972894241053e-10,HMM
2019-08-14,Normal,3.472989167927168e-10,HMM
2019-08-15,Normal,3.7993954167728917e-10,HMM
2019-08-16,Normal,4.2369719484719137e-10,HMM
2019-08-19,Normal,4.1585535482127965e-10,HMM
2019-08-20,Normal,4.2263350741080023e-10,HMM
2019-08-21,Normal,3.878136146472854e-10,HMM
2019-08-22,Normal,4.1522794298316913e-10,HMM
2019-08-23,Normal,4.0273176229561593e-10,HMM
2019-08-26,Normal,4.100473418054386e-10,HMM
2019-08-27,Normal,4.1002332766707826e-10,HMM
2019-08-28,Normal,3.551338147005923e-10,HMM
2019-08-29,Normal,3.83081417060368e-10,HMM
2019-08-30,Normal,3.9156719814242424e-10,HMM
2019-09-02,Normal,3.560503160060983e-10,HMM
2019-09-03,Normal,3.861871474061174e-10,HMM
2019-09-04,Normal,3.057713553404711e-10,HMM
2019-09-05,Normal,4.5550381453097217e-10,HMM
2019-09-06,Normal,4.3053649182382874e-10,HMM
2019-09-09,Normal,3.6887763236920354e-10,HMM
2019-09-10,Normal,3.72252568040577e-10,HMM
2019-09-11,Normal,4.194385359799165e-10,HMM
2019-09-12,Normal,4.1394384191355125e-10,HMM
2019-09-13,Normal,1.0331637025668723e-6,HMM
2019-09-16,Crisis,1.0,HMM
2019-09-17,Crisis,1.0,HMM
2019-09-18,Crisis,1.0,HMM
2019-09-19,Crisis,1.0,HMM
2019-09-20,Crisis,1.0,HMM
2019-09-23,Crisis,1.0,HMM
2019-09-24,Crisis,1.0,HMM
2019-09-25,Crisis,1.0,HMM
2019-09-26,Crisis,1.0,HMM
2019-09-27,Crisis,1.0,HMM
2019-09-30,Normal,2.1621109733333855e-7,HMM
2019-10-01,Normal,1.0271169256789702e-10,HMM
2019-10-02,Normal,9.009189796625711e-11,HMM
2019-10-03,Normal,1.1528379818149528e-10,HMM
2019-10-04,Normal,1.255417167885753e-10,HMM
2019-10-07,Normal,1.3100451743143771e-10,HMM
2019-10-08,Normal,1.592242777095288e-10,HMM
2019-10-09,Normal,1.4709559356301575e-10,HMM
2019-10-10,Normal,1.5457012112176623e-10,HMM
2019-10-11,Normal,1.6319873046798735e-10,HMM
2019-10-14,Normal,1.502316106279913e-10,HMM
2019-10-15,Normal,7.999106822493137e-10,HMM
2019-10-16,Normal,9.33052925049498e-10,HMM
2019-10-17,Normal,9.599382985204454e-10,HMM
2019-10-18,Normal,9.380636443090233e-10,HMM
2019-10-21,Normal,9.623960842396168e-10,HMM
2019-10-22,Normal,8.598343352256566e-10,HMM
2019-10-23,Normal,8.619563441630223e-10,HMM
2019-10-24,Normal,8.835279122606403e-10,HMM
2019-10-25,Normal,8.827824900999221e-10,HMM
2019-10-28,Normal,8.144323829817116e-10,HMM
2019-10-29,Normal,8.571521413852401e-10,HMM
2019-10-30,Normal,8.624218096672313e-10,HMM
2019-10-31,Normal,9.88734933265431e-10,HMM
2019-11-01,Normal,9.670347265045737e-10,HMM
2019-11-04,Normal,8.448845976102879e-10,HMM
2019-11-05,Normal,8.457040355818517e-10,HMM
2019-11-06,Normal,8.979415359875851e-10,HMM
2019-11-07,Normal,9.634334951707274e-10,HMM
2019-11-08,Normal,9.65908687040723e-10,HMM
2019-11-11,Normal,1.030638002700678e-9,HMM
2019-11-12,Normal,1.1658129969840141e-9,HMM
2019-11-13,Normal,1.1678029658705198e-9,HMM
2019-11-14,Normal,1.1678423516650921e-9,HMM
2019-11-15,Normal,1.1500269288506224e-9,HMM
2019-11-18,Normal,1.1411840856285943e-9,HMM
2019-11-19,Normal,1.1854827570923663e-9,HMM
2019-11-20,Normal,1.209497777257745e-9,HMM
2019-11-21,Normal,1.1714747871437854e-9,HMM
2019-11-22,Normal,1.2117120991796436e-9,HMM
2019-11-25,Normal,1.209931004012535e-9,HMM
2019-11-26,Normal,1.3677140771987843e-9,HMM
2019-11-27,Normal,1.3791669588087406e-9,HMM
2019-11-28,Normal,1.4213658696340318e-9,HMM
2019-11-29,Normal,1.4893450227296497e-9,HMM
2019-12-02,Normal,1.4015834280266517e-9,HMM
2019-12-03,Normal,1.7285909753624573e-9,HMM
2019-12-04,Normal,1.4307023367575326e-9,HMM
2019-12-05,Normal,1.4578023076483644e-9,HMM
2019-12-06,Normal,1.4429123979452615e-9,HMM
2019-12-09,Normal,1.4740112273057562e-9,HMM
2019-12-10,Normal,1.4819135904590416e-9,HMM
2019-12-11,Normal,1.408217524190062e-9,HMM
2019-12-12,Normal,1.3519034891377437e-9,HMM
2019-12-13,Normal,1.3397611892342405e-9,HMM
2019-12-16,Normal,1.3540550072038937e-9,HMM
2019-12-17,Normal,1.3625139396986025e-9,HMM
2019-12-18,Normal,1.3888195978812751e-9,HMM
2019-12-19,Normal,1.454587246049525e-9,HMM
2019-12-20,Normal,1.4316103057552142e-9,HMM
2019-12-23,Normal,1.3609780815266765e-9,HMM
2019-12-24,Normal,1.264001782642039e-9,HMM
2019-12-26,Normal,1.2622549056613736e-9,HMM
2019-12-27,Normal,1.2508321647573773e-9,HMM
2019-12-30,Normal,1.248324817179963e-9,HMM
2019-12-31,Normal,3.0295397589334786e-6,HMM
2020-01-02,Crisis,1.0,HMM
2020-01-03,Crisis,1.0,HMM
2020-01-06,Crisis,1.0,HMM
2020-01-07,Crisis,1.0,HMM
2020-01-08,Crisis,1.0,HMM
2020-01-09,Crisis,1.0,HMM
2020-01-10,Crisis,1.0,HMM
2020-01-13,Crisis,1.0,HMM
2020-01-14,Crisis,1.0,HMM
2020-01-15,Crisis,1.0,HMM
2020-01-16,Crisis,1.0,HMM
2020-01-17,Crisis,1.0,HMM
2020-01-20,Normal,2.4215723974711256e-6,HMM
2020-01-21,Normal,9.874648138937302e-10,HMM
2020-01-22,Normal,9.458454181832418e-10,HMM
2020-01-23,Normal,9.547335127336444e-10,HMM
2020-01-24,Normal,1.002335884913331e-9,HMM
2020-01-27,Normal,1.0050591208956975e-9,HMM
2020-01-28,Normal,9.470792185223134e-10,HMM
2020-01-29,Normal,9.395283355852947e-10,HMM
2020-01-30,Normal,8.817030595305522e-10,HMM
2020-01-31,Normal,8.758220192495056e-10,HMM
2020-02-03,Normal,7.184806136766372e-10,HMM
2020-02-04,Normal,7.863740657804091e-10,HMM
2020-02-05,Normal,6.653993022054582e-10,HMM
2020-02-06,Normal,6.722869633151777e-10,HMM
2020-02-07,Normal,6.719670612306149e-10,HMM
2020-02-10,Normal,6.750095150644354e-10,HMM
2020-02-11,Normal,7.166537325650441e-10,HMM
2020-02-12,Normal,6.238765865203584e-10,HMM
2020-02-13,Normal,6.035103016409901e-10,HMM
2020-02-14,Normal,6.14120019679001e-10,HMM
2020-02-17,Normal,6.028425070925921e-10,HMM
2020-02-18,Normal,6.165859539704022e-10,HMM
2020-02-19,Normal,4.893773632057022e-10,HMM
2020-02-20,Normal,5.183889308485941e-10,HMM
2020-02-21,Normal,5.142051924244749e-10,HMM
2020-02-24,Normal,5.109072671300119e-10,HMM
2020-02-25,Normal,4.876789610041858e-10,HMM
2020-02-26,Normal,5.041685810473062e-10,HMM
2020-02-27,Normal,3.9670189153686273e-10,HMM
2020-02-28,Normal,4.171028122829428e-10,HMM
2020-03-02,Normal,3.816250925608321e-10,HMM
2020-03-03,Normal,6.029668665050558e-10,HMM
2020-03-04,Normal,6.005419594309215e-10,HMM
2020-03-05,Normal,6.617089581525519e-10,HMM
2020-03-06,Normal,1.871972007819521e-10,HMM
2020-03-09,Normal,4.507640295197533e-9,HMM
2020-03-10,Crisis,1.0,HMM
2020-03-11,Crisis,1.0,HMM
2020-03-12,Crisis,1.0,HMM
2020-03-13,Crisis,1.0,HMM
2020-03-16,Crisis,1.0,HMM
2020-03-17,Crisis,1.0,HMM
2020-03-18,Crisis,1.0,HMM
2020-03-19,Crisis,1.0,HMM
2020-03-20,Normal,4.576833397094674e-11,HMM
2020-03-23,Normal,1.7481100024168255e-14,HMM
2020-03-24,Normal,1.1044539443462386e-14,HMM
2020-03-25,Normal,6.004128551183215e-15,HMM
2020-03-26,Normal,5.285493039867874e-15,HMM
2020-03-27,Normal,5.301257073854682e-15,HMM
2020-03-30,Normal,1.9847513139584475e-15,HMM
2020-03-31,Normal,1.585840345943197e-16,HMM
2020-04-01,Normal,1.3779848177687378e-16,HMM
2020-04-02,Normal,6.279016219866466e-23,HMM
2020-04-03,Normal,4.280297121951196e-25,HMM
2020-04-06,Normal,6.882772396915978e-25,HMM
2020-04-07,Normal,3.411904086078886e-23,HMM
2020-04-08,Normal,4.09082891002128e-24,HMM
2020-04-09,Normal,1.770812484518747e-25,HMM
2020-04-14,Normal,1.7943319293030348e-25,HMM
2020-04-15,Normal,1.2929364727907153e-25,HMM
2020-04-16,Normal,4.0921908009449084e-25,HMM
2020-04-17,Normal,2.767643444251689e-25,HMM
2020-04-20,Normal,1.5725887126338074e-24,HMM
2020-04-21,Normal,1.1682461490360258e-32,HMM
2020-04-22,Normal,2.175642223675172e-43,HMM
2020-04-23,Normal,1.343818376854556e-43,HMM
2020-04-24,Normal,1.1315905701760955e-43,HMM
2020-04-27,Normal,1.1807907078272433e-43,HMM
2020-04-28,Normal,1.9268710260296078e-43,HMM
2020-04-29,Normal,4.4326715246270244e-44,HMM
2020-04-30,Normal,4.114155665164427e-43,HMM
2020-05-01,Normal,1.1635378610257258e-40,HMM
2020-05-04,Normal,7.736982135734267e-41,HMM
2020-05-05,Normal,1.2044240274528821e-38,HMM
2020-05-06,Normal,1.3469268561370112e-37,HMM
2020-05-07,Normal,2.7715617524165253e-37,HMM
2020-05-11,Normal,3.0229775273817067e-37,HMM
2020-05-12,Normal,1.0444411815446056e-36,HMM
2020-05-13,Normal,9.349270521245001e-35,HMM
2020-05-14,Normal,9.610202171477273e-35,HMM
2020-05-15,Normal,3.8354181426733437e-34,HMM
2020-05-18,Normal,7.952608755682705e-34,HMM
2020-05-19,Normal,6.512534698418178e-34,HMM
2020-05-20,Normal,7.843250601560277e-33,HMM
2020-05-21,Normal,1.3986647128159768e-21,HMM
2020-05-22,Normal,1.6246514078004912e-13,HMM
2020-05-26,Normal,1.7898504805963057e-13,HMM
2020-05-27,Normal,1.0519444088256024e-13,HMM
2020-05-28,Normal,2.0682233204600047e-13,HMM
2020-05-29,Normal,1.8550259153419738e-13,HMM
2020-06-01,Normal,4.928595935395565e-13,HMM
2020-06-02,Normal,5.137372730987646e-13,HMM
2020-06-03,Normal,4.819904887166297e-13,HMM
2020-06-04,Normal,7.309149315540392e-13,HMM
2020-06-05,Normal,8.692774859856351e-11,HMM
2020-06-08,Normal,1.0991422805908845e-10,HMM
2020-06-09,Normal,1.1640948026654533e-10,HMM
2020-06-10,Normal,1.2710711918886484e-10,HMM
2020-06-11,Normal,4.318038674708149e-11,HMM
2020-06-12,Normal,4.704648896930344e-11,HMM
2020-06-15,Normal,6.488306929744245e-11,HMM
2020-06-16,Normal,6.572612465265427e-11,HMM
2020-06-17,Normal,9.794548471824925e-11,HMM
2020-06-18,Normal,9.686567486990832e-11,HMM
2020-06-19,Normal,1.1545546753057039e-10,HMM
2020-06-22,Normal,1.1542006548355753e-10,HMM
2020-06-23,Normal,1.2941980182991634e-10,HMM
2020-06-24,Normal,8.28510544523397e-11,HMM
2020-06-25,Normal,1.0325655940340703e-10,HMM
2020-06-26,Normal,1.0915249696805759e-10,HMM
2020-06-29,Normal,1.0911590383554483e-10,HMM
2020-06-30,Normal,1.7840091699336695e-10,HMM
2020-07-01,Normal,1.8590431825508908e-10,HMM
2020-07-02,Normal,1.7960830781319444e-10,HMM
2020-07-03,Normal,1.770695402286244e-10,HMM
2020-07-06,Normal,2.742373228404717e-10,HMM
2020-07-07,Normal,3.146748328509815e-10,HMM
2020-07-08,Normal,3.227029205347983e-10,HMM
2020-07-09,Normal,2.925554204804684e-10,HMM
2020-07-10,Normal,6.870393835095319e-10,HMM
2020-07-13,Normal,6.843783006867527e-10,HMM
2020-07-14,Normal,7.135049841543793e-10,HMM
2020-07-15,Normal,7.578943973869104e-10,HMM
2020-07-16,Normal,7.601462914354997e-10,HMM
2020-07-17,Normal,8.365207488346899e-10,HMM
2020-07-20,Normal,8.470574669970235e-10,HMM
2020-07-21,Normal,8.349587033186404e-10,HMM
2020-07-22,Normal,8.432736177212347e-10,HMM
2020-07-23,Normal,1.1757612366998439e-9,HMM
2020-07-24,Normal,1.2163481615257664e-9,HMM
2020-07-27,Normal,1.2264072636715426e-9,HMM
2020-07-28,Normal,1.2400283979533118e-9,HMM
2020-07-29,Normal,1.2311194030935693e-9,HMM
2020-07-30,Normal,1.2209286606110303e-9,HMM
2020-07-31,Normal,1.315784134499774e-9,HMM
2020-08-03,Normal,1.288048502007771e-9,HMM
2020-08-04,Normal,1.2909554443925836e-9,HMM
2020-08-05,Normal,1.246401345848063e-9,HMM
2020-08-06,Normal,1.2554079837788131e-9,HMM
2020-08-07,Normal,1.3425720849177565e-9,HMM
2020-08-10,Normal,1.4227757852549024e-9,HMM
2020-08-11,Normal,1.4140165476077502e-9,HMM
2020-08-12,Normal,1.239940067681943e-9,HMM
2020-08-13,Normal,1.3125876369627253e-9,HMM
2020-08-14,Normal,1.3209738249013852e-9,HMM
2020-08-17,Normal,1.3267289818333923e-9,HMM
2020-08-18,Normal,1.3255456772454125e-9,HMM
2020-08-19,Normal,1.4129630674193845e-9,HMM
2020-08-20,Normal,1.3802478052046576e-9,HMM
2020-08-21,Normal,1.4541448198993957e-9,HMM
2020-08-24,Normal,1.4421701902225647e-9,HMM
2020-08-25,Normal,1.2316586560284177e-9,HMM
2020-08-26,Normal,1.236505343104046e-9,HMM
2020-08-27,Normal,1.1582775763319685e-9,HMM
2020-08-28,Normal,1.183747852821243e-9,HMM
2020-09-01,Normal,1.1727297200845086e-9,HMM
2020-09-02,Normal,6.773254334787963e-10,HMM
2020-09-03,Normal,6.80432852511722e-10,HMM
2020-09-04,Normal,6.261316248495927e-10,HMM
2020-09-07,Normal,6.269374312573603e-10,HMM
2020-09-08,Normal,4.957508870367655e-10,HMM
2020-09-09,Normal,4.0307215813986394e-10,HMM
2020-09-10,Normal,3.9728828416512624e-10,HMM
2020-09-11,Normal,4.680012226064608e-10,HMM
2020-09-14,Normal,4.681685311268429e-10,HMM
2020-09-15,Normal,4.190992698997913e-10,HMM
2020-09-16,Normal,3.250383698162091e-10,HMM
2020-09-17,Normal,2.9816542176180825e-10,HMM
2020-09-18,Normal,2.9808013661178257e-10,HMM
2020-09-21,Normal,2.5484399428146117e-10,HMM
2020-09-22,Normal,2.5118789098178113e-10,HMM
2020-09-23,Normal,2.545491289540513e-10,HMM
2020-09-24,Normal,3.0167598645315496e-10,HMM
2020-09-25,Normal,3.0134624035457433e-10,HMM
2020-09-28,Normal,2.9626195748800206e-10,HMM
2020-09-29,Normal,2.791627802457221e-10,HMM
2020-09-30,Normal,2.8704266667575434e-10,HMM
2020-10-01,Normal,4.3938485136075536e-10,HMM
2020-10-02,Normal,3.6663160510379454e-10,HMM
2020-10-05,Normal,3.161672090946924e-10,HMM
2020-10-06,Normal,2.730861262184063e-10,HMM
2020-10-07,Normal,3.6959884301386063e-10,HMM
2020-10-08,Normal,3.8000434388962847e-10,HMM
2020-10-09,Normal,3.9288289459174647e-10,HMM
2020-10-12,Normal,3.6348438350654387e-10,HMM
2020-10-13,Normal,3.538793553277569e-10,HMM
2020-10-14,Normal,3.7095962593932336e-10,HMM
2020-10-15,Normal,4.4769715561817834e-10,HMM
2020-10-16,Normal,4.859028026292766e-10,HMM
2020-10-19,Normal,4.866731798938661e-10,HMM
2020-10-20,Normal,6.017203272015475e-10,HMM
2020-10-21,Normal,5.174155240759779e-10,HMM
2020-10-22,Normal,4.684345509821439e-10,HMM
2020-10-23,Normal,4.586525322268296e-10,HMM
2020-10-26,Normal,3.851421388591004e-10,HMM
2020-10-27,Normal,3.846879459297581e-10,HMM
2020-10-28,Normal,3.352960045072125e-10,HMM
2020-10-29,Normal,3.011340784855086e-10,HMM
2020-10-30,Normal,3.041046129593174e-10,HMM
2020-11-02,Normal,3.0502635440656654e-10,HMM
2020-11-03,Normal,3.8958141227458253e-10,HMM
2020-11-04,Normal,3.8209031771659e-10,HMM
2020-11-05,Normal,3.906774494877334e-10,HMM
2020-11-06,Normal,4.0377192879689584e-10,HMM
2020-11-09,Normal,2.0709295292077546e-10,HMM
2020-11-10,Normal,2.030777624769289e-10,HMM
2020-11-11,Normal,2.1068198026129402e-10,HMM
2020-11-12,Normal,2.1102066900827657e-10,HMM
2020-11-13,Normal,2.057726225493399e-10,HMM
2020-11-16,Normal,1.9026351720050448e-10,HMM
2020-11-17,Normal,1.8973473583673408e-10,HMM
2020-11-18,Normal,1.8954512811842868e-10,HMM
2020-11-19,Normal,2.2555532405092823e-10,HMM
2020-11-20,Normal,2.3903979995220785e-10,HMM
2020-11-23,Normal,2.331849076657717e-10,HMM
2020-11-24,Normal,2.73070835263787e-10,HMM
2020-11-25,Normal,2.7413226016511786e-10,HMM
2020-11-26,Normal,3.538757128821285e-10,HMM
2020-11-27,Normal,4.490075212087325e-10,HMM
2020-11-30,Normal,4.581586501746694e-10,HMM
2020-12-01,Normal,4.999174288087147e-10,HMM
2020-12-02,Normal,4.981766206122973e-10,HMM
2020-12-03,Normal,5.507819949483984e-10,HMM
2020-12-04,Normal,5.651634565502474e-10,HMM
2020-12-07,Normal,6.962291582990711e-10,HMM
2020-12-08,Normal,1.1819063574906072e-9,HMM
2020-12-09,Normal,1.2706951330997003e-9,HMM
2020-12-10,Normal,1.1782172404236341e-9,HMM
2020-12-11,Normal,1.186331453876644e-9,HMM
2020-12-14,Normal,1.2832961075831463e-9,HMM
2020-12-15,Normal,1.3579968230499512e-9,HMM
2020-12-16,Normal,1.3778361057345945e-9,HMM
2020-12-17,Normal,1.377514888645162e-9,HMM
2020-12-18,Normal,1.3620531855034609e-9,HMM
2020-12-21,Normal,1.1263512201839298e-9,HMM
2020-12-22,Normal,1.1335999906756428e-9,HMM
2020-12-23,Normal,1.2366110184847184e-9,HMM
2020-12-24,Normal,1.2457712061087202e-9,HMM
2020-12-28,Normal,1.3543074628893432e-9,HMM
2020-12-29,Normal,1.3357423687499864e-9,HMM
2020-12-30,Normal,1.3388116708238976e-9,HMM
2020-12-31,Normal,1.3332645262227737e-9,HMM
2021-01-04,Normal,1.2909727463620586e-9,HMM
2021-01-05,Normal,9.12796967868934e-10,HMM
2021-01-06,Normal,9.192098678829152e-10,HMM
2021-01-07,Normal,9.383282265641351e-10,HMM
2021-01-08,Normal,8.487365320108538e-10,HMM
2021-01-11,Normal,8.19088266434422e-10,HMM
2021-01-12,Normal,8.639631487223615e-10,HMM
2021-01-13,Normal,8.589094568860093e-10,HMM
2021-01-14,Normal,8.588380634125396e-10,HMM
2021-01-15,Normal,8.1261301993704e-10,HMM
2021-01-18,Normal,7.926684892455107e-10,HMM
2021-01-19,Normal,7.6271969181963e-10,HMM
2021-01-20,Normal,7.851289207286553e-10,HMM
2021-01-21,Normal,9.058019219617498e-10,HMM
2021-01-22,Normal,9.2921806001848e-10,HMM
2021-01-25,Normal,9.729582417858552e-10,HMM
2021-01-26,Normal,9.731128551309129e-10,HMM
2021-01-27,Normal,9.681776809757301e-10,HMM
2021-01-28,Normal,9.810514256234457e-10,HMM
2021-01-29,Normal,9.804912829240211e-10,HMM
2021-02-01,Normal,9.488820081508886e-10,HMM
2021-02-02,Normal,9.802549541375145e-10,HMM
2021-02-03,Normal,1.343572002906225e-9,HMM
2021-02-04,Normal,1.3535508694747075e-9,HMM
2021-02-05,Normal,1.3591612604721707e-9,HMM
2021-02-08,Normal,1.5279145637331397e-9,HMM
2021-02-09,Normal,1.5857606118377266e-9,HMM
2021-02-10,Normal,1.6493308103281759e-9,HMM
2021-02-11,Normal,1.6825363918458584e-9,HMM
2021-02-12,Normal,1.6042057675482335e-9,HMM
2021-02-15,Normal,1.7136807569916627e-9,HMM
2021-02-16,Normal,1.8090255828373108e-9,HMM
2021-02-17,Normal,1.843456883111991e-9,HMM
2021-02-18,Normal,1.709867991642864e-9,HMM
2021-02-19,Normal,1.5510002546045722e-9,HMM
2021-02-22,Normal,1.47932436498789e-9,HMM
2021-02-23,Normal,1.4821234305737906e-9,HMM
2021-02-24,Normal,1.446429290838848e-9,HMM
2021-02-25,Normal,1.4517761642207788e-9,HMM
2021-02-26,Normal,1.3900626343690104e-9,HMM
2021-03-01,Normal,1.2463275398736064e-9,HMM
2021-03-02,Normal,1.1528423637768768e-9,HMM
2021-03-03,Normal,1.137252178901162e-9,HMM
2021-03-04,Normal,9.89538270297969e-10,HMM
2021-03-05,Normal,8.713975300307044e-10,HMM
2021-03-08,Normal,7.456325345601159e-10,HMM
2021-03-09,Normal,7.117521156885829e-10,HMM
2021-03-10,Normal,7.12862236591808e-10,HMM
2021-03-11,Normal,6.753668004667227e-10,HMM
2021-03-12,Normal,6.663353335434724e-10,HMM
2021-03-15,Normal,6.870878336892411e-10,HMM
2021-03-16,Normal,6.809016167321254e-10,HMM
2021-03-17,Normal,6.781633268807087e-10,HMM
2021-03-18,Normal,3.0886712840649236e-10,HMM
2021-03-19,Normal,2.8260454505340223e-10,HMM
2021-03-22,Normal,2.9579151799917125e-10,HMM
2021-03-23,Normal,2.1874462767991147e-10,HMM
2021-03-24,Normal,1.4017456681249943e-10,HMM
2021-03-25,Normal,1.3154140006801547e-10,HMM
2021-03-26,Normal,1.0632284457499138e-10,HMM
2021-03-29,Normal,1.0743120147959231e-10,HMM
2021-03-30,Normal,1.1016471094785352e-10,HMM
2021-03-31,Normal,1.1579168170598365e-10,HMM
2021-04-01,Normal,1.2280369987570347e-10,HMM
2021-04-06,Normal,1.3028151486317788e-10,HMM
2021-04-07,Normal,1.581722073820065e-10,HMM
2021-04-08,Normal,1.6661443664920943e-10,HMM
2021-04-09,Normal,1.687243638119711e-10,HMM
2021-04-12,Normal,1.685389297419883e-10,HMM
2021-04-13,Normal,1.8426204331309625e-10,HMM
2021-04-14,Normal,1.3266051531063662e-10,HMM
2021-04-15,Normal,1.3262153244061133e-10,HMM
2021-04-16,Normal,1.3435189002250396e-10,HMM
2021-04-19,Normal,1.332676860754362e-10,HMM
2021-04-20,Normal,2.798923348022493e-10,HMM
2021-04-21,Normal,2.9132194885310734e-10,HMM
2021-04-22,Normal,2.836773171208404e-10,HMM
2021-04-23,Normal,4.538027854539334e-10,HMM
2021-04-26,Normal,6.855644614698436e-10,HMM
2021-04-27,Normal,8.435056514418981e-10,HMM
2021-04-28,Normal,1.0092697728173161e-9,HMM
2021-04-29,Normal,9.815797175797835e-10,HMM
2021-04-30,Normal,9.965805523172543e-10,HMM
2021-05-04,Normal,9.725744280504883e-10,HMM
2021-05-05,Normal,9.657988169527188e-10,HMM
2021-05-06,Normal,1.1545169916602593e-9,HMM
2021-05-07,Normal,1.1526310963029987e-9,HMM
2021-05-10,Normal,1.145830501230923e-9,HMM
2021-05-11,Normal,1.155868151958402e-9,HMM
2021-05-12,Normal,1.1509735040078415e-9,HMM
2021-05-13,Normal,9.633369899443588e-10,HMM
2021-05-14,Normal,1.2241611923841829e-9,HMM
2021-05-17,Normal,1.2233601194148308e-9,HMM
2021-05-18,Normal,1.2062863075589779e-9,HMM
2021-05-19,Normal,1.0573609530831652e-9,HMM
2021-05-20,Normal,1.0134235791355905e-9,HMM
2021-05-21,Normal,1.005970355173803e-9,HMM
2021-05-24,Normal,9.477057011111065e-10,HMM
2021-05-25,Normal,9.554313224702121e-10,HMM
2021-05-26,Normal,9.60214672489668e-10,HMM
2021-05-27,Normal,9.67386098360414e-10,HMM
2021-05-28,Normal,9.79998105257058e-10,HMM
2021-06-01,Normal,1.0046786865009655e-9,HMM
2021-06-02,Normal,1.0111606766445931e-9,HMM
2021-06-03,Normal,1.0442231906899947e-9,HMM
2021-06-04,Normal,1.0520439075043203e-9,HMM
2021-06-07,Normal,1.08591285918876e-9,HMM
2021-06-08,Normal,1.081966786256294e-9,HMM
2021-06-09,Normal,1.0825737705841861e-9,HMM
2021-06-10,Normal,1.081686259772499e-9,HMM
2021-06-11,Normal,1.0929555497453543e-9,HMM
2021-06-14,Normal,1.2916608110757893e-9,HMM
2021-06-15,Normal,1.3789633267386598e-9,HMM
2021-06-16,Normal,1.3772614610668793e-9,HMM
2021-06-17,Normal,1.354748907997535e-9,HMM
2021-06-18,Normal,1.6115868732084871e-9,HMM
2021-06-21,Normal,1.8196164066951985e-9,HMM
2021-06-22,Normal,1.918798061600999e-9,HMM
2021-06-23,Normal,2.1165026999499377e-9,HMM
2021-06-24,Normal,2.1065391869615278e-9,HMM
2021-06-25,Normal,2.1089384460829556e-9,HMM
2021-06-28,Normal,1.865901312035768e-9,HMM
2021-06-29,Normal,1.8675473605571724e-9,HMM
2021-06-30,Normal,1.7936985922493986e-9,HMM
2021-07-01,Normal,1.781523196084061e-9,HMM
2021-07-02,Normal,1.7713517568577537e-9,HMM
2021-07-05,Normal,1.7644774332685236e-9,HMM
2021-07-06,Normal,1.4636734423541856e-9,HMM
2021-07-07,Normal,1.36518169647669e-9,HMM
2021-07-08,Normal,1.3551660005862322e-9,HMM
2021-07-09,Normal,1.2467262559259254e-9,HMM
2021-07-12,Normal,1.2361460199331576e-9,HMM
2021-07-13,Normal,1.2295954843715543e-9,HMM
2021-07-14,Normal,1.1531271160530725e-9,HMM
2021-07-15,Normal,1.1139182043318653e-9,HMM
2021-07-16,Normal,1.142287204377298e-9,HMM
2021-07-19,Normal,6.339623474449602e-10,HMM
2021-07-20,Normal,6.577424447482358e-10,HMM
2021-07-21,Normal,5.57834952662927e-10,HMM
2021-07-22,Normal,5.212795728735366e-10,HMM
2021-07-23,Normal,5.229970646907799e-10,HMM
2021-07-26,Normal,5.261876040894147e-10,HMM
2021-07-27,Normal,5.560680179743305e-10,HMM
2021-07-28,Normal,5.596376354163242e-10,HMM
2021-07-29,Normal,5.710224984678658e-10,HMM
2021-07-30,Normal,5.497142970880936e-10,HMM
2021-08-02,Normal,4.2334979353386347e-10,HMM
2021-08-03,Normal,4.2968829453577543e-10,HMM
2021-08-04,Normal,4.3421498969164877e-10,HMM
2021-08-05,Normal,4.3362378657728837e-10,HMM
2021-08-06,Normal,4.3120160366593317e-10,HMM
2021-08-09,Normal,4.684472230266473e-10,HMM
2021-08-10,Normal,4.3472829694973244e-10,HMM
2021-08-11,Normal,4.3129704720558794e-10,HMM
2021-08-12,Normal,4.5182628191953507e-10,HMM
2021-08-13,Normal,4.5638599532597224e-10,HMM
2021-08-16,Normal,4.518324218271553e-10,HMM
2021-08-17,Normal,7.767485143805377e-10,HMM
2021-08-18,Normal,7.752180800739644e-10,HMM
2021-08-19,Normal,8.645502090599018e-10,HMM
2021-08-20,Normal,9.321896219757834e-10,HMM
2021-08-23,Normal,6.179172176996498e-10,HMM
2021-08-24,Normal,5.392309085200762e-10,HMM
2021-08-25,Normal,5.263442927599071e-10,HMM
2021-08-26,Normal,5.001158715174434e-10,HMM
2021-08-27,Normal,4.730497403184063e-10,HMM
2021-08-31,Normal,4.777968871714029e-10,HMM
2021-09-01,Normal,5.990775759830764e-10,HMM
2021-09-02,Normal,5.703471259229721e-10,HMM
2021-09-03,Normal,6.391880071432756e-10,HMM
2021-09-06,Normal,6.497568145085248e-10,HMM
2021-09-07,Normal,6.565705550616876e-10,HMM
2021-09-08,Normal,6.821581225659961e-10,HMM
2021-09-09,Normal,6.961866436693414e-10,HMM
2021-09-10,Normal,6.876737810745257e-10,HMM
2021-09-13,Normal,6.850995458720516e-10,HMM
2021-09-14,Normal,7.010012385087684e-10,HMM
2021-09-15,Normal,6.772006872889914e-10,HMM
2021-09-16,Normal,6.918251972075778e-10,HMM
2021-09-17,Normal,7.024121420613302e-10,HMM
2021-09-20,Normal,7.571042635692842e-10,HMM
2021-09-21,Normal,8.142894587643665e-10,HMM
2021-09-22,Normal,1.0556269772108187e-9,HMM
2021-09-23,Normal,1.15240068922647e-9,HMM
2021-09-24,Normal,1.1522817209110736e-9,HMM
2021-09-27,Normal,1.249156796481205e-9,HMM
2021-09-28,Normal,1.3062964752849594e-9,HMM
2021-09-29,Normal,1.3227988121834879e-9,HMM
2021-09-30,Normal,1.4250989137420506e-9,HMM
2021-10-01,Normal,1.434982969165567e-9,HMM
2021-10-04,Normal,1.3695268260479687e-9,HMM
2021-10-05,Normal,1.3923677590038392e-9,HMM
2021-10-06,Normal,1.3638100353704635e-9,HMM
2021-10-07,Normal,1.3639638933639695e-9,HMM
2021-10-08,Normal,1.4370471372283184e-9,HMM
2021-10-11,Normal,1.4216744206662125e-9,HMM
2021-10-12,Normal,1.403742717006448e-9,HMM
2021-10-13,Normal,1.4011083957328505e-9,HMM
2021-10-14,Normal,1.4715932319911697e-9,HMM
2021-10-15,Normal,1.4686911121347377e-9,HMM
2021-10-18,Normal,1.4701560064151132e-9,HMM
2021-10-19,Normal,1.5602681900226902e-9,HMM
2021-10-20,Normal,1.569185386198118e-9,HMM
2021-10-21,Normal,1.5557387471594426e-9,HMM
2021-10-22,Normal,1.5623062682429115e-9,HMM
2021-10-25,Normal,1.5449710585012408e-9,HMM
2021-10-26,Normal,1.5939482202403278e-9,HMM
2021-10-27,Normal,1.5651444919546815e-9,HMM
2021-10-28,Normal,1.5506457155603227e-9,HMM
2021-10-29,Normal,1.543242007978133e-9,HMM
2021-11-01,Normal,1.568556033232624e-9,HMM
2021-11-02,Normal,1.7028030413306214e-9,HMM
2021-11-03,Normal,1.3907025449366217e-9,HMM
2021-11-04,Normal,1.4138085290851163e-9,HMM
2021-11-05,Normal,1.2838738741047832e-9,HMM
2021-11-08,Normal,1.2701074159560666e-9,HMM
2021-11-09,Normal,1.2916908213087979e-9,HMM
2021-11-10,Normal,1.2288823658871637e-9,HMM
2021-11-11,Normal,1.222797884154118e-9,HMM
2021-11-12,Normal,1.220079825139083e-9,HMM
2021-11-15,Normal,1.2199872308775945e-9,HMM
2021-11-16,Normal,1.200340842009811e-9,HMM
2021-11-17,Normal,1.1265860702141546e-9,HMM
2021-11-18,Normal,1.058977303576076e-9,HMM
2021-11-19,Normal,9.950937845546165e-10,HMM
2021-11-22,Normal,9.98042287514941e-10,HMM
2021-11-23,Normal,8.789458774083249e-10,HMM
2021-11-24,Normal,8.656831556404075e-10,HMM
2021-11-25,Normal,8.768823580011732e-10,HMM
2021-11-26,Normal,1.9200978629921595e-10,HMM
2021-11-29,Normal,1.8444759298679108e-10,HMM
2021-11-30,Normal,1.807875474528752e-10,HMM
2021-12-01,Normal,1.7962541156616504e-10,HMM
2021-12-02,Normal,1.903448482984565e-10,HMM
2021-12-03,Normal,1.8977663296329069e-10,HMM
2021-12-06,Normal,1.7544592266736217e-10,HMM
2021-12-07,Normal,1.5803230167617308e-10,HMM
2021-12-08,Normal,1.6338865205320383e-10,HMM
2021-12-09,Normal,1.6027636462295172e-10,HMM
2021-12-10,Normal,1.5747012876735226e-10,HMM
2021-12-13,Normal,1.56701298717035e-10,HMM
2021-12-14,Normal,1.570074716123248e-10,HMM
2021-12-15,Normal,1.5985909728282643e-10,HMM
2021-12-16,Normal,1.6366846299579036e-10,HMM
2021-12-17,Normal,1.7026592473110076e-10,HMM
2021-12-20,Normal,1.6398805475401718e-10,HMM
2021-12-21,Normal,1.4290977281767884e-10,HMM
2021-12-22,Normal,1.4817051517977756e-10,HMM
2021-12-23,Normal,1.396658772051386e-10,HMM
2021-12-24,Normal,1.381438528922565e-10,HMM
2021-12-29,Normal,5.339128597116608e-10,HMM
2021-12-30,Normal,5.385664114297424e-10,HMM
2021-12-31,Normal,6.046228668089811e-10,HMM
2022-01-03,Normal,6.427007821389718e-10,HMM
2022-01-04,Normal,6.430375065087893e-10,HMM
2022-01-05,Normal,6.379240714418697e-10,HMM
2022-01-06,Normal,7.102719233259057e-10,HMM
2022-01-07,Normal,7.648674430345439e-10,HMM
2022-01-10,Normal,7.499613850963179e-10,HMM
2022-01-11,Normal,7.064023527958975e-10,HMM
2022-01-12,Normal,7.077763518055594e-10,HMM
2022-01-13,Normal,7.330355210948628e-10,HMM
2022-01-14,Normal,7.56473634739815e-10,HMM
2022-01-17,Normal,7.577719632939718e-10,HMM
2022-01-18,Normal,7.585089455304957e-10,HMM
2022-01-19,Normal,8.595912961557149e-10,HMM
2022-01-20,Normal,1.0980784920349233e-9,HMM
2022-01-21,Normal,1.1551556883533663e-9,HMM
2022-01-24,Normal,1.0499318371610386e-9,HMM
2022-01-25,Normal,1.0537036259654187e-9,HMM
2022-01-26,Normal,1.1058461125559185e-9,HMM
2022-01-27,Normal,1.2972951716574266e-9,HMM
2022-01-28,Normal,1.3068691409207128e-9,HMM
2022-01-31,Normal,1.4320379673229069e-9,HMM
2022-02-01,Normal,1.2593599441518673e-9,HMM
2022-02-02,Normal,1.2627317281141768e-9,HMM
2022-02-03,Normal,1.256856792183185e-9,HMM
2022-02-04,Normal,1.0877905151133392e-9,HMM
2022-02-07,Normal,1.0887532836091209e-9,HMM
2022-02-08,Normal,1.0691243428248785e-9,HMM
2022-02-09,Normal,1.207364698965032e-9,HMM
2022-02-10,Normal,1.1960822667290678e-9,HMM
2022-02-11,Normal,1.1970205247183558e-9,HMM
2022-02-14,Normal,1.0202373977909103e-9,HMM
2022-02-15,Normal,8.452902150534678e-10,HMM
2022-02-16,Normal,8.254515448386069e-10,HMM
2022-02-17,Normal,7.613340926575271e-10,HMM
2022-02-18,Normal,7.581808998543639e-10,HMM
2022-02-21,Normal,7.084871833986018e-10,HMM
2022-02-22,Normal,1.9026629881349247e-6,HMM
2022-02-23,Crisis,1.0,HMM
2022-02-24,Crisis,1.0,HMM
2022-02-25,Crisis,1.0,HMM
2022-02-28,Crisis,1.0,HMM
2022-03-01,Crisis,1.0,HMM
2022-03-02,Crisis,1.0,HMM
2022-03-03,Crisis,1.0,HMM
2022-03-04,Crisis,1.0,HMM
2022-03-07,Crisis,1.0,HMM
2022-03-08,Crisis,1.0,HMM
2022-03-09,Crisis,1.0,HMM
2022-03-10,Crisis,1.0,HMM
2022-03-11,Normal,4.4990888852437864e-8,HMM
2022-03-14,Normal,1.0356231271814838e-11,HMM
2022-03-15,Normal,9.040709295127931e-12,HMM
2022-03-16,Normal,1.0181536443513152e-11,HMM
2022-03-17,Normal,5.58658426748255e-12,HMM
2022-03-18,Normal,6.1717524984844985e-12,HMM
2022-03-21,Normal,4.3820231184100654e-12,HMM
2022-03-22,Normal,4.359302375861394e-12,HMM
2022-03-23,Normal,3.8850842158399286e-12,HMM
2022-03-24,Normal,3.308941873232015e-12,HMM
2022-03-25,Normal,3.178280228746404e-12,HMM
2022-03-28,Normal,2.0311205154102724e-12,HMM
2022-03-29,Normal,2.2438957019188867e-12,HMM
2022-03-30,Normal,3.597755447242711e-12,HMM
2022-03-31,Normal,3.6251866982171906e-12,HMM
2022-04-01,Normal,3.878552163127059e-12,HMM
2022-04-04,Normal,6.749136455185906e-12,HMM
2022-04-05,Normal,8.486981419878385e-12,HMM
2022-04-06,Normal,8.319308184097113e-12,HMM
2022-04-07,Normal,3.268845018602224e-11,HMM
2022-04-08,Normal,3.180335423676278e-11,HMM
2022-04-11,Normal,3.427068083255498e-11,HMM
2022-04-12,Normal,2.9554626428375254e-11,HMM
2022-04-13,Normal,3.2101829229515007e-11,HMM
2022-04-14,Normal,3.1179694358037076e-11,HMM
2022-04-19,Normal,5.138735766245252e-11,HMM
2022-04-20,Normal,5.1945892325187756e-11,HMM
2022-04-21,Normal,8.711935694909856e-11,HMM
2022-04-22,Normal,8.550925982614421e-11,HMM
2022-04-25,Normal,9.656497980200596e-11,HMM
2022-04-26,Normal,7.963059421197993e-11,HMM
2022-04-27,Normal,7.852114294475288e-11,HMM
2022-04-28,Normal,1.0706147181443402e-10,HMM
2022-04-29,Normal,1.0095468657757858e-10,HMM
2022-05-03,Normal,1.0005079855258645e-10,HMM
2022-05-04,Normal,1.2506918888131822e-10,HMM
2022-05-05,Normal,1.2564435624061903e-10,HMM
2022-05-06,Normal,1.2697580467148262e-10,HMM
2022-05-09,Normal,8.293754666481052e-11,HMM
2022-05-10,Normal,9.775460488746278e-11,HMM
2022-05-11,Normal,7.873786330809891e-11,HMM
2022-05-12,Normal,7.962709603206664e-11,HMM
2022-05-13,Normal,8.350218510423073e-11,HMM
2022-05-16,Normal,1.1892885459326437e-10,HMM
2022-05-17,Normal,1.2966327267139476e-10,HMM
2022-05-18,Normal,1.255413965711321e-10,HMM
2022-05-19,Normal,1.5274872013666634e-10,HMM
2022-05-20,Normal,1.5388646538926605e-10,HMM
2022-05-23,Normal,1.5702703079723327e-10,HMM
2022-05-24,Normal,1.6690481802640222e-10,HMM
2022-05-25,Normal,2.5711569555711265e-10,HMM
2022-05-26,Normal,2.6778562756821063e-10,HMM
2022-05-27,Normal,2.6783622070607464e-10,HMM
2022-05-30,Normal,2.742320630178196e-10,HMM
2022-05-31,Normal,2.778476452044323e-10,HMM
2022-06-01,Normal,2.8962117039660014e-10,HMM
2022-06-03,Normal,3.50289774975839e-10,HMM
2022-06-06,Normal,3.4774317792227707e-10,HMM
2022-06-07,Normal,3.480637215090289e-10,HMM
2022-06-08,Normal,6.152873167395081e-10,HMM
2022-06-09,Normal,7.932346703258133e-10,HMM
2022-06-10,Normal,9.340475889927884e-10,HMM
2022-06-13,Normal,9.369802022792441e-10,HMM
2022-06-14,Normal,1.0104436509759542e-9,HMM
2022-06-15,Normal,9.99587100598683e-10,HMM
2022-06-16,Normal,1.0637820248609872e-9,HMM
2022-06-17,Normal,7.893653449147218e-10,HMM
2022-06-20,Normal,8.442789258143323e-10,HMM
2022-06-21,Normal,8.444897712211291e-10,HMM
2022-06-22,Normal,7.882207027803429e-10,HMM
2022-06-23,Normal,7.832908913232306e-10,HMM
2022-06-24,Normal,7.283099335229013e-10,HMM
2022-06-27,Normal,7.701336280730092e-10,HMM
2022-06-28,Normal,7.417552534049293e-10,HMM
2022-06-29,Normal,7.50432747273492e-10,HMM
2022-06-30,Normal,7.912339575688735e-10,HMM
2022-07-01,Normal,8.54603684035593e-10,HMM
2022-07-04,Normal,8.938759694676678e-10,HMM
2022-07-05,Normal,3.4407505011462034e-10,HMM
2022-07-06,Normal,3.573614626170745e-10,HMM
2022-07-07,Normal,2.843073541379229e-10,HMM
2022-07-08,Normal,2.808735265901673e-10,HMM
2022-07-11,Normal,2.760373984982182e-10,HMM
2022-07-12,Normal,1.8367006459098918e-10,HMM
2022-07-13,Normal,1.8200743812954996e-10,HMM
2022-07-14,Normal,1.8063928374723083e-10,HMM
2022-07-15,Normal,1.432666357560671e-10,HMM
2022-07-18,Normal,1.4700591891939936e-10,HMM
2022-07-19,Normal,1.4212801870123516e-10,HMM
2022-07-20,Normal,1.4114512532267e-10,HMM
2022-07-21,Normal,1.401731645246625e-10,HMM
2022-07-22,Normal,1.0537208622773391e-10,HMM
2022-07-25,Normal,1.1124732194671089e-10,HMM
2022-07-26,Normal,1.1797724837413816e-10,HMM
2022-07-27,Normal,1.1760609538517897e-10,HMM
2022-07-28,Normal,1.1800363343739478e-10,HMM
2022-07-29,Normal,1.1329278846394481e-10,HMM
2022-08-01,Normal,9.135876789949348e-11,HMM
2022-08-02,Normal,9.78939201572205e-11,HMM
2022-08-03,Normal,1.92815825264052e-10,HMM
2022-08-04,Normal,1.7371041032047356e-10,HMM
2022-08-05,Normal,2.0833634305352235e-10,HMM
2022-08-08,Normal,1.822269576753287e-10,HMM
2022-08-09,Normal,1.8401732917264503e-10,HMM
2022-08-10,Normal,2.926326204742792e-10,HMM
2022-08-11,Normal,2.794476339525087e-10,HMM
2022-08-12,Normal,2.499533105270511e-10,HMM
2022-08-15,Normal,2.4136625836158263e-10,HMM
2022-08-16,Normal,3.1120477075530376e-10,HMM
2022-08-17,Normal,2.8889815522163183e-10,HMM
2022-08-18,Normal,2.971032711511806e-10,HMM
2022-08-19,Normal,3.0632967271061963e-10,HMM
2022-08-22,Normal,3.92919417801668e-10,HMM
2022-08-23,Normal,3.030667911111658e-10,HMM
2022-08-24,Normal,3.0220129215008225e-10,HMM
2022-08-25,Normal,3.2346669372744434e-10,HMM
2022-08-26,Normal,2.97552127513289e-10,HMM
2022-08-30,Normal,3.0643513200237306e-10,HMM
2022-08-31,Normal,3.587176482874499e-10,HMM
2022-09-01,Normal,3.037100264158905e-10,HMM
2022-09-02,Normal,3.521957174284536e-10,HMM
2022-09-05,Normal,3.9487089079934204e-10,HMM
2022-09-06,Normal,3.941031193043929e-10,HMM
2022-09-07,Normal,3.694961624191466e-10,HMM
2022-09-08,Normal,3.5614432524616353e-10,HMM
2022-09-09,Normal,2.832094508454794e-10,HMM
2022-09-12,Normal,2.8481248092203027e-10,HMM
2022-09-13,Normal,3.059260394603366e-10,HMM
2022-09-14,Normal,3.9420862059453057e-10,HMM
2022-09-15,Normal,3.699799318508285e-10,HMM
2022-09-16,Normal,3.915258382622866e-10,HMM
2022-09-20,Normal,3.915589801103424e-10,HMM
2022-09-21,Normal,3.908295353183594e-10,HMM
2022-09-22,Normal,3.938766241871097e-10,HMM
2022-09-23,Normal,3.391975544084844e-10,HMM
2022-09-26,Normal,3.3857964451158025e-10,HMM
2022-09-27,Normal,2.5885070073446225e-10,HMM
2022-09-28,Normal,2.2162881960813268e-10,HMM
2022-09-29,Normal,2.2538906364593654e-10,HMM
2022-09-30,Normal,2.403240654113827e-10,HMM
2022-10-03,Normal,2.7923965576517704e-10,HMM
2022-10-04,Normal,2.4835211878700644e-10,HMM
2022-10-05,Normal,2.510875443062591e-10,HMM
2022-10-06,Normal,2.752408819487792e-10,HMM
2022-10-07,Normal,3.5147036034474745e-10,HMM
2022-10-10,Normal,3.321309502426503e-10,HMM
2022-10-11,Normal,3.68269064864214e-10,HMM
2022-10-12,Normal,3.6616789505382187e-10,HMM
2022-10-13,Normal,3.6469561167223756e-10,HMM
2022-10-14,Normal,3.2687639390147414e-10,HMM
2022-10-17,Normal,3.8064861947371153e-10,HMM
2022-10-18,Normal,3.665296944990652e-10,HMM
2022-10-19,Normal,3.498654810186979e-10,HMM
2022-10-20,Normal,3.499267549392933e-10,HMM
2022-10-21,Normal,3.506889592787171e-10,HMM
2022-10-24,Normal,6.226142881799262e-10,HMM
2022-10-25,Normal,6.724997171968807e-10,HMM
2022-10-26,Normal,7.882776511959563e-10,HMM
2022-10-27,Normal,9.376335251865647e-10,HMM
2022-10-28,Normal,9.392022341965327e-10,HMM
2022-10-31,Normal,9.139390690720175e-10,HMM
2022-11-01,Normal,9.160260385929862e-10,HMM
2022-11-02,Normal,1.035823573745969e-9,HMM
2022-11-03,Normal,1.0288526134799063e-9,HMM
2022-11-04,Normal,8.268501125879338e-10,HMM
2022-11-07,Normal,9.443510185811284e-10,HMM
2022-11-08,Normal,8.737198509796398e-10,HMM
2022-11-09,Normal,7.598084615372516e-10,HMM
2022-11-10,Normal,7.745942332135402e-10,HMM
2022-11-11,Normal,7.592494134875035e-10,HMM
2022-11-14,Normal,7.711802611923578e-10,HMM
2022-11-15,Normal,7.868950756376604e-10,HMM
2022-11-16,Normal,7.847361269726216e-10,HMM
2022-11-17,Normal,7.914655712937198e-10,HMM
2022-11-18,Normal,7.45287030739693e-10,HMM
2022-11-21,Normal,7.457116941633252e-10,HMM
2022-11-22,Normal,7.444998793126704e-10,HMM
2022-11-23,Normal,6.735858155308204e-10,HMM
2022-11-24,Normal,6.951094394124994e-10,HMM
2022-11-25,Normal,6.853000301622078e-10,HMM
2022-11-28,Normal,6.908666291786781e-10,HMM
2022-11-29,Normal,6.968748934999083e-10,HMM
2022-11-30,Normal,6.5282070683367e-10,HMM
2022-12-01,Normal,6.57539873239129e-10,HMM
2022-12-02,Normal,6.5388082394137e-10,HMM
2022-12-05,Normal,8.01074251378755e-10,HMM
2022-12-06,Normal,7.200524459885427e-10,HMM
2022-12-07,Normal,7.009941712706488e-10,HMM
2022-12-08,Normal,7.773070075370232e-10,HMM
2022-12-09,Normal,8.073232452534901e-10,HMM
2022-12-12,Normal,8.147243094969849e-10,HMM
2022-12-13,Normal,7.306902588759917e-10,HMM
2022-12-14,Normal,5.776810215880901e-10,HMM
2022-12-15,Normal,5.855966017719856e-10,HMM
2022-12-16,Normal,5.664794616662737e-10,HMM
2022-12-19,Normal,5.52832257165736e-10,HMM
2022-12-20,Normal,5.200143432474294e-10,HMM
2022-12-21,Normal,5.098535605574878e-10,HMM
2022-12-22,Normal,5.549101030737824e-10,HMM
2022-12-23,Normal,4.660149790016325e-10,HMM
2022-12-28,Normal,4.962381372709383e-10,HMM
2022-12-29,Normal,4.926813328635133e-10,HMM
2022-12-30,Normal,4.621292630199015e-10,HMM
2023-01-03,Normal,4.674393275673171e-10,HMM
2023-01-04,Normal,3.2092140646972435e-10,HMM
2023-01-05,Normal,3.023064982939694e-10,HMM
2023-01-06,Normal,3.4005065977689685e-10,HMM
2023-01-09,Normal,3.913731478278439e-10,HMM
2023-01-10,Normal,4.4451734112560124e-10,HMM
2023-01-11,Normal,4.062714310001708e-10,HMM
2023-01-12,Normal,3.965498472491181e-10,HMM
2023-01-13,Normal,4.089804597782569e-10,HMM
2023-01-16,Normal,4.318781103339465e-10,HMM
2023-01-17,Normal,4.908744207473477e-10,HMM
2023-01-18,Normal,4.966827000671925e-10,HMM
2023-01-19,Normal,5.336777306149235e-10,HMM
2023-01-20,Normal,5.253939010014248e-10,HMM
2023-01-23,Normal,5.891632370323458e-10,HMM
2023-01-24,Normal,5.309573933025404e-10,HMM
2023-01-25,Normal,5.377752477946637e-10,HMM
2023-01-26,Normal,6.03780671243571e-10,HMM
2023-01-27,Normal,6.007882211330647e-10,HMM
2023-01-30,Normal,6.059138410288368e-10,HMM
2023-01-31,Normal,6.131788044503728e-10,HMM
2023-02-01,Normal,6.453603087616067e-10,HMM
2023-02-02,Normal,1.0677535346965987e-9,HMM
2023-02-03,Normal,1.0274829315429928e-9,HMM
2023-02-06,Normal,9.869107585208143e-10,HMM
2023-02-07,Normal,9.113262310871508e-10,HMM
2023-02-08,Normal,9.034108306143275e-10,HMM
2023-02-09,Normal,1.015420117379736e-9,HMM
2023-02-10,Normal,9.86436869299194e-10,HMM
2023-02-13,Normal,9.93211397540338e-10,HMM
2023-02-14,Normal,9.85386258070352e-10,HMM
2023-02-15,Normal,1.023761277825046e-9,HMM
2023-02-16,Normal,1.0292477352839032e-9,HMM
2023-02-17,Normal,1.002541797412609e-9,HMM
2023-02-20,Normal,1.0612619339153248e-9,HMM
2023-02-21,Normal,1.0692717921293038e-9,HMM
2023-02-22,Normal,1.0309690376927042e-9,HMM
2023-02-23,Normal,8.870791006222723e-10,HMM
2023-02-24,Normal,9.141344534084531e-10,HMM
2023-02-27,Normal,9.090939464097596e-10,HMM
2023-02-28,Normal,8.375558271018601e-10,HMM
2023-03-01,Normal,8.655964872888445e-10,HMM
2023-03-02,Normal,9.214829648156577e-10,HMM
2023-03-03,Normal,9.16236442366676e-10,HMM
2023-03-06,Normal,9.92458048197692e-10,HMM
2023-03-07,Normal,8.760199472953073e-10,HMM
2023-03-08,Normal,9.627664101615956e-10,HMM
2023-03-09,Normal,9.758963258980263e-10,HMM
2023-03-10,Normal,9.461286104136721e-10,HMM
2023-03-13,Normal,9.174082489307827e-10,HMM
2023-03-14,Normal,8.154254969385549e-10,HMM
2023-03-15,Normal,7.508446622405949e-10,HMM
2023-03-16,Normal,7.436481495200095e-10,HMM
2023-03-17,Normal,7.03734325397491e-10,HMM
2023-03-20,Normal,6.667011792993478e-10,HMM
2023-03-21,Normal,5.774134831255066e-10,HMM
2023-03-22,Normal,5.478113526018971e-10,HMM
2023-03-23,Normal,5.745608153294587e-10,HMM
2023-03-24,Normal,6.681474728960586e-10,HMM
2023-03-27,Normal,5.154924143554389e-10,HMM
2023-03-28,Normal,5.010165264841417e-10,HMM
2023-03-29,Normal,5.432905636315423e-10,HMM
2023-03-30,Normal,5.334886507793807e-10,HMM
2023-03-31,Normal,5.2857378322525e-10,HMM
2023-04-03,Normal,2.432739024436937e-10,HMM
2023-04-04,Normal,2.4322509786567264e-10,HMM
2023-04-05,Normal,2.77095691123655e-10,HMM
2023-04-06,Normal,2.820660813161472e-10,HMM
2023-04-11,Normal,2.902866552477287e-10,HMM
2023-04-12,Normal,2.933403639765348e-10,HMM
2023-04-13,Normal,3.174785620294178e-10,HMM
2023-04-14,Normal,3.8689336652531184e-10,HMM
2023-04-17,Normal,4.2633773234708303e-10,HMM
2023-04-18,Normal,4.4970086788206624e-10,HMM
2023-04-19,Normal,5.217825717517266e-10,HMM
2023-04-20,Normal,4.698485839456521e-10,HMM
2023-04-21,Normal,5.081495008389546e-10,HMM
2023-04-24,Normal,5.153862979025743e-10,HMM
2023-04-25,Normal,5.095052243149619e-10,HMM
2023-04-26,Normal,4.308867453027819e-10,HMM
2023-04-27,Normal,5.153177147458511e-10,HMM
2023-04-28,Normal,5.176902406791268e-10,HMM
2023-05-02,Normal,3.543892334777261e-10,HMM
2023-05-03,Normal,2.7906337817007055e-10,HMM
2023-05-04,Normal,2.8353848128046436e-10,HMM
2023-05-05,Normal,5.584423422616641e-10,HMM
2023-05-09,Normal,5.022659702684594e-10,HMM
2023-05-10,Normal,5.004147631257273e-10,HMM
2023-05-11,Normal,5.022833910916262e-10,HMM
2023-05-12,Normal,5.160493215670755e-10,HMM
2023-05-15,Normal,5.13722461397787e-10,HMM
2023-05-16,Normal,5.245947183380423e-10,HMM
2023-05-17,Normal,4.836262422829667e-10,HMM
2023-05-18,Normal,4.880914603910568e-10,HMM
2023-05-19,Normal,4.888521202427429e-10,HMM
2023-05-22,Normal,4.838241449093406e-10,HMM
2023-05-23,Normal,4.904812658103933e-10,HMM
2023-05-24,Normal,4.675672394015272e-10,HMM
2023-05-25,Normal,4.4237928021525e-10,HMM
2023-05-26,Normal,4.5671763981829616e-10,HMM
2023-05-30,Normal,4.4651765974344103e-10,HMM
2023-05-31,Normal,4.4753998421750086e-10,HMM
2023-06-01,Normal,4.058652694614578e-10,HMM
2023-06-02,Normal,5.291310845384501e-10,HMM
2023-06-05,Normal,7.173345008975483e-10,HMM
2023-06-06,Normal,7.125172042712218e-10,HMM
2023-06-07,Normal,8.438064285122825e-10,HMM
2023-06-08,Normal,8.969462389965501e-10,HMM
2023-06-09,Normal,8.927339422919283e-10,HMM
2023-06-12,Normal,7.720926278972875e-10,HMM
2023-06-13,Normal,6.712875960363106e-10,HMM
2023-06-14,Normal,6.751362620028299e-10,HMM
2023-06-15,Normal,5.957942593855922e-10,HMM
2023-06-16,Normal,6.257034289698572e-10,HMM
2023-06-19,Normal,6.396847788841175e-10,HMM
2023-06-20,Normal,6.399792751021649e-10,HMM
2023-06-21,Normal,6.257419033442668e-10,HMM
2023-06-22,Normal,5.32705844480025e-10,HMM
2023-06-23,Normal,5.563031559642053e-10,HMM
2023-06-26,Normal,6.091845585083573e-10,HMM
2023-06-27,Normal,5.727508077685803e-10,HMM
2023-06-28,Normal,6.270409979487893e-10,HMM
2023-06-29,Normal,6.57804432953455e-10,HMM
2023-06-30,Normal,7.267637915905072e-10,HMM
2023-07-03,Normal,7.837218107146586e-10,HMM
2023-07-04,Normal,7.390595654719403e-10,HMM
2023-07-05,Normal,7.37864431020051e-10,HMM
2023-07-06,Normal,7.436005215620303e-10,HMM
2023-07-07,Normal,7.017188912451044e-10,HMM
2023-07-10,Normal,7.100244811719223e-10,HMM
2023-07-11,Normal,8.561720214800701e-10,HMM
2023-07-12,Normal,9.525930629650824e-10,HMM
2023-07-13,Normal,9.772566552015908e-10,HMM
2023-07-14,Normal,1.0229429563950275e-9,HMM
2023-07-17,Normal,9.402566518426825e-10,HMM
2023-07-18,Normal,9.01564583234943e-10,HMM
2023-07-19,Normal,9.039181800095777e-10,HMM
2023-07-20,Normal,9.2300262880787e-10,HMM
2023-07-21,Normal,1.1293654670840292e-9,HMM
2023-07-24,Normal,1.118924311187502e-9,HMM
2023-07-25,Normal,1.1148778890007066e-9,HMM
2023-07-26,Normal,1.2697997729100664e-9,HMM
2023-07-27,Normal,1.3120732224304774e-9,HMM
2023-07-28,Normal,1.3113828737583741e-9,HMM
2023-07-31,Normal,1.3115129511522004e-9,HMM
2023-08-01,Normal,1.314216910616112e-9,HMM
2023-08-02,Normal,1.2866238895019084e-9,HMM
2023-08-03,Normal,1.2128082222948358e-9,HMM
2023-08-04,Normal,1.2091507512418429e-9,HMM
2023-08-07,Normal,1.2430387694130705e-9,HMM
2023-08-08,Normal,1.2674647902155874e-9,HMM
2023-08-09,Normal,1.2994114569379685e-9,HMM
2023-08-10,Normal,1.1900077076859116e-9,HMM
2023-08-11,Normal,1.1998678391704365e-9,HMM
2023-08-14,Normal,1.2601679391702912e-9,HMM
2023-08-15,Normal,1.3812259374209248e-9,HMM
2023-08-16,Normal,1.3284589610288602e-9,HMM
2023-08-17,Normal,1.3276312500854567e-9,HMM
2023-08-18,Normal,1.3241321417114864e-9,HMM
2023-08-21,Normal,1.351738002853771e-9,HMM
2023-08-22,Normal,1.380654783938782e-9,HMM
2023-08-23,Normal,1.3831209928703934e-9,HMM
2023-08-24,Normal,1.3907444974166472e-9,HMM
2023-08-25,Normal,1.3883847617651381e-9,HMM
2023-08-29,Normal,1.3684340759051884e-9,HMM
2023-08-30,Normal,1.3791630571338678e-9,HMM
2023-08-31,Normal,1.370336066181039e-9,HMM
2023-09-01,Normal,1.277981262067923e-9,HMM
2023-09-04,Normal,1.376627364003054e-9,HMM
2023-09-05,Normal,1.3935481181491934e-9,HMM
2023-09-06,Normal,1.4252598598487098e-9,HMM
2023-09-07,Normal,1.456863445162036e-9,HMM
2023-09-08,Normal,1.4873332473117572e-9,HMM
2023-09-11,Normal,1.6088641471730954e-9,HMM
2023-09-12,Normal,1.5584204017037315e-9,HMM
2023-09-13,Normal,1.5595003011232994e-9,HMM
2023-09-14,Normal,1.537772429475337e-9,HMM
2023-09-15,Normal,1.7070606147722588e-9,HMM
2023-09-18,Normal,1.708890947525089e-9,HMM
2023-09-19,Normal,1.7063901348654868e-9,HMM
2023-09-20,Normal,1.618691613201901e-9,HMM
2023-09-21,Normal,1.615721168021713e-9,HMM
2023-09-22,Normal,1.665494838701035e-9,HMM
2023-09-25,Normal,1.6623369091815072e-9,HMM
2023-09-26,Normal,1.6938713459253696e-9,HMM
2023-09-27,Normal,1.572525643726869e-9,HMM
2023-09-28,Normal,1.549540154716536e-9,HMM
2023-09-29,Normal,1.5127857830264979e-9,HMM
2023-10-02,Normal,1.1696718874472692e-9,HMM
2023-10-03,Normal,1.0037884715743035e-9,HMM
2023-10-04,Normal,7.428179078471496e-10,HMM
2023-10-05,Normal,1.7807435982358965e-6,HMM
2023-10-06,Crisis,1.0,HMM
2023-10-09,Crisis,1.0,HMM
2023-10-10,Crisis,1.0,HMM
2023-10-11,Crisis,1.0,HMM
2023-10-12,Crisis,1.0,HMM
2023-10-13,Crisis,1.0,HMM
2023-10-16,Crisis,1.0,HMM
2023-10-17,Crisis,1.0,HMM
2023-10-18,Crisis,1.0,HMM
2023-10-19,Crisis,1.0,HMM
2023-10-20,Crisis,1.0,HMM
2023-10-23,Crisis,1.0,HMM
2023-10-24,Normal,5.646935227706225e-7,HMM
2023-10-25,Normal,2.1273751692727996e-10,HMM
2023-10-26,Normal,2.2958867912576208e-10,HMM
2023-10-27,Normal,2.091127839184328e-10,HMM
2023-10-30,Normal,2.097431420919014e-10,HMM
2023-10-31,Normal,2.210602740900254e-10,HMM
2023-11-01,Normal,2.600432101687236e-10,HMM
2023-11-02,Normal,3.098373607037845e-10,HMM
2023-11-03,Normal,3.1071564330182584e-10,HMM
2023-11-06,Normal,3.1125188991304887e-10,HMM
2023-11-07,Normal,3.0942623021121084e-10,HMM
2023-11-08,Normal,2.9698826141320295e-10,HMM
2023-11-09,Normal,3.282267217205034e-10,HMM
2023-11-10,Normal,3.088179726039882e-10,HMM
2023-11-13,Normal,5.467475148500027e-10,HMM
2023-11-14,Normal,6.113527453953465e-10,HMM
2023-11-15,Normal,6.231396944637098e-10,HMM
2023-11-16,Normal,4.6222870104578296e-10,HMM
2023-11-17,Normal,3.5370343671600234e-10,HMM
2023-11-20,Normal,3.2308115082134924e-10,HMM
2023-11-21,Normal,3.300949958236609e-10,HMM
2023-11-22,Normal,3.895358365517407e-10,HMM
2023-11-23,Normal,4.2489880622477806e-10,HMM
2023-11-24,Normal,4.314879586101034e-10,HMM
2023-11-27,Normal,4.828338416721022e-10,HMM
2023-11-28,Normal,4.27813574118855e-10,HMM
2023-11-29,Normal,4.925636234162802e-10,HMM
2023-11-30,Normal,4.836566902901684e-10,HMM
2023-12-01,Normal,4.688705100468487e-10,HMM
2023-12-04,Normal,4.756149930657656e-10,HMM
2023-12-05,Normal,4.73924603914803e-10,HMM
2023-12-06,Normal,5.001459607799979e-10,HMM
2023-12-07,Normal,5.211562264612913e-10,HMM
2023-12-08,Normal,4.811634129816451e-10,HMM
2023-12-11,Normal,5.25270338446337e-10,HMM
2023-12-12,Normal,5.148462737703349e-10,HMM
2023-12-13,Normal,5.155719481873987e-10,HMM
2023-12-14,Normal,4.271308803045603e-10,HMM
2023-12-15,Normal,6.108802873668848e-10,HMM
2023-12-18,Normal,7.181159822089173e-10,HMM
2023-12-19,Normal,7.661827956989338e-10,HMM
2023-12-20,Normal,7.456403895249034e-10,HMM
2023-12-21,Normal,7.493264189957451e-10,HMM
2023-12-22,Normal,7.570224148587549e-10,HMM
2023-12-27,Normal,7.657526003004232e-10,HMM
2023-12-28,Normal,7.140496037999313e-10,HMM
2023-12-29,Normal,7.644362386389886e-10,HMM
2024-01-02,Normal,7.761377678121678e-10,HMM
2024-01-03,Normal,7.668960353030623e-10,HMM
2024-01-04,Normal,8.632126822380276e-10,HMM
2024-01-05,Normal,7.514866282896099e-10,HMM
2024-01-08,Normal,6.512309605159545e-10,HMM
2024-01-09,Normal,6.919099513940829e-10,HMM
2024-01-10,Normal,1.7039630359289929e-6,HMM
2024-01-11,Crisis,1.0,HMM
2024-01-12,Crisis,1.0,HMM
2024-01-15,Crisis,1.0,HMM
2024-01-16,Crisis,1.0,HMM
2024-01-17,Crisis,1.0,HMM
2024-01-18,Crisis,1.0,HMM
2024-01-19,Crisis,1.0,HMM
2024-01-22,Crisis,1.0,HMM
2024-01-23,Crisis,1.0,HMM
2024-01-24,Crisis,1.0,HMM
2024-01-25,Crisis,1.0,HMM
2024-01-26,Crisis,1.0,HMM
2024-01-29,Normal,2.319167438352808e-6,HMM
2024-01-30,Normal,9.964142915689093e-10,HMM
2024-01-31,Normal,1.0165953624445968e-9,HMM
2024-02-01,Normal,1.0040155232071316e-9,HMM
2024-02-02,Normal,9.053402922158028e-10,HMM
2024-02-05,Normal,1.0275060143944252e-9,HMM
2024-02-06,Normal,1.2224515536639505e-9,HMM
2024-02-07,Normal,1.3848292145879706e-9,HMM
2024-02-08,Normal,1.3103492897567273e-9,HMM
2024-02-09,Normal,1.3818629292349692e-9,HMM
2024-02-12,Normal,1.3891496428632414e-9,HMM
2024-02-13,Normal,1.382188751800167e-9,HMM
2024-02-14,Normal,1.3749824098881976e-9,HMM
2024-02-15,Normal,1.443286640453139e-9,HMM
2024-02-16,Normal,1.5757263226283143e-9,HMM
2024-02-19,Normal,1.580247458357778e-9,HMM
2024-02-20,Normal,1.5750522052243457e-9,HMM
2024-02-21,Normal,1.5756578174408162e-9,HMM
2024-02-22,Normal,1.5485862225878003e-9,HMM
2024-02-23,Normal,1.4509948666090946e-9,HMM
2024-02-26,Normal,1.4774892125886481e-9,HMM
2024-02-27,Normal,1.4884548244717518e-9,HMM
2024-02-28,Normal,1.4867083246982069e-9,HMM
2024-02-29,Normal,1.5259875872451786e-9,HMM
2024-03-01,Normal,1.5515511354726077e-9,HMM
2024-03-04,Normal,1.7914533969915661e-9,HMM
2024-03-05,Normal,1.7585116532877808e-9,HMM
2024-03-06,Normal,1.7850834456846567e-9,HMM
2024-03-07,Normal,1.6547674155807592e-9,HMM
2024-03-08,Normal,1.7557297791796595e-9,HMM
2024-03-11,Normal,1.7367827255794548e-9,HMM
2024-03-12,Normal,1.7384711146601162e-9,HMM
2024-03-13,Normal,1.764366359949387e-9,HMM
2024-03-14,Normal,1.5904532207671634e-9,HMM
2024-03-15,Normal,1.5682688490057864e-9,HMM
2024-03-18,Normal,1.5430677102009748e-9,HMM
2024-03-19,Normal,1.533051904516631e-9,HMM
2024-03-20,Normal,1.4723964105285777e-9,HMM
2024-03-21,Normal,1.4497806284570288e-9,HMM
2024-03-22,Normal,1.484809965009241e-9,HMM
2024-03-25,Normal,1.5205599921948856e-9,HMM
2024-03-26,Normal,1.5186776998974137e-9,HMM
2024-03-27,Normal,1.4880705861324998e-9,HMM
2024-03-28,Normal,1.4500473660246666e-9,HMM
2024-04-02,Normal,1.4047117269858093e-9,HMM
2024-04-03,Normal,1.2236674917275131e-9,HMM
2024-04-04,Normal,1.2741282048501961e-9,HMM
2024-04-05,Normal,1.1950677886123584e-9,HMM
2024-04-08,Normal,1.164198503067882e-9,HMM
2024-04-09,Normal,1.252650084786943e-9,HMM
2024-04-10,Normal,1.2558369124218551e-9,HMM
2024-04-11,Normal,1.287503558280986e-9,HMM
2024-04-12,Normal,1.2586965597018055e-9,HMM
2024-04-15,Normal,1.1227026986984227e-9,HMM
2024-04-16,Normal,1.2050293700911783e-9,HMM
2024-04-17,Normal,1.1506005646107376e-9,HMM
2024-04-18,Normal,1.1335434820984546e-9,HMM
2024-04-19,Normal,1.1433780532963553e-9,HMM
2024-04-22,Normal,1.189030994842035e-9,HMM
2024-04-23,Normal,1.1941431505199282e-9,HMM
2024-04-24,Normal,1.1893660470247068e-9,HMM
2024-04-25,Normal,1.195869546154136e-9,HMM
2024-04-26,Normal,1.1410103032190394e-9,HMM
2024-04-29,Normal,1.114111273873013e-9,HMM
2024-04-30,Normal,1.1364816766737651e-9,HMM
2024-05-01,Normal,8.259858079030532e-10,HMM
2024-05-02,Normal,9.39700550385281e-10,HMM
2024-05-03,Normal,9.251984315133935e-10,HMM
2024-05-07,Normal,1.0509321547363604e-9,HMM
2024-05-08,Normal,1.056154508443777e-9,HMM
2024-05-09,Normal,1.0372885694768563e-9,HMM
2024-05-10,Normal,1.0328630955003753e-9,HMM
2024-05-13,Normal,1.0340442016749586e-9,HMM
2024-05-14,Normal,1.0489590485940692e-9,HMM
2024-05-15,Normal,1.0904127818862e-9,HMM
2024-05-16,Normal,1.0093084190730545e-9,HMM
2024-05-17,Normal,1.0193797301566973e-9,HMM
2024-05-20,Normal,1.032048946480334e-9,HMM
2024-05-21,Normal,1.0289232383981965e-9,HMM
2024-05-22,Normal,1.010238804567046e-9,HMM
2024-05-23,Normal,1.0423098431928442e-9,HMM
2024-05-24,Normal,1.067665893014921e-9,HMM
2024-05-28,Normal,9.123750845369473e-10,HMM
2024-05-29,Normal,9.846493521324566e-10,HMM
2024-05-30,Normal,1.0039186132623923e-9,HMM
2024-05-31,Normal,9.519015911507886e-10,HMM
2024-06-03,Normal,1.1263018397155525e-9,HMM
2024-06-04,Normal,1.1724799190463273e-9,HMM
2024-06-05,Normal,1.1795666577506073e-9,HMM
2024-06-06,Normal,1.0260396981767215e-9,HMM
2024-06-07,Normal,1.0150459384266303e-9,HMM
2024-06-10,Normal,9.773208070192906e-10,HMM
2024-06-11,Normal,9.687184959142297e-10,HMM
2024-06-12,Normal,9.640583403687022e-10,HMM
2024-06-13,Normal,1.0312768802783956e-9,HMM
2024-06-14,Normal,1.0555121839072217e-9,HMM
2024-06-17,Normal,1.0956983162361214e-9,HMM
2024-06-18,Normal,9.984944141599347e-10,HMM
2024-06-19,Normal,9.94584844584604e-10,HMM
2024-06-20,Normal,1.0102060596066136e-9,HMM
2024-06-21,Normal,1.0615268396595568e-9,HMM
2024-06-24,Normal,1.0829225218355393e-9,HMM
2024-06-25,Normal,1.091736047558613e-9,HMM
2024-06-26,Normal,1.1643940700564469e-9,HMM
2024-06-27,Normal,1.1438965739666296e-9,HMM
2024-06-28,Normal,1.1467363435579608e-9,HMM
2024-07-01,Normal,1.2572005032569355e-9,HMM
2024-07-02,Normal,1.5921482198497491e-9,HMM
2024-07-03,Normal,1.7002654608560676e-9,HMM
2024-07-04,Normal,1.700116973740799e-9,HMM
2024-07-05,Normal,1.8404393229720033e-9,HMM
2024-07-08,Normal,1.6903364717232434e-9,HMM
2024-07-09,Normal,1.7034639251709483e-9,HMM
2024-07-10,Normal,1.703661805723938e-9,HMM
2024-07-11,Normal,1.698995045676302e-9,HMM
2024-07-12,Normal,1.7048066087998664e-9,HMM
2024-07-15,Normal,1.6563074743299015e-9,HMM
2024-07-16,Normal,1.6781191378392236e-9,HMM
2024-07-17,Normal,1.8496713034851157e-9,HMM
2024-07-18,Normal,1.869410991039678e-9,HMM
2024-07-19,Normal,1.8246630053572105e-9,HMM
2024-07-22,Normal,1.7271364331458898e-9,HMM
2024-07-23,Normal,1.6919979419039728e-9,HMM
2024-07-24,Normal,1.655568717535785e-9,HMM
2024-07-25,Normal,1.6798818978215342e-9,HMM
2024-07-26,Normal,1.7150188389520738e-9,HMM
2024-07-29,Normal,1.7252077196836428e-9,HMM
2024-07-30,Normal,1.6532227228298745e-9,HMM
2024-07-31,Normal,1.5577201306409449e-9,HMM
2024-08-01,Normal,1.5575642318576572e-9,HMM
2024-08-02,Normal,1.3429877105029211e-9,HMM
2024-08-05,Normal,1.356142844419592e-9,HMM
2024-08-06,Normal,1.3735758195821105e-9,HMM
2024-08-07,Normal,1.2437356727274862e-9,HMM
2024-08-08,Normal,1.0496311719666298e-9,HMM
2024-08-09,Normal,1.0438656486772938e-9,HMM
2024-08-12,Normal,9.679935719428048e-10,HMM
2024-08-13,Normal,9.745444606356596e-10,HMM
2024-08-14,Normal,9.762851385249585e-10,HMM
2024-08-15,Normal,9.618244107424325e-10,HMM
2024-08-16,Normal,9.360311392207709e-10,HMM
2024-08-19,Normal,9.46841769504867e-10,HMM
2024-08-20,Normal,9.102591152254098e-10,HMM
2024-08-21,Normal,9.289328613956302e-10,HMM
2024-08-22,Normal,9.453741288131894e-10,HMM
2024-08-23,Normal,8.93557867626087e-10,HMM
2024-08-27,Normal,8.916888529190782e-10,HMM
2024-08-28,Normal,8.586025050479724e-10,HMM
2024-08-29,Normal,8.718301984622633e-10,HMM
2024-08-30,Normal,9.179884013576194e-10,HMM
2024-09-02,Normal,8.287808075282765e-10,HMM
2024-09-03,Normal,9.426268657496162e-10,HMM
2024-09-04,Normal,8.95656143745954e-10,HMM
2024-09-05,Normal,9.071300026533404e-10,HMM
2024-09-06,Normal,9.260711225257287e-10,HMM
2024-09-09,Normal,1.097169459726102e-9,HMM
2024-09-10,Normal,1.040809691067024e-9,HMM
2024-09-11,Normal,1.183219189755255e-9,HMM
2024-09-12,Normal,7.861558165860112e-10,HMM
2024-09-13,Normal,7.851464624086439e-10,HMM
2024-09-16,Normal,8.045082885457682e-10,HMM
2024-09-17,Normal,8.071630496343934e-10,HMM
2024-09-18,Normal,8.062120693141102e-10,HMM
2024-09-19,Normal,8.216122136220653e-10,HMM
2024-09-20,Normal,8.212420981758806e-10,HMM
2024-09-23,Normal,8.084640726861258e-10,HMM
2024-09-24,Normal,8.541925888630999e-10,HMM
2024-09-25,Normal,8.866400486267769e-10,HMM
2024-09-26,Normal,8.284509362390916e-10,HMM
2024-09-27,Normal,8.672172665203737e-10,HMM
2024-09-30,Normal,8.550268122385601e-10,HMM
2024-10-01,Normal,7.352426364115847e-10,HMM
2024-10-02,Normal,7.579035952290606e-10,HMM
2024-10-03,Normal,6.962077806820822e-10,HMM
2024-10-04,Normal,6.655621743986211e-10,HMM
2024-10-07,Normal,6.681489143477989e-10,HMM
2024-10-08,Normal,5.129009869347647e-10,HMM
2024-10-09,Normal,5.568933699206247e-10,HMM
2024-10-10,Normal,5.171256687040806e-10,HMM
2024-10-11,Normal,6.540459258861376e-10,HMM
2024-10-14,Normal,6.044104491317907e-10,HMM
2024-10-15,Normal,3.810535862817243e-10,HMM
2024-10-16,Normal,3.838792252887612e-10,HMM
2024-10-17,Normal,3.7968769452723736e-10,HMM
2024-10-18,Normal,3.772068251820888e-10,HMM
2024-10-21,Normal,3.739084539131578e-10,HMM
2024-10-22,Normal,3.398465305301361e-10,HMM
2024-10-23,Normal,3.345995368423293e-10,HMM
2024-10-24,Normal,3.336355416956798e-10,HMM
2024-10-25,Normal,3.6193028377026324e-10,HMM
2024-10-28,Normal,2.834526360296814e-10,HMM
2024-10-29,Normal,2.828399198109658e-10,HMM
2024-10-30,Normal,3.0918554569518963e-10,HMM
2024-10-31,Normal,3.1001035116538096e-10,HMM
2024-11-01,Normal,3.6236742771971657e-10,HMM
2024-11-04,Normal,3.72510507104698e-10,HMM
2024-11-05,Normal,3.7962689906693645e-10,HMM
2024-11-06,Normal,4.638311280292168e-10,HMM
2024-11-07,Normal,4.691245440410241e-10,HMM
2024-11-08,Normal,5.06721949519236e-10,HMM
2024-11-11,Normal,4.925361360145934e-10,HMM
2024-11-12,Normal,5.072819878153676e-10,HMM
2024-11-13,Normal,7.704012778710186e-10,HMM
2024-11-14,Normal,7.651486639574777e-10,HMM
2024-11-15,Normal,7.745337586212068e-10,HMM
2024-11-18,Normal,8.092671915373285e-10,HMM
2024-11-19,Normal,8.132016160273314e-10,HMM
2024-11-20,Normal,9.203017284639628e-10,HMM
2024-11-21,Normal,9.244785667901188e-10,HMM
2024-11-22,Normal,9.106575632658038e-10,HMM
2024-11-25,Normal,8.794152760778082e-10,HMM
2024-11-26,Normal,1.222092904835221e-9,HMM
2024-11-27,Normal,1.230486657525467e-9,HMM
2024-11-28,Normal,1.3789960793262126e-9,HMM
2024-11-29,Normal,1.3776288678672174e-9,HMM
2024-12-02,Normal,1.3185300354737115e-9,HMM
2024-12-03,Normal,1.2372524714441482e-9,HMM
2024-12-04,Normal,1.3868904127831746e-9,HMM
2024-12-05,Normal,1.3689533858612886e-9,HMM
2024-12-06,Normal,1.3841908689077854e-9,HMM
2024-12-09,Normal,1.4817077604136083e-9,HMM
2024-12-10,Normal,1.6325833178805015e-9,HMM
2024-12-11,Normal,1.616635568185042e-9,HMM
2024-12-12,Normal,1.5815021513569954e-9,HMM
2024-12-13,Normal,1.517023518300018e-9,HMM
2024-12-16,Normal,1.5000724611302929e-9,HMM
2024-12-17,Normal,1.4817833770725975e-9,HMM
2024-12-18,Normal,1.4021393047056153e-9,HMM
2024-12-19,Normal,1.3781826602581413e-9,HMM
2024-12-20,Normal,1.3924966646657783e-9,HMM
2024-12-23,Normal,1.4062597809941422e-9,HMM
2024-12-24,Normal,1.4240752834639739e-9,HMM
2024-12-27,Normal,1.424476362208777e-9,HMM
2024-12-30,Normal,1.4314142011784042e-9,HMM
2024-12-31,Normal,1.564196657587732e-8,HMM
